id_compra,id_proveedor,id_sucursal,numero_factura_proveedor,fecha_compra,subtotal,impuesto,total_pagado,creado_en,modificado_en,creado_por,modificado_por
1798,45,3,FAC-PROV-2026-00001798,2026-06-02 02:38:07.855417-05,2488.27,373.24,2861.51,2026-07-17 19:22:27.718562-05,2026-07-17 19:22:27.718562-05,script_generator,
1489,45,3,FAC-PROV-2026-00001489,2025-05-31 12:13:10.897468-05,1269.36,190.40,1459.76,2026-07-17 19:22:27.718562-05,2026-07-17 19:22:27.718562-05,script_generator,
1269,45,3,FAC-PROV-2026-00001269,2025-12-05 06:50:11.942528-05,2297.25,344.59,2641.83,2026-07-17 19:22:27.718562-05,2026-07-17 19:22:27.718562-05,script_generator,
652,45,3,FAC-PROV-2026-00000652,2025-08-15 16:45:50.570796-05,2091.87,313.78,2405.65,2026-07-17 19:22:27.718562-05,2026-07-17 19:22:27.718562-05,script_generator,
273,45,3,FAC-PROV-2026-00000273,2024-09-28 17:19:06.611439-05,1569.83,235.47,1805.30,2026-07-17 19:22:27.718562-05,2026-07-17 19:22:27.718562-05,script_generator,
1560,45,3,FAC-PROV-2026-00001560,2025-11-26 20:04:48.3993-05,2032.34,304.85,2337.20,2026-07-17 19:22:27.718562-05,2026-07-17 19:22:27.718562-05,script_generator,
51,45,3,FAC-PROV-2026-00000051,2025-07-31 06:01:43.069897-05,2068.99,310.35,2379.34,2026-07-17 19:22:27.718562-05,2026-07-17 19:22:27.718562-05,script_generator,
951,45,3,FAC-PROV-2026-00000951,2025-07-20 20:56:03.862904-05,1568.12,235.22,1803.34,2026-07-17 19:22:27.718562-05,2026-07-17 19:22:27.718562-05,script_generator,
1898,45,3,FAC-PROV-2026-00001898,2026-04-29 22:27:57.783596-05,1150.17,172.53,1322.70,2026-07-17 19:22:27.718562-05,2026-07-17 19:22:27.718562-05,script_generator,
70,45,3,FAC-PROV-2026-00000070,2025-10-09 04:57:03.984545-05,1898.54,284.78,2183.32,2026-07-17 19:22:27.718562-05,2026-07-17 19:22:27.718562-05,script_generator,
350,45,3,FAC-PROV-2026-00000350,2025-08-16 01:43:23.650441-05,2610.97,391.65,3002.62,2026-07-17 19:22:27.718562-05,2026-07-17 19:22:27.718562-05,script_generator,
758,45,3,FAC-PROV-2026-00000758,2025-03-18 08:05:30.568372-05,1082.28,162.34,1244.62,2026-07-17 19:22:27.718562-05,2026-07-17 19:22:27.718562-05,script_generator,
1750,45,3,FAC-PROV-2026-00001750,2026-04-28 20:38:15.799321-05,2695.44,404.32,3099.76,2026-07-17 19:22:27.718562-05,2026-07-17 19:22:27.718562-05,script_generator,
1136,45,3,FAC-PROV-2026-00001136,2024-09-10 20:07:28.699776-05,802.29,120.34,922.64,2026-07-17 19:22:27.718562-05,2026-07-17 19:22:27.718562-05,script_generator,
176,45,3,FAC-PROV-2026-00000176,2025-10-08 04:03:52.081705-05,2538.71,380.81,2919.51,2026-07-17 19:22:27.718562-05,2026-07-17 19:22:27.718562-05,script_generator,
576,45,3,FAC-PROV-2026-00000576,2024-10-17 04:36:52.166057-05,1161.62,174.24,1335.87,2026-07-17 19:22:27.718562-05,2026-07-17 19:22:27.718562-05,script_generator,
1831,45,3,FAC-PROV-2026-00001831,2024-11-12 02:53:31.783309-05,2816.30,422.44,3238.74,2026-07-17 19:22:27.718562-05,2026-07-17 19:22:27.718562-05,script_generator,
1003,45,3,FAC-PROV-2026-00001003,2025-08-19 03:51:10.140164-05,684.30,102.65,786.95,2026-07-17 19:22:27.718562-05,2026-07-17 19:22:27.718562-05,script_generator,
292,45,3,FAC-PROV-2026-00000292,2025-06-09 23:03:20.052525-05,962.11,144.32,1106.42,2026-07-17 19:22:27.718562-05,2026-07-17 19:22:27.718562-05,script_generator,
1331,45,3,FAC-PROV-2026-00001331,2025-10-21 06:17:30.082515-05,1339.70,200.96,1540.66,2026-07-17 19:22:27.718562-05,2026-07-17 19:22:27.718562-05,script_generator,
929,45,3,FAC-PROV-2026-00000929,2024-06-02 04:56:51.34227-05,2721.91,408.29,3130.20,2026-07-17 19:22:27.718562-05,2026-07-17 19:22:27.718562-05,script_generator,
663,45,3,FAC-PROV-2026-00000663,2026-01-03 21:20:23.894082-05,1241.96,186.29,1428.26,2026-07-17 19:22:27.718562-05,2026-07-17 19:22:27.718562-05,script_generator,
1552,45,3,FAC-PROV-2026-00001552,2024-11-24 07:04:02.221041-05,2798.50,419.77,3218.27,2026-07-17 19:22:27.718562-05,2026-07-17 19:22:27.718562-05,script_generator,
1589,45,3,FAC-PROV-2026-00001589,2026-05-06 04:04:19.817239-05,1061.85,159.28,1221.13,2026-07-17 19:22:27.718562-05,2026-07-17 19:22:27.718562-05,script_generator,
1493,45,3,FAC-PROV-2026-00001493,2024-05-11 17:45:26.197829-05,2588.65,388.30,2976.95,2026-07-17 19:22:27.718562-05,2026-07-17 19:22:27.718562-05,script_generator,
1811,45,3,FAC-PROV-2026-00001811,2024-05-27 11:59:24.216659-05,1367.86,205.18,1573.04,2026-07-17 19:22:27.718562-05,2026-07-17 19:22:27.718562-05,script_generator,
1373,45,3,FAC-PROV-2026-00001373,2024-01-10 16:37:53.424904-05,1541.39,231.21,1772.60,2026-07-17 19:22:27.718562-05,2026-07-17 19:22:27.718562-05,script_generator,
764,45,3,FAC-PROV-2026-00000764,2026-03-18 13:06:08.157977-05,1856.15,278.42,2134.57,2026-07-17 19:22:27.718562-05,2026-07-17 19:22:27.718562-05,script_generator,
556,45,3,FAC-PROV-2026-00000556,2026-06-15 11:27:11.873983-05,1221.01,183.15,1404.16,2026-07-17 19:22:27.718562-05,2026-07-17 19:22:27.718562-05,script_generator,
1268,45,3,FAC-PROV-2026-00001268,2026-03-25 16:38:02.171352-05,2255.74,338.36,2594.10,2026-07-17 19:22:27.718562-05,2026-07-17 19:22:27.718562-05,script_generator,
638,45,3,FAC-PROV-2026-00000638,2025-05-06 20:40:41.429546-05,2016.70,302.51,2319.21,2026-07-17 19:22:27.718562-05,2026-07-17 19:22:27.718562-05,script_generator,
940,45,3,FAC-PROV-2026-00000940,2026-02-01 09:47:56.161236-05,2524.43,378.66,2903.10,2026-07-17 19:22:27.718562-05,2026-07-17 19:22:27.718562-05,script_generator,
173,45,3,FAC-PROV-2026-00000173,2025-11-01 13:32:00.761551-05,1745.76,261.86,2007.62,2026-07-17 19:22:27.718562-05,2026-07-17 19:22:27.718562-05,script_generator,
1963,45,3,FAC-PROV-2026-00001963,2024-12-22 19:26:19.850683-05,2202.17,330.33,2532.50,2026-07-17 19:22:27.718562-05,2026-07-17 19:22:27.718562-05,script_generator,
42,45,3,FAC-PROV-2026-00000042,2024-08-21 05:32:46.456222-05,825.43,123.81,949.24,2026-07-17 19:22:27.718562-05,2026-07-17 19:22:27.718562-05,script_generator,
876,45,3,FAC-PROV-2026-00000876,2025-11-19 07:19:31.704778-05,1189.98,178.50,1368.47,2026-07-17 19:22:27.718562-05,2026-07-17 19:22:27.718562-05,script_generator,
161,45,3,FAC-PROV-2026-00000161,2026-05-25 12:53:52.176568-05,1781.29,267.19,2048.49,2026-07-17 19:22:27.718562-05,2026-07-17 19:22:27.718562-05,script_generator,
113,45,3,FAC-PROV-2026-00000113,2025-11-01 18:39:13.376004-05,1334.43,200.16,1534.59,2026-07-17 19:22:27.718562-05,2026-07-17 19:22:27.718562-05,script_generator,
1742,45,3,FAC-PROV-2026-00001742,2026-05-23 09:51:54.26409-05,1568.20,235.23,1803.43,2026-07-17 19:22:27.718562-05,2026-07-17 19:22:27.718562-05,script_generator,
1595,45,3,FAC-PROV-2026-00001595,2026-07-10 04:10:00.221914-05,1187.63,178.14,1365.78,2026-07-17 19:22:27.718562-05,2026-07-17 19:22:27.718562-05,script_generator,
1372,45,3,FAC-PROV-2026-00001372,2026-05-02 01:31:12.714771-05,1397.29,209.59,1606.89,2026-07-17 19:22:27.718562-05,2026-07-17 19:22:27.718562-05,script_generator,
632,45,3,FAC-PROV-2026-00000632,2025-07-02 07:06:19.533139-05,1102.10,165.32,1267.42,2026-07-17 19:22:27.718562-05,2026-07-17 19:22:27.718562-05,script_generator,
658,45,3,FAC-PROV-2026-00000658,2024-01-13 03:12:00.129256-05,2625.25,393.79,3019.03,2026-07-17 19:22:27.718562-05,2026-07-17 19:22:27.718562-05,script_generator,
815,45,3,FAC-PROV-2026-00000815,2026-06-26 03:20:05.834905-05,1579.45,236.92,1816.36,2026-07-17 19:22:27.718562-05,2026-07-17 19:22:27.718562-05,script_generator,
1422,45,3,FAC-PROV-2026-00001422,2024-11-22 20:03:33.273396-05,2124.64,318.70,2443.34,2026-07-17 19:22:27.718562-05,2026-07-17 19:22:27.718562-05,script_generator,
440,45,3,FAC-PROV-2026-00000440,2024-03-19 07:08:44.031594-05,2639.17,395.88,3035.05,2026-07-17 19:22:27.718562-05,2026-07-17 19:22:27.718562-05,script_generator,
1004,45,3,FAC-PROV-2026-00001004,2025-11-09 13:37:04.757191-05,3179.87,476.98,3656.86,2026-07-17 19:22:27.718562-05,2026-07-17 19:22:27.718562-05,script_generator,
57,45,3,FAC-PROV-2026-00000057,2025-12-11 18:16:22.864242-05,2244.05,336.61,2580.66,2026-07-17 19:22:27.718562-05,2026-07-17 19:22:27.718562-05,script_generator,
1313,45,3,FAC-PROV-2026-00001313,2024-02-07 01:18:31.828621-05,1952.22,292.83,2245.06,2026-07-17 19:22:27.718562-05,2026-07-17 19:22:27.718562-05,script_generator,
19,45,3,FAC-PROV-2026-00000019,2024-12-30 04:36:47.314835-05,2290.07,343.51,2633.58,2026-07-17 19:22:27.718562-05,2026-07-17 19:22:27.718562-05,script_generator,
160,45,3,FAC-PROV-2026-00000160,2025-08-18 12:17:59.078776-05,2759.74,413.96,3173.71,2026-07-17 19:22:27.718562-05,2026-07-17 19:22:27.718562-05,script_generator,
644,45,3,FAC-PROV-2026-00000644,2025-09-24 11:44:38.928393-05,2447.57,367.14,2814.71,2026-07-17 19:22:27.718562-05,2026-07-17 19:22:27.718562-05,script_generator,
824,45,3,FAC-PROV-2026-00000824,2025-06-01 02:16:10.699526-05,1379.58,206.94,1586.51,2026-07-17 19:22:27.718562-05,2026-07-17 19:22:27.718562-05,script_generator,
1857,45,3,FAC-PROV-2026-00001857,2026-03-09 05:41:48.66785-05,1180.18,177.03,1357.21,2026-07-17 19:22:27.718562-05,2026-07-17 19:22:27.718562-05,script_generator,
1262,45,3,FAC-PROV-2026-00001262,2024-01-21 03:27:22.997757-05,2007.62,301.14,2308.77,2026-07-17 19:22:27.718562-05,2026-07-17 19:22:27.718562-05,script_generator,
357,45,3,FAC-PROV-2026-00000357,2025-12-14 01:59:20.862162-05,2197.11,329.57,2526.68,2026-07-17 19:22:27.718562-05,2026-07-17 19:22:27.718562-05,script_generator,
1143,45,3,FAC-PROV-2026-00001143,2025-06-01 02:08:11.191544-05,1685.54,252.83,1938.37,2026-07-17 19:22:27.718562-05,2026-07-17 19:22:27.718562-05,script_generator,
1782,45,3,FAC-PROV-2026-00001782,2024-09-10 14:59:13.218983-05,1444.64,216.70,1661.34,2026-07-17 19:22:27.718562-05,2026-07-17 19:22:27.718562-05,script_generator,
769,45,3,FAC-PROV-2026-00000769,2025-09-28 09:51:25.669018-05,1241.40,186.21,1427.61,2026-07-17 19:22:27.718562-05,2026-07-17 19:22:27.718562-05,script_generator,
266,45,3,FAC-PROV-2026-00000266,2025-07-25 00:44:21.188651-05,1008.46,151.27,1159.73,2026-07-17 19:22:27.718562-05,2026-07-17 19:22:27.718562-05,script_generator,
1550,45,3,FAC-PROV-2026-00001550,2026-03-04 05:33:28.889426-05,2241.76,336.26,2578.03,2026-07-17 19:22:27.718562-05,2026-07-17 19:22:27.718562-05,script_generator,
1287,45,3,FAC-PROV-2026-00001287,2025-06-28 13:02:48.780423-05,1264.13,189.62,1453.75,2026-07-17 19:22:27.718562-05,2026-07-17 19:22:27.718562-05,script_generator,
366,45,3,FAC-PROV-2026-00000366,2025-09-08 23:50:28.212119-05,2687.55,403.13,3090.68,2026-07-17 19:22:27.718562-05,2026-07-17 19:22:27.718562-05,script_generator,
307,45,3,FAC-PROV-2026-00000307,2024-05-24 23:03:43.367208-05,2357.46,353.62,2711.08,2026-07-17 19:22:27.718562-05,2026-07-17 19:22:27.718562-05,script_generator,
1644,45,3,FAC-PROV-2026-00001644,2024-03-30 04:17:08.951037-05,1546.83,232.02,1778.85,2026-07-17 19:22:27.718562-05,2026-07-17 19:22:27.718562-05,script_generator,
91,45,3,FAC-PROV-2026-00000091,2025-10-17 06:04:16.799801-05,2517.30,377.60,2894.90,2026-07-17 19:22:27.718562-05,2026-07-17 19:22:27.718562-05,script_generator,
305,45,3,FAC-PROV-2026-00000305,2026-01-05 01:57:14.712939-05,1543.91,231.59,1775.50,2026-07-17 19:22:27.718562-05,2026-07-17 19:22:27.718562-05,script_generator,
1606,45,3,FAC-PROV-2026-00001606,2025-02-26 17:25:45.982122-05,1177.69,176.65,1354.35,2026-07-17 19:22:27.718562-05,2026-07-17 19:22:27.718562-05,script_generator,
1312,45,3,FAC-PROV-2026-00001312,2025-04-22 19:42:38.525947-05,2570.81,385.62,2956.43,2026-07-17 19:22:27.718562-05,2026-07-17 19:22:27.718562-05,script_generator,
743,45,3,FAC-PROV-2026-00000743,2024-12-06 05:31:52.510937-05,1018.82,152.82,1171.64,2026-07-17 19:22:27.718562-05,2026-07-17 19:22:27.718562-05,script_generator,
1484,45,3,FAC-PROV-2026-00001484,2024-07-17 08:47:55.597738-05,2702.79,405.42,3108.21,2026-07-17 19:22:27.718562-05,2026-07-17 19:22:27.718562-05,script_generator,
10,45,3,FAC-PROV-2026-00000010,2025-10-04 17:44:17.145276-05,1584.55,237.68,1822.23,2026-07-17 19:22:27.718562-05,2026-07-17 19:22:27.718562-05,script_generator,
1940,45,3,FAC-PROV-2026-00001940,2025-07-13 15:11:40.689544-05,2035.79,305.37,2341.16,2026-07-17 19:22:27.718562-05,2026-07-17 19:22:27.718562-05,script_generator,
1984,45,3,FAC-PROV-2026-00001984,2025-05-27 06:56:57.355684-05,1967.77,295.16,2262.93,2026-07-17 19:22:27.718562-05,2026-07-17 19:22:27.718562-05,script_generator,
1602,45,3,FAC-PROV-2026-00001602,2024-03-24 20:26:57.823664-05,1180.24,177.04,1357.28,2026-07-17 19:22:27.718562-05,2026-07-17 19:22:27.718562-05,script_generator,
1662,45,3,FAC-PROV-2026-00001662,2026-07-12 22:14:15.236087-05,1664.17,249.63,1913.79,2026-07-17 19:22:27.718562-05,2026-07-17 19:22:27.718562-05,script_generator,
823,45,3,FAC-PROV-2026-00000823,2024-06-25 08:39:51.577444-05,2056.83,308.52,2365.35,2026-07-17 19:22:27.718562-05,2026-07-17 19:22:27.718562-05,script_generator,
822,45,3,FAC-PROV-2026-00000822,2024-12-18 00:31:25.478444-05,814.97,122.24,937.21,2026-07-17 19:22:27.718562-05,2026-07-17 19:22:27.718562-05,script_generator,
1118,45,3,FAC-PROV-2026-00001118,2024-07-23 02:27:01.090447-05,1895.13,284.27,2179.40,2026-07-17 19:22:27.718562-05,2026-07-17 19:22:27.718562-05,script_generator,
1990,45,3,FAC-PROV-2026-00001990,2026-06-06 08:53:17.094401-05,3107.65,466.15,3573.80,2026-07-17 19:22:27.718562-05,2026-07-17 19:22:27.718562-05,script_generator,
1025,45,3,FAC-PROV-2026-00001025,2026-02-21 18:35:06.512376-05,2367.36,355.10,2722.47,2026-07-17 19:22:27.718562-05,2026-07-17 19:22:27.718562-05,script_generator,
241,45,3,FAC-PROV-2026-00000241,2024-12-21 10:16:42.733529-05,2505.94,375.89,2881.83,2026-07-17 19:22:27.718562-05,2026-07-17 19:22:27.718562-05,script_generator,
175,45,3,FAC-PROV-2026-00000175,2024-08-26 15:38:12.486214-05,938.10,140.71,1078.81,2026-07-17 19:22:27.718562-05,2026-07-17 19:22:27.718562-05,script_generator,
596,45,3,FAC-PROV-2026-00000596,2026-01-16 14:55:57.616562-05,1613.92,242.09,1856.00,2026-07-17 19:22:27.718562-05,2026-07-17 19:22:27.718562-05,script_generator,
50,45,3,FAC-PROV-2026-00000050,2025-01-13 10:48:21.796363-05,958.67,143.80,1102.47,2026-07-17 19:22:27.718562-05,2026-07-17 19:22:27.718562-05,script_generator,
13,45,3,FAC-PROV-2026-00000013,2024-12-03 02:17:16.569336-05,2322.93,348.44,2671.37,2026-07-17 19:22:27.718562-05,2026-07-17 19:22:27.718562-05,script_generator,
1319,45,3,FAC-PROV-2026-00001319,2025-09-04 13:50:18.802828-05,2160.52,324.08,2484.60,2026-07-17 19:22:27.718562-05,2026-07-17 19:22:27.718562-05,script_generator,
1776,45,3,FAC-PROV-2026-00001776,2026-01-22 04:09:27.656548-05,1858.06,278.71,2136.77,2026-07-17 19:22:27.718562-05,2026-07-17 19:22:27.718562-05,script_generator,
1104,45,3,FAC-PROV-2026-00001104,2025-02-20 02:00:43.767813-05,2869.39,430.41,3299.80,2026-07-17 19:22:27.718562-05,2026-07-17 19:22:27.718562-05,script_generator,
2,45,3,FAC-PROV-2026-00000002,2025-07-17 00:07:51.777675-05,2050.98,307.65,2358.63,2026-07-17 19:22:27.718562-05,2026-07-17 19:22:27.718562-05,script_generator,
699,45,3,FAC-PROV-2026-00000699,2024-08-23 18:05:18.53676-05,1786.51,267.98,2054.49,2026-07-17 19:22:27.718562-05,2026-07-17 19:22:27.718562-05,script_generator,
1975,45,3,FAC-PROV-2026-00001975,2026-01-22 13:54:45.871265-05,2699.05,404.86,3103.91,2026-07-17 19:22:27.718562-05,2026-07-17 19:22:27.718562-05,script_generator,
1936,45,3,FAC-PROV-2026-00001936,2025-09-12 13:16:47.810704-05,875.05,131.26,1006.31,2026-07-17 19:22:27.718562-05,2026-07-17 19:22:27.718562-05,script_generator,
1603,45,3,FAC-PROV-2026-00001603,2025-02-11 04:27:36.635175-05,2103.03,315.45,2418.49,2026-07-17 19:22:27.718562-05,2026-07-17 19:22:27.718562-05,script_generator,
246,45,3,FAC-PROV-2026-00000246,2025-03-18 04:49:39.980019-05,3131.77,469.77,3601.54,2026-07-17 19:22:27.718562-05,2026-07-17 19:22:27.718562-05,script_generator,
75,45,3,FAC-PROV-2026-00000075,2024-10-11 06:03:32.167374-05,2258.25,338.74,2596.99,2026-07-17 19:22:27.718562-05,2026-07-17 19:22:27.718562-05,script_generator,
128,45,3,FAC-PROV-2026-00000128,2026-03-20 07:45:57.426935-05,2562.10,384.31,2946.41,2026-07-17 19:22:27.718562-05,2026-07-17 19:22:27.718562-05,script_generator,
1942,45,3,FAC-PROV-2026-00001942,2025-05-28 18:41:38.621177-05,1413.16,211.97,1625.13,2026-07-17 19:22:27.718562-05,2026-07-17 19:22:27.718562-05,script_generator,
1992,45,3,FAC-PROV-2026-00001992,2024-01-06 07:49:16.442606-05,1326.74,199.01,1525.75,2026-07-17 19:22:27.718562-05,2026-07-17 19:22:27.718562-05,script_generator,
344,45,3,FAC-PROV-2026-00000344,2025-11-05 14:42:30.100851-05,2361.66,354.25,2715.91,2026-07-17 19:22:27.718562-05,2026-07-17 19:22:27.718562-05,script_generator,
1078,45,3,FAC-PROV-2026-00001078,2025-07-27 02:35:11.322615-05,2350.88,352.63,2703.51,2026-07-17 19:22:27.718562-05,2026-07-17 19:22:27.718562-05,script_generator,
534,45,3,FAC-PROV-2026-00000534,2024-07-22 07:38:13.186194-05,2863.41,429.51,3292.93,2026-07-17 19:22:27.718562-05,2026-07-17 19:22:27.718562-05,script_generator,
1522,45,3,FAC-PROV-2026-00001522,2024-01-21 23:20:13.554247-05,2730.39,409.56,3139.95,2026-07-17 19:22:27.718562-05,2026-07-17 19:22:27.718562-05,script_generator,
1967,45,3,FAC-PROV-2026-00001967,2025-12-07 10:02:05.576396-05,903.80,135.57,1039.37,2026-07-17 19:22:27.718562-05,2026-07-17 19:22:27.718562-05,script_generator,
637,45,3,FAC-PROV-2026-00000637,2024-12-15 07:18:43.310242-05,1165.24,174.79,1340.02,2026-07-17 19:22:27.718562-05,2026-07-17 19:22:27.718562-05,script_generator,
355,45,3,FAC-PROV-2026-00000355,2026-06-22 17:27:41.019702-05,1345.72,201.86,1547.57,2026-07-17 19:22:27.718562-05,2026-07-17 19:22:27.718562-05,script_generator,
1279,45,3,FAC-PROV-2026-00001279,2025-01-20 14:50:13.568362-05,1901.53,285.23,2186.76,2026-07-17 19:22:27.718562-05,2026-07-17 19:22:27.718562-05,script_generator,
1403,45,3,FAC-PROV-2026-00001403,2024-02-24 23:17:31.69841-05,1406.89,211.03,1617.93,2026-07-17 19:22:27.718562-05,2026-07-17 19:22:27.718562-05,script_generator,
222,45,3,FAC-PROV-2026-00000222,2026-01-30 20:56:13.737823-05,1545.42,231.81,1777.23,2026-07-17 19:22:27.718562-05,2026-07-17 19:22:27.718562-05,script_generator,
1006,45,3,FAC-PROV-2026-00001006,2025-06-04 07:50:42.10516-05,1639.59,245.94,1885.53,2026-07-17 19:22:27.718562-05,2026-07-17 19:22:27.718562-05,script_generator,
922,45,3,FAC-PROV-2026-00000922,2026-04-02 02:11:38.493185-05,2707.13,406.07,3113.20,2026-07-17 19:22:27.718562-05,2026-07-17 19:22:27.718562-05,script_generator,
453,45,3,FAC-PROV-2026-00000453,2024-05-14 22:30:20.385283-05,1378.32,206.75,1585.07,2026-07-17 19:22:27.718562-05,2026-07-17 19:22:27.718562-05,script_generator,
787,45,3,FAC-PROV-2026-00000787,2024-06-11 22:07:32.681448-05,863.82,129.57,993.39,2026-07-17 19:22:27.718562-05,2026-07-17 19:22:27.718562-05,script_generator,
182,45,3,FAC-PROV-2026-00000182,2026-01-13 14:16:17.537157-05,2167.90,325.19,2493.09,2026-07-17 19:22:27.718562-05,2026-07-17 19:22:27.718562-05,script_generator,
1950,45,3,FAC-PROV-2026-00001950,2024-01-01 17:36:32.198709-05,2022.25,303.34,2325.59,2026-07-17 19:22:27.718562-05,2026-07-17 19:22:27.718562-05,script_generator,
528,45,3,FAC-PROV-2026-00000528,2025-06-05 00:51:11.819568-05,2397.41,359.61,2757.03,2026-07-17 19:22:27.718562-05,2026-07-17 19:22:27.718562-05,script_generator,
1549,45,3,FAC-PROV-2026-00001549,2026-05-23 04:17:31.470627-05,2304.97,345.74,2650.71,2026-07-17 19:22:27.718562-05,2026-07-17 19:22:27.718562-05,script_generator,
811,45,3,FAC-PROV-2026-00000811,2025-02-22 12:47:33.252365-05,770.03,115.50,885.54,2026-07-17 19:22:27.718562-05,2026-07-17 19:22:27.718562-05,script_generator,
563,45,3,FAC-PROV-2026-00000563,2024-09-12 19:35:22.897812-05,1572.29,235.84,1808.13,2026-07-17 19:22:27.718562-05,2026-07-17 19:22:27.718562-05,script_generator,
1474,45,3,FAC-PROV-2026-00001474,2024-10-16 15:31:34.110307-05,1584.51,237.68,1822.19,2026-07-17 19:22:27.718562-05,2026-07-17 19:22:27.718562-05,script_generator,
1616,45,3,FAC-PROV-2026-00001616,2024-11-12 17:00:59.819431-05,1427.02,214.05,1641.07,2026-07-17 19:22:27.718562-05,2026-07-17 19:22:27.718562-05,script_generator,
1613,45,3,FAC-PROV-2026-00001613,2026-03-29 03:10:16.312116-05,2031.17,304.67,2335.84,2026-07-17 19:22:27.718562-05,2026-07-17 19:22:27.718562-05,script_generator,
667,45,3,FAC-PROV-2026-00000667,2025-08-29 08:09:25.750771-05,2188.23,328.23,2516.47,2026-07-17 19:22:27.718562-05,2026-07-17 19:22:27.718562-05,script_generator,
481,45,3,FAC-PROV-2026-00000481,2024-06-10 04:45:18.89066-05,1845.97,276.90,2122.87,2026-07-17 19:22:27.718562-05,2026-07-17 19:22:27.718562-05,script_generator,
1828,45,3,FAC-PROV-2026-00001828,2024-10-27 04:26:50.024541-05,2826.27,423.94,3250.21,2026-07-17 19:22:27.718562-05,2026-07-17 19:22:27.718562-05,script_generator,
1779,45,3,FAC-PROV-2026-00001779,2025-03-05 07:38:34.201165-05,1398.92,209.84,1608.75,2026-07-17 19:22:27.718562-05,2026-07-17 19:22:27.718562-05,script_generator,
1804,45,3,FAC-PROV-2026-00001804,2024-01-02 21:50:03.438317-05,2322.05,348.31,2670.36,2026-07-17 19:22:27.718562-05,2026-07-17 19:22:27.718562-05,script_generator,
438,45,3,FAC-PROV-2026-00000438,2025-12-30 09:55:55.656745-05,1204.59,180.69,1385.27,2026-07-17 19:22:27.718562-05,2026-07-17 19:22:27.718562-05,script_generator,
382,45,3,FAC-PROV-2026-00000382,2025-04-27 20:58:33.674144-05,760.00,114.00,874.00,2026-07-17 19:22:27.718562-05,2026-07-17 19:22:27.718562-05,script_generator,
853,45,3,FAC-PROV-2026-00000853,2024-07-22 11:32:40.93739-05,2328.91,349.34,2678.25,2026-07-17 19:22:27.718562-05,2026-07-17 19:22:27.718562-05,script_generator,
378,45,3,FAC-PROV-2026-00000378,2024-05-25 14:31:07.799357-05,965.17,144.77,1109.94,2026-07-17 19:22:27.718562-05,2026-07-17 19:22:27.718562-05,script_generator,
1349,45,3,FAC-PROV-2026-00001349,2025-01-07 14:49:12.476517-05,1634.44,245.17,1879.60,2026-07-17 19:22:27.718562-05,2026-07-17 19:22:27.718562-05,script_generator,
1050,45,3,FAC-PROV-2026-00001050,2024-07-15 23:45:59.209494-05,2554.93,383.24,2938.17,2026-07-17 19:22:27.718562-05,2026-07-17 19:22:27.718562-05,script_generator,
1788,45,3,FAC-PROV-2026-00001788,2024-11-20 17:56:03.958489-05,1312.30,196.84,1509.14,2026-07-17 19:22:27.718562-05,2026-07-17 19:22:27.718562-05,script_generator,
799,45,3,FAC-PROV-2026-00000799,2026-05-23 21:41:43.546321-05,2400.20,360.03,2760.23,2026-07-17 19:22:27.718562-05,2026-07-17 19:22:27.718562-05,script_generator,
276,45,3,FAC-PROV-2026-00000276,2024-04-20 06:45:59.564327-05,1975.58,296.34,2271.92,2026-07-17 19:22:27.718562-05,2026-07-17 19:22:27.718562-05,script_generator,
1523,45,3,FAC-PROV-2026-00001523,2024-01-24 00:55:21.152042-05,1600.60,240.09,1840.69,2026-07-17 19:22:27.718562-05,2026-07-17 19:22:27.718562-05,script_generator,
1044,45,3,FAC-PROV-2026-00001044,2024-09-15 01:34:47.339465-05,614.34,92.15,706.49,2026-07-17 19:22:27.718562-05,2026-07-17 19:22:27.718562-05,script_generator,
97,45,3,FAC-PROV-2026-00000097,2026-04-11 15:48:01.2031-05,3208.33,481.25,3689.59,2026-07-17 19:22:27.718562-05,2026-07-17 19:22:27.718562-05,script_generator,
1823,45,3,FAC-PROV-2026-00001823,2024-06-21 16:12:17.171159-05,770.28,115.54,885.82,2026-07-17 19:22:27.718562-05,2026-07-17 19:22:27.718562-05,script_generator,
1848,45,3,FAC-PROV-2026-00001848,2024-05-06 12:37:54.172305-05,1363.28,204.49,1567.77,2026-07-17 19:22:27.718562-05,2026-07-17 19:22:27.718562-05,script_generator,
589,45,3,FAC-PROV-2026-00000589,2024-12-18 14:26:29.096959-05,2832.31,424.85,3257.16,2026-07-17 19:22:27.718562-05,2026-07-17 19:22:27.718562-05,script_generator,
1167,45,3,FAC-PROV-2026-00001167,2024-01-03 02:30:09.899064-05,2483.95,372.59,2856.55,2026-07-17 19:22:27.718562-05,2026-07-17 19:22:27.718562-05,script_generator,
555,45,3,FAC-PROV-2026-00000555,2024-09-12 19:20:34.118912-05,1910.14,286.52,2196.66,2026-07-17 19:22:27.718562-05,2026-07-17 19:22:27.718562-05,script_generator,
1583,45,3,FAC-PROV-2026-00001583,2024-04-23 19:24:51.476088-05,2095.46,314.32,2409.78,2026-07-17 19:22:27.718562-05,2026-07-17 19:22:27.718562-05,script_generator,
682,45,3,FAC-PROV-2026-00000682,2024-10-10 01:47:26.342323-05,1897.49,284.62,2182.12,2026-07-17 19:22:27.718562-05,2026-07-17 19:22:27.718562-05,script_generator,
567,45,3,FAC-PROV-2026-00000567,2025-08-29 06:35:48.737741-05,1887.83,283.17,2171.00,2026-07-17 19:22:27.718562-05,2026-07-17 19:22:27.718562-05,script_generator,
329,45,3,FAC-PROV-2026-00000329,2025-11-05 20:53:32.323284-05,741.76,111.26,853.03,2026-07-17 19:22:27.718562-05,2026-07-17 19:22:27.718562-05,script_generator,
44,45,3,FAC-PROV-2026-00000044,2025-07-03 12:05:12.553172-05,1110.78,166.62,1277.40,2026-07-17 19:22:27.718562-05,2026-07-17 19:22:27.718562-05,script_generator,
1144,45,3,FAC-PROV-2026-00001144,2025-09-10 23:45:14.794775-05,2542.95,381.44,2924.39,2026-07-17 19:22:27.718562-05,2026-07-17 19:22:27.718562-05,script_generator,
816,45,3,FAC-PROV-2026-00000816,2025-05-30 09:05:53.678883-05,2330.02,349.50,2679.53,2026-07-17 19:22:27.718562-05,2026-07-17 19:22:27.718562-05,script_generator,
1585,45,3,FAC-PROV-2026-00001585,2025-08-24 23:38:21.763426-05,1412.87,211.93,1624.80,2026-07-17 19:22:27.718562-05,2026-07-17 19:22:27.718562-05,script_generator,
1646,45,3,FAC-PROV-2026-00001646,2025-06-02 04:38:11.829384-05,2652.04,397.81,3049.84,2026-07-17 19:22:27.718562-05,2026-07-17 19:22:27.718562-05,script_generator,
1398,45,3,FAC-PROV-2026-00001398,2024-01-27 11:50:29.755599-05,749.11,112.37,861.48,2026-07-17 19:22:27.718562-05,2026-07-17 19:22:27.718562-05,script_generator,
1987,45,3,FAC-PROV-2026-00001987,2024-09-02 12:43:54.055359-05,2766.01,414.90,3180.92,2026-07-17 19:22:27.718562-05,2026-07-17 19:22:27.718562-05,script_generator,
1022,45,3,FAC-PROV-2026-00001022,2026-02-02 15:20:14.239083-05,1190.08,178.51,1368.59,2026-07-17 19:22:27.718562-05,2026-07-17 19:22:27.718562-05,script_generator,
507,45,3,FAC-PROV-2026-00000507,2025-09-24 10:44:26.393905-05,1106.69,166.00,1272.70,2026-07-17 19:22:27.718562-05,2026-07-17 19:22:27.718562-05,script_generator,
944,45,3,FAC-PROV-2026-00000944,2026-05-09 20:44:44.964092-05,2989.30,448.40,3437.70,2026-07-17 19:22:27.718562-05,2026-07-17 19:22:27.718562-05,script_generator,
847,45,3,FAC-PROV-2026-00000847,2025-06-16 13:37:07.468689-05,958.12,143.72,1101.84,2026-07-17 19:22:27.718562-05,2026-07-17 19:22:27.718562-05,script_generator,
419,45,3,FAC-PROV-2026-00000419,2025-11-12 05:18:55.339153-05,1230.24,184.54,1414.78,2026-07-17 19:22:27.718562-05,2026-07-17 19:22:27.718562-05,script_generator,
1336,45,3,FAC-PROV-2026-00001336,2025-10-21 00:41:36.99208-05,2633.60,395.04,3028.64,2026-07-17 19:22:27.718562-05,2026-07-17 19:22:27.718562-05,script_generator,
664,45,3,FAC-PROV-2026-00000664,2024-12-07 00:13:49.332615-05,1582.99,237.45,1820.44,2026-07-17 19:22:27.718562-05,2026-07-17 19:22:27.718562-05,script_generator,
551,45,3,FAC-PROV-2026-00000551,2025-08-03 19:13:02.716957-05,1066.01,159.90,1225.92,2026-07-17 19:22:27.718562-05,2026-07-17 19:22:27.718562-05,script_generator,
948,45,3,FAC-PROV-2026-00000948,2025-03-07 05:02:40.547222-05,2015.19,302.28,2317.47,2026-07-17 19:22:27.718562-05,2026-07-17 19:22:27.718562-05,script_generator,
95,45,3,FAC-PROV-2026-00000095,2025-10-01 19:20:23.579134-05,2174.00,326.10,2500.10,2026-07-17 19:22:27.718562-05,2026-07-17 19:22:27.718562-05,script_generator,
1540,45,3,FAC-PROV-2026-00001540,2025-07-17 16:06:13.818252-05,1367.56,205.13,1572.69,2026-07-17 19:22:27.718562-05,2026-07-17 19:22:27.718562-05,script_generator,
1434,45,3,FAC-PROV-2026-00001434,2024-08-20 04:20:43.929375-05,1585.61,237.84,1823.45,2026-07-17 19:22:27.718562-05,2026-07-17 19:22:27.718562-05,script_generator,
519,45,3,FAC-PROV-2026-00000519,2026-06-21 19:00:02.99934-05,1037.32,155.60,1192.91,2026-07-17 19:22:27.718562-05,2026-07-17 19:22:27.718562-05,script_generator,
1250,45,3,FAC-PROV-2026-00001250,2025-09-10 01:28:41.938174-05,1274.71,191.21,1465.91,2026-07-17 19:22:27.718562-05,2026-07-17 19:22:27.718562-05,script_generator,
965,45,3,FAC-PROV-2026-00000965,2025-05-14 06:41:08.513782-05,908.83,136.32,1045.15,2026-07-17 19:22:27.718562-05,2026-07-17 19:22:27.718562-05,script_generator,
172,45,3,FAC-PROV-2026-00000172,2026-04-08 17:56:47.294556-05,2942.16,441.32,3383.49,2026-07-17 19:22:27.718562-05,2026-07-17 19:22:27.718562-05,script_generator,
1966,45,3,FAC-PROV-2026-00001966,2024-01-12 00:10:04.103472-05,1363.33,204.50,1567.83,2026-07-17 19:22:27.718562-05,2026-07-17 19:22:27.718562-05,script_generator,
409,45,3,FAC-PROV-2026-00000409,2026-01-20 03:34:05.331775-05,2276.22,341.43,2617.66,2026-07-17 19:22:27.718562-05,2026-07-17 19:22:27.718562-05,script_generator,
30,45,3,FAC-PROV-2026-00000030,2024-01-05 11:40:30.345168-05,1393.30,208.99,1602.29,2026-07-17 19:22:27.718562-05,2026-07-17 19:22:27.718562-05,script_generator,
521,45,3,FAC-PROV-2026-00000521,2024-04-16 14:04:40.052967-05,2682.94,402.44,3085.38,2026-07-17 19:22:27.718562-05,2026-07-17 19:22:27.718562-05,script_generator,
936,45,3,FAC-PROV-2026-00000936,2024-04-13 17:06:03.372347-05,1310.35,196.55,1506.90,2026-07-17 19:22:27.718562-05,2026-07-17 19:22:27.718562-05,script_generator,
1561,45,3,FAC-PROV-2026-00001561,2026-01-25 13:36:50.833443-05,2190.25,328.54,2518.79,2026-07-17 19:22:27.718562-05,2026-07-17 19:22:27.718562-05,script_generator,
981,45,3,FAC-PROV-2026-00000981,2026-06-29 01:55:28.637455-05,1027.28,154.09,1181.37,2026-07-17 19:22:27.718562-05,2026-07-17 19:22:27.718562-05,script_generator,
1334,45,3,FAC-PROV-2026-00001334,2025-07-30 11:04:23.777013-05,1298.26,194.74,1493.00,2026-07-17 19:22:27.718562-05,2026-07-17 19:22:27.718562-05,script_generator,
1221,45,3,FAC-PROV-2026-00001221,2026-07-15 15:07:46.803593-05,695.42,104.31,799.73,2026-07-17 19:22:27.718562-05,2026-07-17 19:22:27.718562-05,script_generator,
249,45,3,FAC-PROV-2026-00000249,2026-03-07 14:59:21.479856-05,847.58,127.14,974.72,2026-07-17 19:22:27.718562-05,2026-07-17 19:22:27.718562-05,script_generator,
255,45,3,FAC-PROV-2026-00000255,2026-02-03 01:33:47.96444-05,2203.06,330.46,2533.52,2026-07-17 19:22:27.718562-05,2026-07-17 19:22:27.718562-05,script_generator,
1678,45,3,FAC-PROV-2026-00001678,2026-07-09 00:38:58.18337-05,3050.97,457.65,3508.62,2026-07-17 19:22:27.718562-05,2026-07-17 19:22:27.718562-05,script_generator,
639,45,3,FAC-PROV-2026-00000639,2025-07-20 18:49:23.503328-05,1280.42,192.06,1472.49,2026-07-17 19:22:27.718562-05,2026-07-17 19:22:27.718562-05,script_generator,
296,45,3,FAC-PROV-2026-00000296,2024-06-15 06:24:22.14301-05,1927.13,289.07,2216.20,2026-07-17 19:22:27.718562-05,2026-07-17 19:22:27.718562-05,script_generator,
209,45,3,FAC-PROV-2026-00000209,2026-06-06 14:48:07.416701-05,1217.81,182.67,1400.48,2026-07-17 19:22:27.718562-05,2026-07-17 19:22:27.718562-05,script_generator,
74,45,3,FAC-PROV-2026-00000074,2026-03-30 18:20:07.000632-05,2806.19,420.93,3227.12,2026-07-17 19:22:27.718562-05,2026-07-17 19:22:27.718562-05,script_generator,
937,45,3,FAC-PROV-2026-00000937,2025-08-02 02:41:32.822157-05,1002.15,150.32,1152.47,2026-07-17 19:22:27.718562-05,2026-07-17 19:22:27.718562-05,script_generator,
138,45,3,FAC-PROV-2026-00000138,2025-07-23 15:05:33.390977-05,1045.25,156.79,1202.04,2026-07-17 19:22:27.718562-05,2026-07-17 19:22:27.718562-05,script_generator,
34,45,3,FAC-PROV-2026-00000034,2025-05-28 11:25:33.208088-05,2197.13,329.57,2526.70,2026-07-17 19:22:27.718562-05,2026-07-17 19:22:27.718562-05,script_generator,
1774,45,3,FAC-PROV-2026-00001774,2025-10-10 15:33:18.263315-05,1256.34,188.45,1444.79,2026-07-17 19:22:27.718562-05,2026-07-17 19:22:27.718562-05,script_generator,
1747,45,3,FAC-PROV-2026-00001747,2024-10-07 22:15:21.46754-05,2232.65,334.90,2567.54,2026-07-17 19:22:27.718562-05,2026-07-17 19:22:27.718562-05,script_generator,
1748,45,3,FAC-PROV-2026-00001748,2024-03-26 01:24:06.456468-05,2726.86,409.03,3135.89,2026-07-17 19:22:27.718562-05,2026-07-17 19:22:27.718562-05,script_generator,
947,45,3,FAC-PROV-2026-00000947,2024-12-05 02:57:10.634801-05,1008.61,151.29,1159.90,2026-07-17 19:22:27.718562-05,2026-07-17 19:22:27.718562-05,script_generator,
1411,45,3,FAC-PROV-2026-00001411,2026-07-13 18:26:13.426106-05,2079.82,311.97,2391.79,2026-07-17 19:22:27.718562-05,2026-07-17 19:22:27.718562-05,script_generator,
972,45,3,FAC-PROV-2026-00000972,2026-07-14 23:09:29.54281-05,919.05,137.86,1056.90,2026-07-17 19:22:27.718562-05,2026-07-17 19:22:27.718562-05,script_generator,
761,45,3,FAC-PROV-2026-00000761,2025-02-17 22:44:15.961837-05,781.66,117.25,898.91,2026-07-17 19:22:27.718562-05,2026-07-17 19:22:27.718562-05,script_generator,
1084,45,3,FAC-PROV-2026-00001084,2026-05-07 07:04:04.904176-05,1977.58,296.64,2274.21,2026-07-17 19:22:27.718562-05,2026-07-17 19:22:27.718562-05,script_generator,
90,45,3,FAC-PROV-2026-00000090,2025-09-06 21:20:34.823491-05,1716.18,257.43,1973.60,2026-07-17 19:22:27.718562-05,2026-07-17 19:22:27.718562-05,script_generator,
1681,45,3,FAC-PROV-2026-00001681,2024-07-11 08:19:41.542949-05,1828.15,274.22,2102.37,2026-07-17 19:22:27.718562-05,2026-07-17 19:22:27.718562-05,script_generator,
1956,45,3,FAC-PROV-2026-00001956,2026-04-05 09:08:18.352223-05,772.14,115.82,887.96,2026-07-17 19:22:27.718562-05,2026-07-17 19:22:27.718562-05,script_generator,
904,45,3,FAC-PROV-2026-00000904,2026-05-26 17:14:01.306298-05,2095.75,314.36,2410.11,2026-07-17 19:22:27.718562-05,2026-07-17 19:22:27.718562-05,script_generator,
443,45,3,FAC-PROV-2026-00000443,2024-01-27 04:58:28.731698-05,1619.22,242.88,1862.10,2026-07-17 19:22:27.718562-05,2026-07-17 19:22:27.718562-05,script_generator,
526,45,3,FAC-PROV-2026-00000526,2025-11-25 09:08:06.436807-05,2672.66,400.90,3073.56,2026-07-17 19:22:27.718562-05,2026-07-17 19:22:27.718562-05,script_generator,
1428,45,3,FAC-PROV-2026-00001428,2026-04-26 18:00:27.203917-05,923.65,138.55,1062.20,2026-07-17 19:22:27.718562-05,2026-07-17 19:22:27.718562-05,script_generator,
393,45,3,FAC-PROV-2026-00000393,2025-03-06 22:57:47.033496-05,1127.68,169.15,1296.83,2026-07-17 19:22:27.718562-05,2026-07-17 19:22:27.718562-05,script_generator,
524,45,3,FAC-PROV-2026-00000524,2024-10-05 10:59:45.969489-05,1822.31,273.35,2095.66,2026-07-17 19:22:27.718562-05,2026-07-17 19:22:27.718562-05,script_generator,
312,45,3,FAC-PROV-2026-00000312,2024-12-27 09:20:30.299155-05,2049.68,307.45,2357.14,2026-07-17 19:22:27.718562-05,2026-07-17 19:22:27.718562-05,script_generator,
1151,45,3,FAC-PROV-2026-00001151,2024-03-21 15:53:51.417291-05,820.91,123.14,944.05,2026-07-17 19:22:27.718562-05,2026-07-17 19:22:27.718562-05,script_generator,
498,45,3,FAC-PROV-2026-00000498,2024-03-26 21:48:53.205871-05,1415.46,212.32,1627.78,2026-07-17 19:22:27.718562-05,2026-07-17 19:22:27.718562-05,script_generator,
862,45,3,FAC-PROV-2026-00000862,2025-03-21 16:28:34.810754-05,1837.17,275.58,2112.74,2026-07-17 19:22:27.718562-05,2026-07-17 19:22:27.718562-05,script_generator,
1185,45,3,FAC-PROV-2026-00001185,2024-08-30 20:55:41.421197-05,2468.04,370.21,2838.25,2026-07-17 19:22:27.718562-05,2026-07-17 19:22:27.718562-05,script_generator,
494,45,3,FAC-PROV-2026-00000494,2024-07-09 14:35:30.629452-05,1675.64,251.35,1926.98,2026-07-17 19:22:27.718562-05,2026-07-17 19:22:27.718562-05,script_generator,
469,45,3,FAC-PROV-2026-00000469,2024-12-15 20:02:35.799025-05,2028.66,304.30,2332.96,2026-07-17 19:22:27.718562-05,2026-07-17 19:22:27.718562-05,script_generator,
118,45,3,FAC-PROV-2026-00000118,2026-05-03 04:21:56.070721-05,943.95,141.59,1085.54,2026-07-17 19:22:27.718562-05,2026-07-17 19:22:27.718562-05,script_generator,
1265,45,3,FAC-PROV-2026-00001265,2024-02-06 04:21:34.712756-05,2820.75,423.11,3243.87,2026-07-17 19:22:27.718562-05,2026-07-17 19:22:27.718562-05,script_generator,
1793,45,3,FAC-PROV-2026-00001793,2024-10-02 11:23:16.946953-05,1515.47,227.32,1742.79,2026-07-17 19:22:27.718562-05,2026-07-17 19:22:27.718562-05,script_generator,
1986,45,3,FAC-PROV-2026-00001986,2026-04-11 09:49:48.926849-05,895.25,134.29,1029.53,2026-07-17 19:22:27.718562-05,2026-07-17 19:22:27.718562-05,script_generator,
488,45,3,FAC-PROV-2026-00000488,2025-06-21 10:13:32.111058-05,1483.79,222.57,1706.36,2026-07-17 19:22:27.718562-05,2026-07-17 19:22:27.718562-05,script_generator,
1101,45,3,FAC-PROV-2026-00001101,2024-08-11 07:58:45.81119-05,983.34,147.50,1130.84,2026-07-17 19:22:27.718562-05,2026-07-17 19:22:27.718562-05,script_generator,
1048,45,3,FAC-PROV-2026-00001048,2024-12-30 00:17:03.218747-05,2493.75,374.06,2867.81,2026-07-17 19:22:27.718562-05,2026-07-17 19:22:27.718562-05,script_generator,
1995,45,3,FAC-PROV-2026-00001995,2024-01-05 15:25:13.882803-05,2555.12,383.27,2938.39,2026-07-17 19:22:27.718562-05,2026-07-17 19:22:27.718562-05,script_generator,
360,45,3,FAC-PROV-2026-00000360,2024-12-07 14:05:17.179506-05,1774.41,266.16,2040.58,2026-07-17 19:22:27.718562-05,2026-07-17 19:22:27.718562-05,script_generator,
1770,45,3,FAC-PROV-2026-00001770,2025-03-24 11:46:25.431029-05,2179.98,327.00,2506.98,2026-07-17 19:22:27.718562-05,2026-07-17 19:22:27.718562-05,script_generator,
99,45,3,FAC-PROV-2026-00000099,2025-04-23 10:14:36.72313-05,3018.32,452.75,3471.06,2026-07-17 19:22:27.718562-05,2026-07-17 19:22:27.718562-05,script_generator,
629,45,3,FAC-PROV-2026-00000629,2024-08-27 05:53:02.086227-05,2586.38,387.96,2974.34,2026-07-17 19:22:27.718562-05,2026-07-17 19:22:27.718562-05,script_generator,
726,45,3,FAC-PROV-2026-00000726,2024-05-23 04:32:21.037645-05,2830.60,424.59,3255.19,2026-07-17 19:22:27.718562-05,2026-07-17 19:22:27.718562-05,script_generator,
1215,45,3,FAC-PROV-2026-00001215,2024-09-02 08:50:48.444684-05,2843.50,426.53,3270.03,2026-07-17 19:22:27.718562-05,2026-07-17 19:22:27.718562-05,script_generator,
1476,45,3,FAC-PROV-2026-00001476,2026-04-22 09:16:17.405134-05,2693.17,403.98,3097.15,2026-07-17 19:22:27.718562-05,2026-07-17 19:22:27.718562-05,script_generator,
1727,45,3,FAC-PROV-2026-00001727,2025-09-12 09:13:38.037963-05,1781.76,267.26,2049.03,2026-07-17 19:22:27.718562-05,2026-07-17 19:22:27.718562-05,script_generator,
442,45,3,FAC-PROV-2026-00000442,2025-07-23 02:48:21.913898-05,2218.01,332.70,2550.72,2026-07-17 19:22:27.718562-05,2026-07-17 19:22:27.718562-05,script_generator,
354,45,3,FAC-PROV-2026-00000354,2024-02-10 13:30:18.191955-05,2793.32,419.00,3212.32,2026-07-17 19:22:27.718562-05,2026-07-17 19:22:27.718562-05,script_generator,
1238,45,3,FAC-PROV-2026-00001238,2026-03-04 01:34:03.255253-05,1132.57,169.89,1302.45,2026-07-17 19:22:27.718562-05,2026-07-17 19:22:27.718562-05,script_generator,
12,45,3,FAC-PROV-2026-00000012,2024-09-14 22:25:16.646013-05,2109.34,316.40,2425.74,2026-07-17 19:22:27.718562-05,2026-07-17 19:22:27.718562-05,script_generator,
1792,45,3,FAC-PROV-2026-00001792,2026-04-16 23:55:58.47424-05,2866.53,429.98,3296.51,2026-07-17 19:22:27.718562-05,2026-07-17 19:22:27.718562-05,script_generator,
479,45,3,FAC-PROV-2026-00000479,2026-01-20 05:33:37.284942-05,1505.48,225.82,1731.30,2026-07-17 19:22:27.718562-05,2026-07-17 19:22:27.718562-05,script_generator,
1354,45,3,FAC-PROV-2026-00001354,2025-06-21 08:03:50.033413-05,2051.74,307.76,2359.50,2026-07-17 19:22:27.718562-05,2026-07-17 19:22:27.718562-05,script_generator,
1976,45,3,FAC-PROV-2026-00001976,2026-01-15 16:15:04.904448-05,1341.47,201.22,1542.69,2026-07-17 19:22:27.718562-05,2026-07-17 19:22:27.718562-05,script_generator,
1574,45,3,FAC-PROV-2026-00001574,2024-05-31 14:20:36.443163-05,954.46,143.17,1097.63,2026-07-17 19:22:27.718562-05,2026-07-17 19:22:27.718562-05,script_generator,
1283,45,3,FAC-PROV-2026-00001283,2025-02-10 00:21:27.381551-05,1833.74,275.06,2108.80,2026-07-17 19:22:27.718562-05,2026-07-17 19:22:27.718562-05,script_generator,
1503,45,3,FAC-PROV-2026-00001503,2025-08-27 08:16:44.842242-05,697.28,104.59,801.87,2026-07-17 19:22:27.718562-05,2026-07-17 19:22:27.718562-05,script_generator,
899,45,3,FAC-PROV-2026-00000899,2025-07-25 07:30:58.002252-05,2204.22,330.63,2534.85,2026-07-17 19:22:27.718562-05,2026-07-17 19:22:27.718562-05,script_generator,
935,45,3,FAC-PROV-2026-00000935,2025-05-04 16:25:08.8024-05,2599.83,389.98,2989.81,2026-07-17 19:22:27.718562-05,2026-07-17 19:22:27.718562-05,script_generator,
675,45,3,FAC-PROV-2026-00000675,2026-06-15 03:24:06.018078-05,2469.36,370.40,2839.76,2026-07-17 19:22:27.718562-05,2026-07-17 19:22:27.718562-05,script_generator,
696,45,3,FAC-PROV-2026-00000696,2024-05-12 06:57:48.755491-05,1913.16,286.97,2200.13,2026-07-17 19:22:27.718562-05,2026-07-17 19:22:27.718562-05,script_generator,
969,45,3,FAC-PROV-2026-00000969,2026-04-05 06:55:40.574205-05,2472.71,370.91,2843.61,2026-07-17 19:22:27.718562-05,2026-07-17 19:22:27.718562-05,script_generator,
264,45,3,FAC-PROV-2026-00000264,2024-07-26 10:32:55.23458-05,1038.04,155.71,1193.74,2026-07-17 19:22:27.718562-05,2026-07-17 19:22:27.718562-05,script_generator,
1253,45,3,FAC-PROV-2026-00001253,2025-07-12 09:19:28.327362-05,1694.49,254.17,1948.66,2026-07-17 19:22:27.718562-05,2026-07-17 19:22:27.718562-05,script_generator,
270,45,3,FAC-PROV-2026-00000270,2025-11-26 00:09:04.648642-05,2308.87,346.33,2655.20,2026-07-17 19:22:27.718562-05,2026-07-17 19:22:27.718562-05,script_generator,
898,45,3,FAC-PROV-2026-00000898,2024-03-11 22:39:45.671047-05,1715.13,257.27,1972.39,2026-07-17 19:22:27.718562-05,2026-07-17 19:22:27.718562-05,script_generator,
435,45,3,FAC-PROV-2026-00000435,2025-10-18 04:34:11.761603-05,2539.82,380.97,2920.79,2026-07-17 19:22:27.718562-05,2026-07-17 19:22:27.718562-05,script_generator,
384,45,3,FAC-PROV-2026-00000384,2024-02-08 17:49:18.285602-05,2890.42,433.56,3323.98,2026-07-17 19:22:27.718562-05,2026-07-17 19:22:27.718562-05,script_generator,
1713,45,3,FAC-PROV-2026-00001713,2024-07-18 23:14:59.762114-05,2645.06,396.76,3041.82,2026-07-17 19:22:27.718562-05,2026-07-17 19:22:27.718562-05,script_generator,
1145,45,3,FAC-PROV-2026-00001145,2024-07-01 06:22:34.617445-05,916.29,137.44,1053.74,2026-07-17 19:22:27.718562-05,2026-07-17 19:22:27.718562-05,script_generator,
837,45,3,FAC-PROV-2026-00000837,2026-07-03 13:21:45.834231-05,1117.67,167.65,1285.33,2026-07-17 19:22:27.718562-05,2026-07-17 19:22:27.718562-05,script_generator,
826,45,3,FAC-PROV-2026-00000826,2026-01-05 02:59:28.700291-05,2801.13,420.17,3221.30,2026-07-17 19:22:27.718562-05,2026-07-17 19:22:27.718562-05,script_generator,
431,45,3,FAC-PROV-2026-00000431,2025-08-29 01:21:51.205166-05,1442.58,216.39,1658.96,2026-07-17 19:22:27.718562-05,2026-07-17 19:22:27.718562-05,script_generator,
1226,45,3,FAC-PROV-2026-00001226,2024-08-23 14:02:14.200641-05,2115.70,317.35,2433.05,2026-07-17 19:22:27.718562-05,2026-07-17 19:22:27.718562-05,script_generator,
911,45,3,FAC-PROV-2026-00000911,2026-01-24 17:20:21.464215-05,2204.35,330.65,2535.00,2026-07-17 19:22:27.718562-05,2026-07-17 19:22:27.718562-05,script_generator,
491,45,3,FAC-PROV-2026-00000491,2024-04-20 23:27:20.696582-05,2639.76,395.96,3035.73,2026-07-17 19:22:27.718562-05,2026-07-17 19:22:27.718562-05,script_generator,
462,45,3,FAC-PROV-2026-00000462,2025-05-01 13:22:18.007771-05,1708.48,256.27,1964.75,2026-07-17 19:22:27.718562-05,2026-07-17 19:22:27.718562-05,script_generator,
855,45,3,FAC-PROV-2026-00000855,2024-08-08 20:11:21.794675-05,1412.03,211.80,1623.84,2026-07-17 19:22:27.718562-05,2026-07-17 19:22:27.718562-05,script_generator,
1615,45,3,FAC-PROV-2026-00001615,2024-04-28 15:00:42.41701-05,2077.50,311.62,2389.12,2026-07-17 19:22:27.718562-05,2026-07-17 19:22:27.718562-05,script_generator,
1248,45,3,FAC-PROV-2026-00001248,2024-10-25 23:11:32.931134-05,1945.02,291.75,2236.78,2026-07-17 19:22:27.718562-05,2026-07-17 19:22:27.718562-05,script_generator,
436,45,3,FAC-PROV-2026-00000436,2025-04-17 15:42:23.296712-05,2320.47,348.07,2668.54,2026-07-17 19:22:27.718562-05,2026-07-17 19:22:27.718562-05,script_generator,
870,45,3,FAC-PROV-2026-00000870,2024-03-20 00:48:24.055292-05,1449.07,217.36,1666.43,2026-07-17 19:22:27.718562-05,2026-07-17 19:22:27.718562-05,script_generator,
1564,45,3,FAC-PROV-2026-00001564,2026-06-03 07:56:15.930272-05,744.39,111.66,856.05,2026-07-17 19:22:27.718562-05,2026-07-17 19:22:27.718562-05,script_generator,
1397,45,3,FAC-PROV-2026-00001397,2025-03-30 12:40:02.579842-05,1093.46,164.02,1257.48,2026-07-17 19:22:27.718562-05,2026-07-17 19:22:27.718562-05,script_generator,
1844,45,3,FAC-PROV-2026-00001844,2025-11-23 17:31:05.472264-05,1490.66,223.60,1714.26,2026-07-17 19:22:27.718562-05,2026-07-17 19:22:27.718562-05,script_generator,
1579,45,3,FAC-PROV-2026-00001579,2026-03-02 10:13:03.220632-05,1970.56,295.58,2266.15,2026-07-17 19:22:27.718562-05,2026-07-17 19:22:27.718562-05,script_generator,
711,45,3,FAC-PROV-2026-00000711,2024-05-17 00:31:47.026187-05,926.34,138.95,1065.29,2026-07-17 19:22:27.718562-05,2026-07-17 19:22:27.718562-05,script_generator,
768,45,3,FAC-PROV-2026-00000768,2024-05-18 09:37:42.279779-05,2298.74,344.81,2643.56,2026-07-17 19:22:27.718562-05,2026-07-17 19:22:27.718562-05,script_generator,
1036,45,3,FAC-PROV-2026-00001036,2024-11-05 03:21:30.586313-05,1600.50,240.07,1840.57,2026-07-17 19:22:27.718562-05,2026-07-17 19:22:27.718562-05,script_generator,
838,45,3,FAC-PROV-2026-00000838,2024-03-27 09:43:04.547877-05,2386.59,357.99,2744.58,2026-07-17 19:22:27.718562-05,2026-07-17 19:22:27.718562-05,script_generator,
149,45,3,FAC-PROV-2026-00000149,2025-10-31 05:27:35.706524-05,2488.61,373.29,2861.90,2026-07-17 19:22:27.718562-05,2026-07-17 19:22:27.718562-05,script_generator,
280,45,3,FAC-PROV-2026-00000280,2025-10-26 13:14:00.372618-05,2139.34,320.90,2460.24,2026-07-17 19:22:27.718562-05,2026-07-17 19:22:27.718562-05,script_generator,
1928,45,3,FAC-PROV-2026-00001928,2025-11-20 02:17:26.229937-05,2238.52,335.78,2574.30,2026-07-17 19:22:27.718562-05,2026-07-17 19:22:27.718562-05,script_generator,
88,45,3,FAC-PROV-2026-00000088,2026-03-02 12:40:51.044957-05,950.16,142.52,1092.68,2026-07-17 19:22:27.718562-05,2026-07-17 19:22:27.718562-05,script_generator,
188,45,3,FAC-PROV-2026-00000188,2025-08-22 18:00:22.061347-05,3185.22,477.78,3663.00,2026-07-17 19:22:27.718562-05,2026-07-17 19:22:27.718562-05,script_generator,
461,45,3,FAC-PROV-2026-00000461,2025-02-23 02:00:42.985868-05,1184.27,177.64,1361.92,2026-07-17 19:22:27.718562-05,2026-07-17 19:22:27.718562-05,script_generator,
240,45,3,FAC-PROV-2026-00000240,2026-05-31 13:23:12.728277-05,2369.60,355.44,2725.04,2026-07-17 19:22:27.718562-05,2026-07-17 19:22:27.718562-05,script_generator,
1878,45,3,FAC-PROV-2026-00001878,2024-10-27 08:29:44.012321-05,2230.42,334.56,2564.99,2026-07-17 19:22:27.718562-05,2026-07-17 19:22:27.718562-05,script_generator,
1467,45,3,FAC-PROV-2026-00001467,2024-09-06 14:53:29.113307-05,1278.13,191.72,1469.85,2026-07-17 19:22:27.718562-05,2026-07-17 19:22:27.718562-05,script_generator,
1046,45,3,FAC-PROV-2026-00001046,2024-02-03 11:44:51.311991-05,1864.85,279.73,2144.57,2026-07-17 19:22:27.718562-05,2026-07-17 19:22:27.718562-05,script_generator,
1328,45,3,FAC-PROV-2026-00001328,2025-06-15 04:41:42.707153-05,1290.20,193.53,1483.73,2026-07-17 19:22:27.718562-05,2026-07-17 19:22:27.718562-05,script_generator,
1932,45,3,FAC-PROV-2026-00001932,2024-12-01 15:50:33.555886-05,2666.70,400.00,3066.70,2026-07-17 19:22:27.718562-05,2026-07-17 19:22:27.718562-05,script_generator,
650,45,3,FAC-PROV-2026-00000650,2024-09-18 18:38:44.453277-05,1412.62,211.89,1624.52,2026-07-17 19:22:27.718562-05,2026-07-17 19:22:27.718562-05,script_generator,
703,45,3,FAC-PROV-2026-00000703,2025-12-12 19:26:16.678307-05,2792.36,418.85,3211.22,2026-07-17 19:22:27.718562-05,2026-07-17 19:22:27.718562-05,script_generator,
226,45,3,FAC-PROV-2026-00000226,2024-09-11 01:59:19.454348-05,1932.73,289.91,2222.64,2026-07-17 19:22:27.718562-05,2026-07-17 19:22:27.718562-05,script_generator,
1161,45,3,FAC-PROV-2026-00001161,2025-10-17 22:04:32.336251-05,2669.93,400.49,3070.42,2026-07-17 19:22:27.718562-05,2026-07-17 19:22:27.718562-05,script_generator,
843,45,3,FAC-PROV-2026-00000843,2025-10-19 21:30:45.120906-05,1641.54,246.23,1887.77,2026-07-17 19:22:27.718562-05,2026-07-17 19:22:27.718562-05,script_generator,
447,45,3,FAC-PROV-2026-00000447,2026-06-15 12:01:38.239662-05,1184.10,177.62,1361.72,2026-07-17 19:22:27.718562-05,2026-07-17 19:22:27.718562-05,script_generator,
1911,45,3,FAC-PROV-2026-00001911,2025-10-24 16:56:48.834435-05,1969.12,295.37,2264.49,2026-07-17 19:22:27.718562-05,2026-07-17 19:22:27.718562-05,script_generator,
298,45,3,FAC-PROV-2026-00000298,2024-03-03 04:35:33.348085-05,2824.02,423.60,3247.62,2026-07-17 19:22:27.718562-05,2026-07-17 19:22:27.718562-05,script_generator,
1647,45,3,FAC-PROV-2026-00001647,2024-12-12 02:39:52.806423-05,1512.32,226.85,1739.17,2026-07-17 19:22:27.718562-05,2026-07-17 19:22:27.718562-05,script_generator,
81,45,3,FAC-PROV-2026-00000081,2025-07-26 03:25:53.879069-05,941.55,141.23,1082.79,2026-07-17 19:22:27.718562-05,2026-07-17 19:22:27.718562-05,script_generator,
1684,45,3,FAC-PROV-2026-00001684,2024-01-01 16:41:45.032235-05,1262.45,189.37,1451.81,2026-07-17 19:22:27.718562-05,2026-07-17 19:22:27.718562-05,script_generator,
1944,45,3,FAC-PROV-2026-00001944,2026-02-26 17:35:33.010185-05,2714.22,407.13,3121.35,2026-07-17 19:22:27.718562-05,2026-07-17 19:22:27.718562-05,script_generator,
1639,45,3,FAC-PROV-2026-00001639,2025-01-22 08:27:31.052695-05,2607.87,391.18,2999.05,2026-07-17 19:22:27.718562-05,2026-07-17 19:22:27.718562-05,script_generator,
800,45,3,FAC-PROV-2026-00000800,2026-02-14 19:44:51.727735-05,925.57,138.84,1064.40,2026-07-17 19:22:27.718562-05,2026-07-17 19:22:27.718562-05,script_generator,
1495,45,3,FAC-PROV-2026-00001495,2025-06-24 00:33:09.313604-05,2500.10,375.01,2875.11,2026-07-17 19:22:27.718562-05,2026-07-17 19:22:27.718562-05,script_generator,
204,45,3,FAC-PROV-2026-00000204,2025-03-26 19:53:32.194365-05,1350.67,202.60,1553.28,2026-07-17 19:22:27.718562-05,2026-07-17 19:22:27.718562-05,script_generator,
1021,45,3,FAC-PROV-2026-00001021,2024-07-24 11:32:06.682607-05,2710.21,406.53,3116.74,2026-07-17 19:22:27.718562-05,2026-07-17 19:22:27.718562-05,script_generator,
5,45,3,FAC-PROV-2026-00000005,2026-05-01 01:56:21.808125-05,2302.29,345.34,2647.63,2026-07-17 19:22:27.718562-05,2026-07-17 19:22:27.718562-05,script_generator,
1165,45,3,FAC-PROV-2026-00001165,2024-12-13 03:00:03.535632-05,1597.29,239.59,1836.88,2026-07-17 19:22:27.718562-05,2026-07-17 19:22:27.718562-05,script_generator,
1608,45,3,FAC-PROV-2026-00001608,2025-05-11 08:46:01.70357-05,2566.12,384.92,2951.03,2026-07-17 19:22:27.718562-05,2026-07-17 19:22:27.718562-05,script_generator,
1429,45,3,FAC-PROV-2026-00001429,2025-08-22 16:00:15.973632-05,749.15,112.37,861.53,2026-07-17 19:22:27.718562-05,2026-07-17 19:22:27.718562-05,script_generator,
283,45,3,FAC-PROV-2026-00000283,2026-05-02 07:31:20.119045-05,2921.46,438.22,3359.68,2026-07-17 19:22:27.718562-05,2026-07-17 19:22:27.718562-05,script_generator,
807,45,3,FAC-PROV-2026-00000807,2026-06-12 21:34:44.004898-05,1138.68,170.80,1309.48,2026-07-17 19:22:27.718562-05,2026-07-17 19:22:27.718562-05,script_generator,
624,45,3,FAC-PROV-2026-00000624,2024-01-11 19:30:01.131556-05,1832.79,274.92,2107.71,2026-07-17 19:22:27.718562-05,2026-07-17 19:22:27.718562-05,script_generator,
681,45,3,FAC-PROV-2026-00000681,2024-03-16 21:22:18.724116-05,2365.56,354.83,2720.40,2026-07-17 19:22:27.718562-05,2026-07-17 19:22:27.718562-05,script_generator,
361,45,3,FAC-PROV-2026-00000361,2025-09-18 04:39:59.586134-05,1014.44,152.17,1166.60,2026-07-17 19:22:27.718562-05,2026-07-17 19:22:27.718562-05,script_generator,
1173,45,3,FAC-PROV-2026-00001173,2026-05-13 07:22:51.436978-05,2041.10,306.16,2347.26,2026-07-17 19:22:27.718562-05,2026-07-17 19:22:27.718562-05,script_generator,
1508,45,3,FAC-PROV-2026-00001508,2024-09-27 17:43:37.036794-05,2145.95,321.89,2467.84,2026-07-17 19:22:27.718562-05,2026-07-17 19:22:27.718562-05,script_generator,
829,45,3,FAC-PROV-2026-00000829,2024-09-05 22:44:21.724583-05,1583.38,237.51,1820.89,2026-07-17 19:22:27.718562-05,2026-07-17 19:22:27.718562-05,script_generator,
1557,45,3,FAC-PROV-2026-00001557,2024-03-22 07:04:34.964996-05,1223.30,183.49,1406.79,2026-07-17 19:22:27.718562-05,2026-07-17 19:22:27.718562-05,script_generator,
785,45,3,FAC-PROV-2026-00000785,2025-05-30 07:45:20.561748-05,2026.95,304.04,2330.99,2026-07-17 19:22:27.718562-05,2026-07-17 19:22:27.718562-05,script_generator,
643,45,3,FAC-PROV-2026-00000643,2025-11-22 09:42:37.735145-05,1756.19,263.43,2019.62,2026-07-17 19:22:27.718562-05,2026-07-17 19:22:27.718562-05,script_generator,
472,45,3,FAC-PROV-2026-00000472,2025-06-08 07:11:02.358182-05,2236.68,335.50,2572.18,2026-07-17 19:22:27.718562-05,2026-07-17 19:22:27.718562-05,script_generator,
444,45,3,FAC-PROV-2026-00000444,2024-09-22 02:44:20.715659-05,887.33,133.10,1020.43,2026-07-17 19:22:27.718562-05,2026-07-17 19:22:27.718562-05,script_generator,
537,45,3,FAC-PROV-2026-00000537,2024-09-09 02:25:34.574318-05,854.09,128.11,982.21,2026-07-17 19:22:27.718562-05,2026-07-17 19:22:27.718562-05,script_generator,
1914,45,3,FAC-PROV-2026-00001914,2025-10-06 08:25:34.092861-05,1716.85,257.53,1974.38,2026-07-17 19:22:27.718562-05,2026-07-17 19:22:27.718562-05,script_generator,
1401,45,3,FAC-PROV-2026-00001401,2026-04-21 23:43:13.954245-05,1865.36,279.80,2145.16,2026-07-17 19:22:27.718562-05,2026-07-17 19:22:27.718562-05,script_generator,
373,45,3,FAC-PROV-2026-00000373,2025-09-03 08:21:37.03783-05,1409.10,211.36,1620.46,2026-07-17 19:22:27.718562-05,2026-07-17 19:22:27.718562-05,script_generator,
252,45,3,FAC-PROV-2026-00000252,2025-09-26 09:24:07.001561-05,1707.80,256.17,1963.97,2026-07-17 19:22:27.718562-05,2026-07-17 19:22:27.718562-05,script_generator,
343,45,3,FAC-PROV-2026-00000343,2024-11-18 07:07:37.232701-05,1429.12,214.37,1643.49,2026-07-17 19:22:27.718562-05,2026-07-17 19:22:27.718562-05,script_generator,
31,45,3,FAC-PROV-2026-00000031,2024-07-15 05:25:22.484454-05,1873.37,281.00,2154.37,2026-07-17 19:22:27.718562-05,2026-07-17 19:22:27.718562-05,script_generator,
1199,45,3,FAC-PROV-2026-00001199,2025-01-20 08:31:56.107236-05,2272.12,340.82,2612.94,2026-07-17 19:22:27.718562-05,2026-07-17 19:22:27.718562-05,script_generator,
1316,45,3,FAC-PROV-2026-00001316,2026-01-26 06:49:35.43151-05,1548.38,232.26,1780.63,2026-07-17 19:22:27.718562-05,2026-07-17 19:22:27.718562-05,script_generator,
1086,45,3,FAC-PROV-2026-00001086,2024-01-09 19:07:43.178289-05,2862.72,429.41,3292.13,2026-07-17 19:22:27.718562-05,2026-07-17 19:22:27.718562-05,script_generator,
722,45,3,FAC-PROV-2026-00000722,2025-05-08 06:49:12.848467-05,1782.08,267.31,2049.39,2026-07-17 19:22:27.718562-05,2026-07-17 19:22:27.718562-05,script_generator,
1757,45,3,FAC-PROV-2026-00001757,2025-02-06 01:06:49.611517-05,777.20,116.58,893.79,2026-07-17 19:22:27.718562-05,2026-07-17 19:22:27.718562-05,script_generator,
1097,45,3,FAC-PROV-2026-00001097,2024-01-24 22:11:50.978213-05,1339.76,200.96,1540.73,2026-07-17 19:22:27.718562-05,2026-07-17 19:22:27.718562-05,script_generator,
199,45,3,FAC-PROV-2026-00000199,2026-01-28 20:48:00.340646-05,2471.11,370.67,2841.77,2026-07-17 19:22:27.718562-05,2026-07-17 19:22:27.718562-05,script_generator,
1374,45,3,FAC-PROV-2026-00001374,2024-01-17 19:32:28.161608-05,2483.98,372.60,2856.58,2026-07-17 19:22:27.718562-05,2026-07-17 19:22:27.718562-05,script_generator,
369,45,3,FAC-PROV-2026-00000369,2025-11-19 18:54:05.385417-05,2339.91,350.99,2690.89,2026-07-17 19:22:27.718562-05,2026-07-17 19:22:27.718562-05,script_generator,
243,45,3,FAC-PROV-2026-00000243,2024-02-04 20:29:31.727832-05,2149.42,322.41,2471.83,2026-07-17 19:22:27.718562-05,2026-07-17 19:22:27.718562-05,script_generator,
1264,45,3,FAC-PROV-2026-00001264,2026-07-10 11:09:11.364173-05,1206.45,180.97,1387.42,2026-07-17 19:22:27.718562-05,2026-07-17 19:22:27.718562-05,script_generator,
902,45,3,FAC-PROV-2026-00000902,2024-10-27 19:00:43.302155-05,1614.63,242.19,1856.83,2026-07-17 19:22:27.718562-05,2026-07-17 19:22:27.718562-05,script_generator,
1309,45,3,FAC-PROV-2026-00001309,2026-04-17 06:59:26.133086-05,1322.73,198.41,1521.14,2026-07-17 19:22:27.718562-05,2026-07-17 19:22:27.718562-05,script_generator,
1142,45,3,FAC-PROV-2026-00001142,2024-04-08 00:32:03.002868-05,1383.93,207.59,1591.52,2026-07-17 19:22:27.718562-05,2026-07-17 19:22:27.718562-05,script_generator,
740,45,3,FAC-PROV-2026-00000740,2024-07-20 13:00:55.461186-05,1510.41,226.56,1736.97,2026-07-17 19:22:27.718562-05,2026-07-17 19:22:27.718562-05,script_generator,
1178,45,3,FAC-PROV-2026-00001178,2025-10-13 15:24:43.953916-05,546.74,82.01,628.75,2026-07-17 19:22:27.718562-05,2026-07-17 19:22:27.718562-05,script_generator,
856,45,3,FAC-PROV-2026-00000856,2026-05-23 17:45:01.165273-05,1922.36,288.35,2210.71,2026-07-17 19:22:27.718562-05,2026-07-17 19:22:27.718562-05,script_generator,
230,45,3,FAC-PROV-2026-00000230,2025-07-16 11:56:56.735149-05,2076.37,311.46,2387.83,2026-07-17 19:22:27.718562-05,2026-07-17 19:22:27.718562-05,script_generator,
1864,45,3,FAC-PROV-2026-00001864,2025-07-05 18:41:04.163791-05,1606.95,241.04,1848.00,2026-07-17 19:22:27.718562-05,2026-07-17 19:22:27.718562-05,script_generator,
1917,45,3,FAC-PROV-2026-00001917,2026-06-24 07:54:16.305439-05,1395.18,209.28,1604.45,2026-07-17 19:22:27.718562-05,2026-07-17 19:22:27.718562-05,script_generator,
1663,45,3,FAC-PROV-2026-00001663,2025-05-13 12:37:25.795176-05,1541.09,231.16,1772.26,2026-07-17 19:22:27.718562-05,2026-07-17 19:22:27.718562-05,script_generator,
78,45,3,FAC-PROV-2026-00000078,2026-06-09 07:56:26.955621-05,2251.56,337.73,2589.29,2026-07-17 19:22:27.718562-05,2026-07-17 19:22:27.718562-05,script_generator,
573,45,3,FAC-PROV-2026-00000573,2025-06-26 17:43:51.906218-05,2274.39,341.16,2615.55,2026-07-17 19:22:27.718562-05,2026-07-17 19:22:27.718562-05,script_generator,
1998,45,3,FAC-PROV-2026-00001998,2026-01-28 11:22:14.691636-05,2721.76,408.26,3130.02,2026-07-17 19:22:27.718562-05,2026-07-17 19:22:27.718562-05,script_generator,
1451,45,3,FAC-PROV-2026-00001451,2024-12-12 16:47:07.038793-05,2716.94,407.54,3124.48,2026-07-17 19:22:27.718562-05,2026-07-17 19:22:27.718562-05,script_generator,
987,45,3,FAC-PROV-2026-00000987,2024-07-13 14:08:40.514179-05,2196.20,329.43,2525.63,2026-07-17 19:22:27.718562-05,2026-07-17 19:22:27.718562-05,script_generator,
852,45,3,FAC-PROV-2026-00000852,2025-11-16 14:18:45.883849-05,1618.20,242.73,1860.93,2026-07-17 19:22:27.718562-05,2026-07-17 19:22:27.718562-05,script_generator,
250,45,3,FAC-PROV-2026-00000250,2024-09-05 15:34:05.828569-05,981.74,147.26,1129.00,2026-07-17 19:22:27.718562-05,2026-07-17 19:22:27.718562-05,script_generator,
1927,45,3,FAC-PROV-2026-00001927,2025-03-11 08:50:37.759321-05,1990.35,298.55,2288.90,2026-07-17 19:22:27.718562-05,2026-07-17 19:22:27.718562-05,script_generator,
611,45,3,FAC-PROV-2026-00000611,2025-02-05 05:25:15.673018-05,1833.97,275.10,2109.06,2026-07-17 19:22:27.718562-05,2026-07-17 19:22:27.718562-05,script_generator,
621,45,3,FAC-PROV-2026-00000621,2025-04-04 00:54:44.920804-05,1019.41,152.91,1172.33,2026-07-17 19:22:27.718562-05,2026-07-17 19:22:27.718562-05,script_generator,
1246,45,3,FAC-PROV-2026-00001246,2024-03-16 21:15:25.874606-05,3159.23,473.88,3633.11,2026-07-17 19:22:27.718562-05,2026-07-17 19:22:27.718562-05,script_generator,
1382,45,3,FAC-PROV-2026-00001382,2024-07-10 21:38:04.568846-05,2193.92,329.09,2523.01,2026-07-17 19:22:27.718562-05,2026-07-17 19:22:27.718562-05,script_generator,
1206,45,3,FAC-PROV-2026-00001206,2025-08-05 23:32:19.288831-05,2562.30,384.35,2946.65,2026-07-17 19:22:27.718562-05,2026-07-17 19:22:27.718562-05,script_generator,
1852,45,3,FAC-PROV-2026-00001852,2024-07-03 13:50:13.65966-05,778.20,116.73,894.93,2026-07-17 19:22:27.718562-05,2026-07-17 19:22:27.718562-05,script_generator,
1937,45,3,FAC-PROV-2026-00001937,2026-04-06 15:26:10.919889-05,2648.32,397.25,3045.57,2026-07-17 19:22:27.718562-05,2026-07-17 19:22:27.718562-05,script_generator,
585,45,3,FAC-PROV-2026-00000585,2025-09-18 06:40:39.839588-05,1772.18,265.83,2038.00,2026-07-17 19:22:27.718562-05,2026-07-17 19:22:27.718562-05,script_generator,
1775,45,3,FAC-PROV-2026-00001775,2024-01-22 14:03:54.936963-05,2310.72,346.61,2657.32,2026-07-17 19:22:27.718562-05,2026-07-17 19:22:27.718562-05,script_generator,
1310,45,3,FAC-PROV-2026-00001310,2024-03-15 14:30:36.961992-05,1635.53,245.33,1880.86,2026-07-17 19:22:27.718562-05,2026-07-17 19:22:27.718562-05,script_generator,
708,45,3,FAC-PROV-2026-00000708,2024-02-24 10:08:20.500521-05,1332.13,199.82,1531.95,2026-07-17 19:22:27.718562-05,2026-07-17 19:22:27.718562-05,script_generator,
455,45,3,FAC-PROV-2026-00000455,2025-03-19 00:08:43.739951-05,1276.96,191.54,1468.50,2026-07-17 19:22:27.718562-05,2026-07-17 19:22:27.718562-05,script_generator,
1630,45,3,FAC-PROV-2026-00001630,2026-01-03 04:55:04.884191-05,2425.87,363.88,2789.75,2026-07-17 19:22:27.718562-05,2026-07-17 19:22:27.718562-05,script_generator,
1693,45,3,FAC-PROV-2026-00001693,2026-06-19 13:24:53.747663-05,1437.08,215.56,1652.65,2026-07-17 19:22:27.718562-05,2026-07-17 19:22:27.718562-05,script_generator,
1592,45,3,FAC-PROV-2026-00001592,2026-05-19 03:36:03.079019-05,1619.19,242.88,1862.07,2026-07-17 19:22:27.718562-05,2026-07-17 19:22:27.718562-05,script_generator,
713,45,3,FAC-PROV-2026-00000713,2024-07-13 20:52:17.417565-05,1320.76,198.11,1518.87,2026-07-17 19:22:27.718562-05,2026-07-17 19:22:27.718562-05,script_generator,
1205,45,3,FAC-PROV-2026-00001205,2026-06-26 21:25:08.635835-05,958.38,143.76,1102.14,2026-07-17 19:22:27.718562-05,2026-07-17 19:22:27.718562-05,script_generator,
448,45,3,FAC-PROV-2026-00000448,2026-04-10 06:31:34.378371-05,1160.48,174.07,1334.56,2026-07-17 19:22:27.718562-05,2026-07-17 19:22:27.718562-05,script_generator,
930,45,3,FAC-PROV-2026-00000930,2025-10-09 22:41:06.738222-05,2649.75,397.46,3047.21,2026-07-17 19:22:27.718562-05,2026-07-17 19:22:27.718562-05,script_generator,
701,45,3,FAC-PROV-2026-00000701,2024-12-11 22:15:34.077332-05,1489.08,223.36,1712.45,2026-07-17 19:22:27.718562-05,2026-07-17 19:22:27.718562-05,script_generator,
1861,45,3,FAC-PROV-2026-00001861,2025-02-03 05:31:46.159593-05,2468.88,370.33,2839.21,2026-07-17 19:22:27.718562-05,2026-07-17 19:22:27.718562-05,script_generator,
1092,45,3,FAC-PROV-2026-00001092,2026-02-25 19:59:38.429566-05,2916.54,437.48,3354.02,2026-07-17 19:22:27.718562-05,2026-07-17 19:22:27.718562-05,script_generator,
132,45,3,FAC-PROV-2026-00000132,2024-03-02 04:55:57.41125-05,1801.64,270.25,2071.89,2026-07-17 19:22:27.718562-05,2026-07-17 19:22:27.718562-05,script_generator,
322,45,3,FAC-PROV-2026-00000322,2026-03-09 22:06:37.578056-05,1229.61,184.44,1414.05,2026-07-17 19:22:27.718562-05,2026-07-17 19:22:27.718562-05,script_generator,
1414,45,3,FAC-PROV-2026-00001414,2025-12-05 05:03:51.120504-05,2586.03,387.90,2973.93,2026-07-17 19:22:27.718562-05,2026-07-17 19:22:27.718562-05,script_generator,
1953,45,3,FAC-PROV-2026-00001953,2026-04-13 02:40:22.903418-05,1692.78,253.92,1946.69,2026-07-17 19:22:27.718562-05,2026-07-17 19:22:27.718562-05,script_generator,
863,45,3,FAC-PROV-2026-00000863,2024-06-17 22:57:17.86482-05,1523.14,228.47,1751.61,2026-07-17 19:22:27.718562-05,2026-07-17 19:22:27.718562-05,script_generator,
1106,45,3,FAC-PROV-2026-00001106,2024-04-30 19:18:54.709348-05,1915.72,287.36,2203.08,2026-07-17 19:22:27.718562-05,2026-07-17 19:22:27.718562-05,script_generator,
1886,45,3,FAC-PROV-2026-00001886,2025-06-13 00:02:28.757296-05,1963.00,294.45,2257.45,2026-07-17 19:22:27.718562-05,2026-07-17 19:22:27.718562-05,script_generator,
1052,45,3,FAC-PROV-2026-00001052,2026-06-29 21:53:17.569453-05,1064.08,159.61,1223.69,2026-07-17 19:22:27.718562-05,2026-07-17 19:22:27.718562-05,script_generator,
1413,45,3,FAC-PROV-2026-00001413,2025-10-01 14:26:16.867126-05,1598.39,239.76,1838.15,2026-07-17 19:22:27.718562-05,2026-07-17 19:22:27.718562-05,script_generator,
289,45,3,FAC-PROV-2026-00000289,2025-05-18 05:56:40.346627-05,1613.51,242.03,1855.53,2026-07-17 19:22:27.718562-05,2026-07-17 19:22:27.718562-05,script_generator,
583,45,3,FAC-PROV-2026-00000583,2024-12-03 12:00:26.661441-05,1614.80,242.22,1857.02,2026-07-17 19:22:27.718562-05,2026-07-17 19:22:27.718562-05,script_generator,
65,45,3,FAC-PROV-2026-00000065,2026-05-03 20:29:41.152673-05,3156.99,473.55,3630.54,2026-07-17 19:22:27.718562-05,2026-07-17 19:22:27.718562-05,script_generator,
1202,45,3,FAC-PROV-2026-00001202,2024-04-04 02:50:25.172894-05,2915.77,437.36,3353.13,2026-07-17 19:22:27.718562-05,2026-07-17 19:22:27.718562-05,script_generator,
693,45,3,FAC-PROV-2026-00000693,2025-07-19 04:27:29.154483-05,969.73,145.46,1115.19,2026-07-17 19:22:27.718562-05,2026-07-17 19:22:27.718562-05,script_generator,
1400,45,3,FAC-PROV-2026-00001400,2024-11-01 14:00:02.374221-05,1255.48,188.32,1443.80,2026-07-17 19:22:27.718562-05,2026-07-17 19:22:27.718562-05,script_generator,
744,45,3,FAC-PROV-2026-00000744,2024-10-03 01:06:03.667852-05,2599.52,389.93,2989.44,2026-07-17 19:22:27.718562-05,2026-07-17 19:22:27.718562-05,script_generator,
1462,45,3,FAC-PROV-2026-00001462,2026-04-12 16:45:28.189273-05,2188.54,328.28,2516.82,2026-07-17 19:22:27.718562-05,2026-07-17 19:22:27.718562-05,script_generator,
527,45,3,FAC-PROV-2026-00000527,2026-02-15 14:18:47.898392-05,1120.23,168.04,1288.27,2026-07-17 19:22:27.718562-05,2026-07-17 19:22:27.718562-05,script_generator,
490,45,3,FAC-PROV-2026-00000490,2025-02-19 23:47:16.017132-05,1227.28,184.09,1411.37,2026-07-17 19:22:27.718562-05,2026-07-17 19:22:27.718562-05,script_generator,
627,45,3,FAC-PROV-2026-00000627,2025-09-13 02:41:25.905494-05,1326.47,198.97,1525.44,2026-07-17 19:22:27.718562-05,2026-07-17 19:22:27.718562-05,script_generator,
119,45,3,FAC-PROV-2026-00000119,2026-06-12 10:35:51.237723-05,1521.55,228.23,1749.78,2026-07-17 19:22:27.718562-05,2026-07-17 19:22:27.718562-05,script_generator,
286,45,3,FAC-PROV-2026-00000286,2025-09-05 15:53:05.688208-05,1487.98,223.20,1711.18,2026-07-17 19:22:27.718562-05,2026-07-17 19:22:27.718562-05,script_generator,
376,45,3,FAC-PROV-2026-00000376,2026-05-24 05:06:11.275901-05,1180.12,177.02,1357.14,2026-07-17 19:22:27.718562-05,2026-07-17 19:22:27.718562-05,script_generator,
147,45,3,FAC-PROV-2026-00000147,2024-11-30 05:28:32.768097-05,1944.91,291.74,2236.65,2026-07-17 19:22:27.718562-05,2026-07-17 19:22:27.718562-05,script_generator,
860,45,3,FAC-PROV-2026-00000860,2025-06-29 00:50:31.057924-05,2786.27,417.94,3204.21,2026-07-17 19:22:27.718562-05,2026-07-17 19:22:27.718562-05,script_generator,
480,45,3,FAC-PROV-2026-00000480,2025-02-22 09:10:52.028693-05,1382.03,207.30,1589.33,2026-07-17 19:22:27.718562-05,2026-07-17 19:22:27.718562-05,script_generator,
1834,45,3,FAC-PROV-2026-00001834,2026-01-22 19:28:08.86207-05,2715.98,407.40,3123.37,2026-07-17 19:22:27.718562-05,2026-07-17 19:22:27.718562-05,script_generator,
1941,45,3,FAC-PROV-2026-00001941,2024-04-17 11:29:20.552776-05,2907.69,436.15,3343.84,2026-07-17 19:22:27.718562-05,2026-07-17 19:22:27.718562-05,script_generator,
1470,45,3,FAC-PROV-2026-00001470,2024-04-22 03:50:20.384875-05,1444.80,216.72,1661.52,2026-07-17 19:22:27.718562-05,2026-07-17 19:22:27.718562-05,script_generator,
989,45,3,FAC-PROV-2026-00000989,2024-02-04 11:33:41.680621-05,1739.04,260.86,1999.90,2026-07-17 19:22:27.718562-05,2026-07-17 19:22:27.718562-05,script_generator,
535,45,3,FAC-PROV-2026-00000535,2025-07-13 19:16:45.534625-05,1475.68,221.35,1697.03,2026-07-17 19:22:27.718562-05,2026-07-17 19:22:27.718562-05,script_generator,
1159,45,3,FAC-PROV-2026-00001159,2026-06-19 23:02:44.915468-05,1714.25,257.14,1971.39,2026-07-17 19:22:27.718562-05,2026-07-17 19:22:27.718562-05,script_generator,
642,45,3,FAC-PROV-2026-00000642,2025-12-16 17:03:41.312724-05,1769.26,265.39,2034.65,2026-07-17 19:22:27.718562-05,2026-07-17 19:22:27.718562-05,script_generator,
725,45,3,FAC-PROV-2026-00000725,2026-05-25 04:55:21.684815-05,2746.45,411.97,3158.42,2026-07-17 19:22:27.718562-05,2026-07-17 19:22:27.718562-05,script_generator,
832,45,3,FAC-PROV-2026-00000832,2025-04-29 16:18:47.999012-05,1205.55,180.83,1386.39,2026-07-17 19:22:27.718562-05,2026-07-17 19:22:27.718562-05,script_generator,
907,45,3,FAC-PROV-2026-00000907,2024-03-06 14:32:17.448244-05,2470.25,370.54,2840.79,2026-07-17 19:22:27.718562-05,2026-07-17 19:22:27.718562-05,script_generator,
1784,45,3,FAC-PROV-2026-00001784,2025-07-04 11:41:18.798007-05,1534.13,230.12,1764.25,2026-07-17 19:22:27.718562-05,2026-07-17 19:22:27.718562-05,script_generator,
1766,45,3,FAC-PROV-2026-00001766,2024-08-08 16:41:50.763141-05,1632.45,244.87,1877.32,2026-07-17 19:22:27.718562-05,2026-07-17 19:22:27.718562-05,script_generator,
1001,45,3,FAC-PROV-2026-00001001,2024-06-26 02:19:58.431411-05,2269.26,340.39,2609.65,2026-07-17 19:22:27.718562-05,2026-07-17 19:22:27.718562-05,script_generator,
746,45,3,FAC-PROV-2026-00000746,2024-02-15 02:20:35.811311-05,1862.57,279.39,2141.96,2026-07-17 19:22:27.718562-05,2026-07-17 19:22:27.718562-05,script_generator,
1469,45,3,FAC-PROV-2026-00001469,2025-08-11 16:04:56.653297-05,1434.61,215.19,1649.80,2026-07-17 19:22:27.718562-05,2026-07-17 19:22:27.718562-05,script_generator,
1820,45,3,FAC-PROV-2026-00001820,2026-06-20 08:50:37.539714-05,968.26,145.24,1113.50,2026-07-17 19:22:27.718562-05,2026-07-17 19:22:27.718562-05,script_generator,
1863,45,3,FAC-PROV-2026-00001863,2024-06-28 23:37:14.882062-05,1303.73,195.56,1499.29,2026-07-17 19:22:27.718562-05,2026-07-17 19:22:27.718562-05,script_generator,
1764,45,3,FAC-PROV-2026-00001764,2025-10-16 01:00:37.156276-05,2232.36,334.85,2567.22,2026-07-17 19:22:27.718562-05,2026-07-17 19:22:27.718562-05,script_generator,
1335,45,3,FAC-PROV-2026-00001335,2025-04-08 05:21:53.06081-05,1118.31,167.75,1286.06,2026-07-17 19:22:27.718562-05,2026-07-17 19:22:27.718562-05,script_generator,
1305,45,3,FAC-PROV-2026-00001305,2024-02-03 10:50:30.226765-05,2509.49,376.42,2885.91,2026-07-17 19:22:27.718562-05,2026-07-17 19:22:27.718562-05,script_generator,
1943,45,3,FAC-PROV-2026-00001943,2025-05-07 05:17:26.635921-05,1037.24,155.59,1192.83,2026-07-17 19:22:27.718562-05,2026-07-17 19:22:27.718562-05,script_generator,
1568,45,3,FAC-PROV-2026-00001568,2024-12-23 19:22:13.917709-05,2454.94,368.24,2823.18,2026-07-17 19:22:27.718562-05,2026-07-17 19:22:27.718562-05,script_generator,
1297,45,3,FAC-PROV-2026-00001297,2024-11-17 04:10:54.276376-05,2287.06,343.06,2630.12,2026-07-17 19:22:27.718562-05,2026-07-17 19:22:27.718562-05,script_generator,
1869,45,3,FAC-PROV-2026-00001869,2024-09-07 18:02:11.329041-05,908.67,136.30,1044.97,2026-07-17 19:22:27.718562-05,2026-07-17 19:22:27.718562-05,script_generator,
918,45,3,FAC-PROV-2026-00000918,2024-02-02 20:48:06.759064-05,2324.52,348.68,2673.20,2026-07-17 19:22:27.718562-05,2026-07-17 19:22:27.718562-05,script_generator,
1293,45,3,FAC-PROV-2026-00001293,2025-05-14 23:53:59.611809-05,2526.51,378.98,2905.48,2026-07-17 19:22:27.718562-05,2026-07-17 19:22:27.718562-05,script_generator,
848,45,3,FAC-PROV-2026-00000848,2024-10-23 01:25:31.767713-05,2692.72,403.91,3096.62,2026-07-17 19:22:27.718562-05,2026-07-17 19:22:27.718562-05,script_generator,
1303,45,3,FAC-PROV-2026-00001303,2024-09-07 14:59:49.888219-05,2032.52,304.88,2337.39,2026-07-17 19:22:27.718562-05,2026-07-17 19:22:27.718562-05,script_generator,
430,45,3,FAC-PROV-2026-00000430,2024-10-03 21:41:07.674382-05,1338.06,200.71,1538.77,2026-07-17 19:22:27.718562-05,2026-07-17 19:22:27.718562-05,script_generator,
158,45,3,FAC-PROV-2026-00000158,2026-05-19 17:39:14.115084-05,1543.39,231.51,1774.90,2026-07-17 19:22:27.718562-05,2026-07-17 19:22:27.718562-05,script_generator,
1703,45,3,FAC-PROV-2026-00001703,2025-03-02 11:27:05.550352-05,2700.19,405.03,3105.22,2026-07-17 19:22:27.718562-05,2026-07-17 19:22:27.718562-05,script_generator,
459,45,3,FAC-PROV-2026-00000459,2025-10-01 20:48:01.234521-05,2100.06,315.01,2415.07,2026-07-17 19:22:27.718562-05,2026-07-17 19:22:27.718562-05,script_generator,
1783,45,3,FAC-PROV-2026-00001783,2026-03-18 17:25:01.763425-05,1085.25,162.79,1248.03,2026-07-17 19:22:27.718562-05,2026-07-17 19:22:27.718562-05,script_generator,
1588,45,3,FAC-PROV-2026-00001588,2025-08-19 21:16:47.392821-05,1413.58,212.04,1625.61,2026-07-17 19:22:27.718562-05,2026-07-17 19:22:27.718562-05,script_generator,
123,45,3,FAC-PROV-2026-00000123,2026-06-21 20:04:30.500006-05,2142.27,321.34,2463.61,2026-07-17 19:22:27.718562-05,2026-07-17 19:22:27.718562-05,script_generator,
1418,45,3,FAC-PROV-2026-00001418,2025-10-01 06:43:11.938536-05,2918.42,437.76,3356.18,2026-07-17 19:22:27.718562-05,2026-07-17 19:22:27.718562-05,script_generator,
1180,45,3,FAC-PROV-2026-00001180,2026-03-25 06:28:15.591183-05,2761.23,414.18,3175.42,2026-07-17 19:22:27.718562-05,2026-07-17 19:22:27.718562-05,script_generator,
881,45,3,FAC-PROV-2026-00000881,2025-06-14 05:00:51.809819-05,2474.68,371.20,2845.88,2026-07-17 19:22:27.718562-05,2026-07-17 19:22:27.718562-05,script_generator,
385,45,3,FAC-PROV-2026-00000385,2025-11-21 11:53:50.742413-05,1154.33,173.15,1327.48,2026-07-17 19:22:27.718562-05,2026-07-17 19:22:27.718562-05,script_generator,
492,45,3,FAC-PROV-2026-00000492,2025-07-17 03:42:00.286811-05,2035.40,305.31,2340.72,2026-07-17 19:22:27.718562-05,2026-07-17 19:22:27.718562-05,script_generator,
544,45,3,FAC-PROV-2026-00000544,2024-05-29 07:18:39.664062-05,2353.48,353.02,2706.51,2026-07-17 19:22:27.718562-05,2026-07-17 19:22:27.718562-05,script_generator,
1631,45,3,FAC-PROV-2026-00001631,2024-05-30 03:05:14.888048-05,2428.36,364.25,2792.62,2026-07-17 19:22:27.718562-05,2026-07-17 19:22:27.718562-05,script_generator,
1680,45,3,FAC-PROV-2026-00001680,2025-12-23 07:05:36.897824-05,687.80,103.17,790.97,2026-07-17 19:22:27.718562-05,2026-07-17 19:22:27.718562-05,script_generator,
606,45,3,FAC-PROV-2026-00000606,2025-07-31 21:16:59.179599-05,2498.17,374.72,2872.89,2026-07-17 19:22:27.718562-05,2026-07-17 19:22:27.718562-05,script_generator,
1667,45,3,FAC-PROV-2026-00001667,2025-03-15 23:38:53.34687-05,1987.66,298.15,2285.81,2026-07-17 19:22:27.718562-05,2026-07-17 19:22:27.718562-05,script_generator,
308,45,3,FAC-PROV-2026-00000308,2025-11-06 17:56:39.002008-05,1835.55,275.33,2110.88,2026-07-17 19:22:27.718562-05,2026-07-17 19:22:27.718562-05,script_generator,
880,45,3,FAC-PROV-2026-00000880,2025-06-16 22:00:54.701658-05,1630.88,244.63,1875.52,2026-07-17 19:22:27.718562-05,2026-07-17 19:22:27.718562-05,script_generator,
1072,45,3,FAC-PROV-2026-00001072,2024-06-01 05:49:28.836353-05,2150.36,322.55,2472.91,2026-07-17 19:22:27.718562-05,2026-07-17 19:22:27.718562-05,script_generator,
1586,45,3,FAC-PROV-2026-00001586,2026-04-29 18:35:27.877752-05,1371.64,205.75,1577.39,2026-07-17 19:22:27.718562-05,2026-07-17 19:22:27.718562-05,script_generator,
248,45,3,FAC-PROV-2026-00000248,2024-01-02 06:15:43.304939-05,2030.30,304.54,2334.84,2026-07-17 19:22:27.718562-05,2026-07-17 19:22:27.718562-05,script_generator,
1918,45,3,FAC-PROV-2026-00001918,2026-01-09 11:53:51.494487-05,1742.92,261.44,2004.35,2026-07-17 19:22:27.718562-05,2026-07-17 19:22:27.718562-05,script_generator,
208,45,3,FAC-PROV-2026-00000208,2024-11-09 08:54:26.411067-05,2112.21,316.83,2429.05,2026-07-17 19:22:27.718562-05,2026-07-17 19:22:27.718562-05,script_generator,
614,45,3,FAC-PROV-2026-00000614,2025-05-15 10:58:57.668872-05,2558.08,383.71,2941.79,2026-07-17 19:22:27.718562-05,2026-07-17 19:22:27.718562-05,script_generator,
24,45,3,FAC-PROV-2026-00000024,2025-09-25 08:11:21.922586-05,891.60,133.74,1025.35,2026-07-17 19:22:27.718562-05,2026-07-17 19:22:27.718562-05,script_generator,
1607,45,3,FAC-PROV-2026-00001607,2024-09-01 06:31:37.512315-05,1026.18,153.93,1180.11,2026-07-17 19:22:27.718562-05,2026-07-17 19:22:27.718562-05,script_generator,
966,45,3,FAC-PROV-2026-00000966,2024-07-15 20:33:57.517493-05,831.15,124.67,955.82,2026-07-17 19:22:27.718562-05,2026-07-17 19:22:27.718562-05,script_generator,
94,45,3,FAC-PROV-2026-00000094,2024-08-12 22:01:22.083824-05,2831.42,424.71,3256.14,2026-07-17 19:22:27.718562-05,2026-07-17 19:22:27.718562-05,script_generator,
1055,45,3,FAC-PROV-2026-00001055,2026-06-20 10:24:37.111935-05,1725.43,258.81,1984.25,2026-07-17 19:22:27.718562-05,2026-07-17 19:22:27.718562-05,script_generator,
1188,45,3,FAC-PROV-2026-00001188,2026-06-19 00:26:04.194723-05,2020.45,303.07,2323.52,2026-07-17 19:22:27.718562-05,2026-07-17 19:22:27.718562-05,script_generator,
49,45,3,FAC-PROV-2026-00000049,2024-04-16 03:13:15.046159-05,1429.86,214.48,1644.34,2026-07-17 19:22:27.718562-05,2026-07-17 19:22:27.718562-05,script_generator,
1955,45,3,FAC-PROV-2026-00001955,2025-05-26 20:11:25.149413-05,682.57,102.38,784.95,2026-07-17 19:22:27.718562-05,2026-07-17 19:22:27.718562-05,script_generator,
1502,45,3,FAC-PROV-2026-00001502,2026-05-27 18:20:37.91073-05,1839.14,275.87,2115.01,2026-07-17 19:22:27.718562-05,2026-07-17 19:22:27.718562-05,script_generator,
1752,45,3,FAC-PROV-2026-00001752,2024-04-21 21:24:11.181804-05,2897.72,434.66,3332.38,2026-07-17 19:22:27.718562-05,2026-07-17 19:22:27.718562-05,script_generator,
846,45,3,FAC-PROV-2026-00000846,2025-06-22 20:04:39.898977-05,1990.46,298.57,2289.03,2026-07-17 19:22:27.718562-05,2026-07-17 19:22:27.718562-05,script_generator,
1969,45,3,FAC-PROV-2026-00001969,2025-10-12 05:11:51.445697-05,1396.23,209.43,1605.66,2026-07-17 19:22:27.718562-05,2026-07-17 19:22:27.718562-05,script_generator,
1642,45,3,FAC-PROV-2026-00001642,2026-04-30 00:42:53.085666-05,2608.99,391.35,3000.34,2026-07-17 19:22:27.718562-05,2026-07-17 19:22:27.718562-05,script_generator,
1580,45,3,FAC-PROV-2026-00001580,2025-12-11 08:11:44.664636-05,1840.76,276.11,2116.87,2026-07-17 19:22:27.718562-05,2026-07-17 19:22:27.718562-05,script_generator,
477,45,3,FAC-PROV-2026-00000477,2025-09-28 05:31:04.301812-05,1723.59,258.54,1982.13,2026-07-17 19:22:27.718562-05,2026-07-17 19:22:27.718562-05,script_generator,
781,45,3,FAC-PROV-2026-00000781,2025-08-26 18:42:44.765172-05,1710.90,256.64,1967.54,2026-07-17 19:22:27.718562-05,2026-07-17 19:22:27.718562-05,script_generator,
1554,45,3,FAC-PROV-2026-00001554,2024-11-17 21:19:13.98443-05,2798.44,419.77,3218.21,2026-07-17 19:22:27.718562-05,2026-07-17 19:22:27.718562-05,script_generator,
1362,45,3,FAC-PROV-2026-00001362,2025-02-11 06:24:12.9811-05,1670.78,250.62,1921.40,2026-07-17 19:22:27.718562-05,2026-07-17 19:22:27.718562-05,script_generator,
858,45,3,FAC-PROV-2026-00000858,2024-06-24 17:15:03.755276-05,2647.27,397.09,3044.36,2026-07-17 19:22:27.718562-05,2026-07-17 19:22:27.718562-05,script_generator,
1799,45,3,FAC-PROV-2026-00001799,2025-04-24 18:57:36.120596-05,1272.16,190.82,1462.98,2026-07-17 19:22:27.718562-05,2026-07-17 19:22:27.718562-05,script_generator,
406,45,3,FAC-PROV-2026-00000406,2026-02-27 15:27:32.039548-05,1061.06,159.16,1220.22,2026-07-17 19:22:27.718562-05,2026-07-17 19:22:27.718562-05,script_generator,
1509,45,3,FAC-PROV-2026-00001509,2024-08-23 11:59:46.983214-05,1347.51,202.13,1549.63,2026-07-17 19:22:27.718562-05,2026-07-17 19:22:27.718562-05,script_generator,
1683,45,3,FAC-PROV-2026-00001683,2026-01-20 23:12:32.974158-05,2479.28,371.89,2851.17,2026-07-17 19:22:27.718562-05,2026-07-17 19:22:27.718562-05,script_generator,
1686,45,3,FAC-PROV-2026-00001686,2026-06-02 02:13:21.33565-05,1702.89,255.43,1958.33,2026-07-17 19:22:27.718562-05,2026-07-17 19:22:27.718562-05,script_generator,
849,45,3,FAC-PROV-2026-00000849,2024-01-09 08:27:23.815918-05,2534.26,380.14,2914.40,2026-07-17 19:22:27.718562-05,2026-07-17 19:22:27.718562-05,script_generator,
1573,45,3,FAC-PROV-2026-00001573,2026-04-14 12:59:25.119504-05,2049.87,307.48,2357.35,2026-07-17 19:22:27.718562-05,2026-07-17 19:22:27.718562-05,script_generator,
1905,45,3,FAC-PROV-2026-00001905,2025-01-02 18:28:42.139012-05,1786.29,267.94,2054.24,2026-07-17 19:22:27.718562-05,2026-07-17 19:22:27.718562-05,script_generator,
1698,45,3,FAC-PROV-2026-00001698,2025-01-04 22:35:36.750984-05,1209.53,181.43,1390.96,2026-07-17 19:22:27.718562-05,2026-07-17 19:22:27.718562-05,script_generator,
1348,45,3,FAC-PROV-2026-00001348,2024-05-16 02:25:18.380063-05,1488.07,223.21,1711.28,2026-07-17 19:22:27.718562-05,2026-07-17 19:22:27.718562-05,script_generator,
919,45,3,FAC-PROV-2026-00000919,2025-01-25 16:11:15.238957-05,2758.25,413.74,3171.99,2026-07-17 19:22:27.718562-05,2026-07-17 19:22:27.718562-05,script_generator,
1894,45,3,FAC-PROV-2026-00001894,2026-01-05 23:54:50.419826-05,2827.98,424.20,3252.18,2026-07-17 19:22:27.718562-05,2026-07-17 19:22:27.718562-05,script_generator,
1096,45,3,FAC-PROV-2026-00001096,2024-02-23 15:48:35.465986-05,3108.79,466.32,3575.11,2026-07-17 19:22:27.718562-05,2026-07-17 19:22:27.718562-05,script_generator,
932,45,3,FAC-PROV-2026-00000932,2025-01-27 10:21:42.949769-05,1445.56,216.83,1662.40,2026-07-17 19:22:27.718562-05,2026-07-17 19:22:27.718562-05,script_generator,
1273,45,3,FAC-PROV-2026-00001273,2024-12-17 17:31:00.163222-05,2490.59,373.59,2864.18,2026-07-17 19:22:27.718562-05,2026-07-17 19:22:27.718562-05,script_generator,
1673,45,3,FAC-PROV-2026-00001673,2025-05-13 02:39:29.44085-05,2410.37,361.55,2771.92,2026-07-17 19:22:27.718562-05,2026-07-17 19:22:27.718562-05,script_generator,
961,45,3,FAC-PROV-2026-00000961,2025-07-16 14:50:49.52196-05,1875.94,281.39,2157.33,2026-07-17 19:22:27.718562-05,2026-07-17 19:22:27.718562-05,script_generator,
1433,45,3,FAC-PROV-2026-00001433,2026-04-26 12:23:57.863577-05,1981.26,297.19,2278.45,2026-07-17 19:22:27.718562-05,2026-07-17 19:22:27.718562-05,script_generator,
1781,45,3,FAC-PROV-2026-00001781,2024-06-13 23:48:37.683867-05,779.66,116.95,896.61,2026-07-17 19:22:27.718562-05,2026-07-17 19:22:27.718562-05,script_generator,
733,45,3,FAC-PROV-2026-00000733,2024-09-09 17:27:25.53172-05,2526.75,379.01,2905.76,2026-07-17 19:22:27.718562-05,2026-07-17 19:22:27.718562-05,script_generator,
269,45,3,FAC-PROV-2026-00000269,2024-10-20 06:26:46.705295-05,2555.18,383.28,2938.45,2026-07-17 19:22:27.718562-05,2026-07-17 19:22:27.718562-05,script_generator,
1728,45,3,FAC-PROV-2026-00001728,2026-01-23 02:55:25.339463-05,1877.15,281.57,2158.72,2026-07-17 19:22:27.718562-05,2026-07-17 19:22:27.718562-05,script_generator,
1594,45,3,FAC-PROV-2026-00001594,2025-05-17 06:05:33.735514-05,2348.45,352.27,2700.72,2026-07-17 19:22:27.718562-05,2026-07-17 19:22:27.718562-05,script_generator,
261,45,3,FAC-PROV-2026-00000261,2025-06-10 17:43:15.309568-05,2531.67,379.75,2911.42,2026-07-17 19:22:27.718562-05,2026-07-17 19:22:27.718562-05,script_generator,
125,45,3,FAC-PROV-2026-00000125,2024-11-19 17:03:41.26194-05,2352.25,352.84,2705.09,2026-07-17 19:22:27.718562-05,2026-07-17 19:22:27.718562-05,script_generator,
1426,45,3,FAC-PROV-2026-00001426,2025-10-12 05:24:38.832275-05,1408.55,211.28,1619.84,2026-07-17 19:22:27.718562-05,2026-07-17 19:22:27.718562-05,script_generator,
700,45,3,FAC-PROV-2026-00000700,2024-08-23 12:33:06.657508-05,1181.37,177.21,1358.58,2026-07-17 19:22:27.718562-05,2026-07-17 19:22:27.718562-05,script_generator,
1308,45,3,FAC-PROV-2026-00001308,2025-12-11 06:45:53.625847-05,858.22,128.73,986.96,2026-07-17 19:22:27.718562-05,2026-07-17 19:22:27.718562-05,script_generator,
43,45,3,FAC-PROV-2026-00000043,2025-01-05 03:30:50.760926-05,1152.36,172.85,1325.21,2026-07-17 19:22:27.718562-05,2026-07-17 19:22:27.718562-05,script_generator,
587,45,3,FAC-PROV-2026-00000587,2026-02-17 23:22:08.122266-05,668.36,100.25,768.61,2026-07-17 19:22:27.718562-05,2026-07-17 19:22:27.718562-05,script_generator,
1908,45,3,FAC-PROV-2026-00001908,2024-11-02 12:36:25.717792-05,2967.52,445.13,3412.65,2026-07-17 19:22:27.718562-05,2026-07-17 19:22:27.718562-05,script_generator,
1649,45,3,FAC-PROV-2026-00001649,2024-10-14 01:26:14.677672-05,1888.14,283.22,2171.36,2026-07-17 19:22:27.718562-05,2026-07-17 19:22:27.718562-05,script_generator,
1444,45,3,FAC-PROV-2026-00001444,2026-01-04 18:36:07.087508-05,1133.84,170.08,1303.91,2026-07-17 19:22:27.718562-05,2026-07-17 19:22:27.718562-05,script_generator,
1090,45,3,FAC-PROV-2026-00001090,2025-07-04 05:17:14.199252-05,701.82,105.27,807.09,2026-07-17 19:22:27.718562-05,2026-07-17 19:22:27.718562-05,script_generator,
1687,45,3,FAC-PROV-2026-00001687,2024-03-17 18:06:27.814522-05,1436.99,215.55,1652.54,2026-07-17 19:22:27.718562-05,2026-07-17 19:22:27.718562-05,script_generator,
349,45,3,FAC-PROV-2026-00000349,2025-02-17 23:32:47.605978-05,1995.10,299.27,2294.37,2026-07-17 19:22:27.718562-05,2026-07-17 19:22:27.718562-05,script_generator,
187,45,3,FAC-PROV-2026-00000187,2025-03-01 19:53:47.149675-05,1015.55,152.33,1167.88,2026-07-17 19:22:27.718562-05,2026-07-17 19:22:27.718562-05,script_generator,
766,45,3,FAC-PROV-2026-00000766,2026-02-15 08:48:20.362325-05,2266.39,339.96,2606.35,2026-07-17 19:22:27.718562-05,2026-07-17 19:22:27.718562-05,script_generator,
1533,45,3,FAC-PROV-2026-00001533,2026-05-06 20:13:35.076128-05,2064.89,309.73,2374.63,2026-07-17 19:22:27.718562-05,2026-07-17 19:22:27.718562-05,script_generator,
1978,45,3,FAC-PROV-2026-00001978,2024-11-25 10:39:22.596333-05,1227.69,184.15,1411.85,2026-07-17 19:22:27.718562-05,2026-07-17 19:22:27.718562-05,script_generator,
1789,45,3,FAC-PROV-2026-00001789,2024-06-15 13:55:35.059096-05,1943.58,291.54,2235.11,2026-07-17 19:22:27.718562-05,2026-07-17 19:22:27.718562-05,script_generator,
1416,45,3,FAC-PROV-2026-00001416,2026-02-14 02:22:26.440665-05,2315.15,347.27,2662.42,2026-07-17 19:22:27.718562-05,2026-07-17 19:22:27.718562-05,script_generator,
242,45,3,FAC-PROV-2026-00000242,2024-10-31 19:58:57.843179-05,966.90,145.04,1111.94,2026-07-17 19:22:27.718562-05,2026-07-17 19:22:27.718562-05,script_generator,
1024,45,3,FAC-PROV-2026-00001024,2025-09-27 08:46:07.299041-05,1684.11,252.62,1936.73,2026-07-17 19:22:27.718562-05,2026-07-17 19:22:27.718562-05,script_generator,
1576,45,3,FAC-PROV-2026-00001576,2024-02-20 03:34:52.455275-05,2443.63,366.54,2810.18,2026-07-17 19:22:27.718562-05,2026-07-17 19:22:27.718562-05,script_generator,
677,45,3,FAC-PROV-2026-00000677,2025-04-05 09:22:49.558957-05,1504.07,225.61,1729.68,2026-07-17 19:22:27.718562-05,2026-07-17 19:22:27.718562-05,script_generator,
1954,45,3,FAC-PROV-2026-00001954,2026-05-01 23:04:41.695245-05,1057.43,158.61,1216.05,2026-07-17 19:22:27.718562-05,2026-07-17 19:22:27.718562-05,script_generator,
1232,45,3,FAC-PROV-2026-00001232,2024-08-28 02:13:18.949488-05,1126.87,169.03,1295.90,2026-07-17 19:22:27.718562-05,2026-07-17 19:22:27.718562-05,script_generator,
1543,45,3,FAC-PROV-2026-00001543,2026-03-26 04:15:54.157755-05,3155.51,473.33,3628.83,2026-07-17 19:22:27.718562-05,2026-07-17 19:22:27.718562-05,script_generator,
1028,45,3,FAC-PROV-2026-00001028,2024-06-24 18:10:59.0985-05,1797.54,269.63,2067.17,2026-07-17 19:22:27.718562-05,2026-07-17 19:22:27.718562-05,script_generator,
29,45,3,FAC-PROV-2026-00000029,2025-12-28 14:07:10.50742-05,1387.20,208.08,1595.28,2026-07-17 19:22:27.718562-05,2026-07-17 19:22:27.718562-05,script_generator,
4,45,3,FAC-PROV-2026-00000004,2024-05-12 23:27:33.246344-05,1459.95,218.99,1678.94,2026-07-17 19:22:27.718562-05,2026-07-17 19:22:27.718562-05,script_generator,
96,45,3,FAC-PROV-2026-00000096,2024-08-09 15:38:44.027719-05,1313.83,197.07,1510.90,2026-07-17 19:22:27.718562-05,2026-07-17 19:22:27.718562-05,script_generator,
844,45,3,FAC-PROV-2026-00000844,2024-08-16 03:04:02.033377-05,2082.30,312.35,2394.65,2026-07-17 19:22:27.718562-05,2026-07-17 19:22:27.718562-05,script_generator,
980,45,3,FAC-PROV-2026-00000980,2024-08-01 09:59:31.361336-05,833.46,125.02,958.48,2026-07-17 19:22:27.718562-05,2026-07-17 19:22:27.718562-05,script_generator,
1890,45,3,FAC-PROV-2026-00001890,2024-09-12 06:16:24.285699-05,1168.10,175.21,1343.31,2026-07-17 19:22:27.718562-05,2026-07-17 19:22:27.718562-05,script_generator,
1787,45,3,FAC-PROV-2026-00001787,2025-07-17 03:10:42.56764-05,1868.72,280.31,2149.03,2026-07-17 19:22:27.718562-05,2026-07-17 19:22:27.718562-05,script_generator,
1039,45,3,FAC-PROV-2026-00001039,2025-07-20 17:23:16.283136-05,822.56,123.38,945.95,2026-07-17 19:22:27.718562-05,2026-07-17 19:22:27.718562-05,script_generator,
631,45,3,FAC-PROV-2026-00000631,2025-01-03 10:16:17.159391-05,2021.48,303.22,2324.70,2026-07-17 19:22:27.718562-05,2026-07-17 19:22:27.718562-05,script_generator,
107,45,3,FAC-PROV-2026-00000107,2024-10-08 09:01:44.261717-05,2796.47,419.47,3215.94,2026-07-17 19:22:27.718562-05,2026-07-17 19:22:27.718562-05,script_generator,
6,45,3,FAC-PROV-2026-00000006,2024-01-20 00:11:49.045978-05,918.19,137.73,1055.92,2026-07-17 19:22:27.718562-05,2026-07-17 19:22:27.718562-05,script_generator,
1551,45,3,FAC-PROV-2026-00001551,2024-01-06 23:23:52.458821-05,2821.35,423.20,3244.56,2026-07-17 19:22:27.718562-05,2026-07-17 19:22:27.718562-05,script_generator,
1163,45,3,FAC-PROV-2026-00001163,2026-05-17 11:05:45.852446-05,1328.65,199.30,1527.94,2026-07-17 19:22:27.718562-05,2026-07-17 19:22:27.718562-05,script_generator,
1148,45,3,FAC-PROV-2026-00001148,2024-07-15 17:43:54.978519-05,1708.25,256.24,1964.49,2026-07-17 19:22:27.718562-05,2026-07-17 19:22:27.718562-05,script_generator,
1641,45,3,FAC-PROV-2026-00001641,2025-02-13 12:32:53.363448-05,1803.12,270.47,2073.59,2026-07-17 19:22:27.718562-05,2026-07-17 19:22:27.718562-05,script_generator,
1628,45,3,FAC-PROV-2026-00001628,2025-06-08 23:59:46.152265-05,2784.29,417.64,3201.93,2026-07-17 19:22:27.718562-05,2026-07-17 19:22:27.718562-05,script_generator,
363,45,3,FAC-PROV-2026-00000363,2024-01-28 08:02:06.930959-05,1640.45,246.07,1886.52,2026-07-17 19:22:27.718562-05,2026-07-17 19:22:27.718562-05,script_generator,
1979,45,3,FAC-PROV-2026-00001979,2025-08-31 07:59:51.129374-05,961.45,144.22,1105.67,2026-07-17 19:22:27.718562-05,2026-07-17 19:22:27.718562-05,script_generator,
1432,45,3,FAC-PROV-2026-00001432,2024-04-28 13:09:46.547737-05,1752.40,262.86,2015.26,2026-07-17 19:22:27.718562-05,2026-07-17 19:22:27.718562-05,script_generator,
1650,45,3,FAC-PROV-2026-00001650,2024-05-18 15:32:12.199754-05,1211.63,181.74,1393.38,2026-07-17 19:22:27.718562-05,2026-07-17 19:22:27.718562-05,script_generator,
66,45,3,FAC-PROV-2026-00000066,2025-11-24 07:56:13.502682-05,1480.31,222.05,1702.35,2026-07-17 19:22:27.718562-05,2026-07-17 19:22:27.718562-05,script_generator,
661,45,3,FAC-PROV-2026-00000661,2024-10-06 10:54:19.680695-05,1272.60,190.89,1463.48,2026-07-17 19:22:27.718562-05,2026-07-17 19:22:27.718562-05,script_generator,
512,45,3,FAC-PROV-2026-00000512,2026-04-13 17:18:57.091039-05,2860.47,429.07,3289.55,2026-07-17 19:22:27.718562-05,2026-07-17 19:22:27.718562-05,script_generator,
340,45,3,FAC-PROV-2026-00000340,2026-02-21 23:42:36.776862-05,2690.62,403.59,3094.21,2026-07-17 19:22:27.718562-05,2026-07-17 19:22:27.718562-05,script_generator,
1653,45,3,FAC-PROV-2026-00001653,2026-03-04 12:52:09.9089-05,2525.69,378.85,2904.55,2026-07-17 19:22:27.718562-05,2026-07-17 19:22:27.718562-05,script_generator,
523,45,3,FAC-PROV-2026-00000523,2026-05-15 12:52:52.2924-05,1504.97,225.75,1730.71,2026-07-17 19:22:27.718562-05,2026-07-17 19:22:27.718562-05,script_generator,
356,45,3,FAC-PROV-2026-00000356,2025-05-04 06:26:22.122998-05,1234.50,185.17,1419.67,2026-07-17 19:22:27.718562-05,2026-07-17 19:22:27.718562-05,script_generator,
1919,45,3,FAC-PROV-2026-00001919,2025-05-16 20:42:46.304767-05,2535.35,380.30,2915.65,2026-07-17 19:22:27.718562-05,2026-07-17 19:22:27.718562-05,script_generator,
458,45,3,FAC-PROV-2026-00000458,2025-11-07 11:26:05.793911-05,2005.47,300.82,2306.29,2026-07-17 19:22:27.718562-05,2026-07-17 19:22:27.718562-05,script_generator,
1970,45,3,FAC-PROV-2026-00001970,2024-03-20 14:14:43.023946-05,1170.83,175.62,1346.46,2026-07-17 19:22:27.718562-05,2026-07-17 19:22:27.718562-05,script_generator,
1572,45,3,FAC-PROV-2026-00001572,2024-04-09 13:01:11.747909-05,2138.60,320.79,2459.39,2026-07-17 19:22:27.718562-05,2026-07-17 19:22:27.718562-05,script_generator,
368,45,3,FAC-PROV-2026-00000368,2024-09-25 04:41:10.660125-05,1068.21,160.23,1228.45,2026-07-17 19:22:27.718562-05,2026-07-17 19:22:27.718562-05,script_generator,
1982,45,3,FAC-PROV-2026-00001982,2025-05-31 12:09:00.703333-05,1385.80,207.87,1593.67,2026-07-17 19:22:27.718562-05,2026-07-17 19:22:27.718562-05,script_generator,
1850,45,3,FAC-PROV-2026-00001850,2025-02-16 07:36:44.581467-05,1925.39,288.81,2214.19,2026-07-17 19:22:27.718562-05,2026-07-17 19:22:27.718562-05,script_generator,
538,45,3,FAC-PROV-2026-00000538,2024-02-23 13:41:57.10247-05,892.31,133.85,1026.16,2026-07-17 19:22:27.718562-05,2026-07-17 19:22:27.718562-05,script_generator,
595,45,3,FAC-PROV-2026-00000595,2025-06-22 01:14:54.627521-05,2196.64,329.50,2526.13,2026-07-17 19:22:27.718562-05,2026-07-17 19:22:27.718562-05,script_generator,
142,45,3,FAC-PROV-2026-00000142,2024-10-16 14:05:39.253217-05,904.98,135.75,1040.72,2026-07-17 19:22:27.718562-05,2026-07-17 19:22:27.718562-05,script_generator,
924,45,3,FAC-PROV-2026-00000924,2026-03-03 11:39:51.303788-05,1617.55,242.63,1860.19,2026-07-17 19:22:27.718562-05,2026-07-17 19:22:27.718562-05,script_generator,
872,45,3,FAC-PROV-2026-00000872,2026-04-30 08:45:33.575838-05,2227.10,334.07,2561.17,2026-07-17 19:22:27.718562-05,2026-07-17 19:22:27.718562-05,script_generator,
1140,45,3,FAC-PROV-2026-00001140,2024-12-28 14:17:17.119408-05,1010.91,151.64,1162.55,2026-07-17 19:22:27.718562-05,2026-07-17 19:22:27.718562-05,script_generator,
1054,45,3,FAC-PROV-2026-00001054,2024-09-24 05:44:01.404881-05,1672.37,250.86,1923.22,2026-07-17 19:22:27.718562-05,2026-07-17 19:22:27.718562-05,script_generator,
792,45,3,FAC-PROV-2026-00000792,2025-06-16 02:03:48.760515-05,2375.87,356.38,2732.25,2026-07-17 19:22:27.718562-05,2026-07-17 19:22:27.718562-05,script_generator,
1965,45,3,FAC-PROV-2026-00001965,2025-08-25 20:01:21.531099-05,3052.19,457.83,3510.02,2026-07-17 19:22:27.718562-05,2026-07-17 19:22:27.718562-05,script_generator,
896,45,3,FAC-PROV-2026-00000896,2025-11-09 11:58:37.735273-05,636.82,95.52,732.34,2026-07-17 19:22:27.718562-05,2026-07-17 19:22:27.718562-05,script_generator,
651,45,3,FAC-PROV-2026-00000651,2025-05-24 04:16:06.679248-05,890.20,133.53,1023.73,2026-07-17 19:22:27.718562-05,2026-07-17 19:22:27.718562-05,script_generator,
38,45,3,FAC-PROV-2026-00000038,2026-05-26 07:49:56.162599-05,2553.05,382.96,2936.00,2026-07-17 19:22:27.718562-05,2026-07-17 19:22:27.718562-05,script_generator,
1005,45,3,FAC-PROV-2026-00001005,2024-09-08 07:18:03.229192-05,2301.75,345.26,2647.02,2026-07-17 19:22:27.718562-05,2026-07-17 19:22:27.718562-05,script_generator,
359,45,3,FAC-PROV-2026-00000359,2025-11-23 00:32:23.110429-05,3086.24,462.94,3549.18,2026-07-17 19:22:27.718562-05,2026-07-17 19:22:27.718562-05,script_generator,
1449,45,3,FAC-PROV-2026-00001449,2024-09-10 04:07:17.213702-05,2877.20,431.58,3308.78,2026-07-17 19:22:27.718562-05,2026-07-17 19:22:27.718562-05,script_generator,
1212,45,3,FAC-PROV-2026-00001212,2025-11-30 05:47:11.693993-05,1576.45,236.47,1812.92,2026-07-17 19:22:27.718562-05,2026-07-17 19:22:27.718562-05,script_generator,
217,45,3,FAC-PROV-2026-00000217,2024-10-24 02:20:09.078734-05,648.17,97.23,745.39,2026-07-17 19:22:27.718562-05,2026-07-17 19:22:27.718562-05,script_generator,
1332,45,3,FAC-PROV-2026-00001332,2025-07-01 11:24:23.667372-05,1870.96,280.64,2151.61,2026-07-17 19:22:27.718562-05,2026-07-17 19:22:27.718562-05,script_generator,
985,45,3,FAC-PROV-2026-00000985,2025-09-24 06:43:05.003332-05,2219.40,332.91,2552.31,2026-07-17 19:22:27.718562-05,2026-07-17 19:22:27.718562-05,script_generator,
1601,45,3,FAC-PROV-2026-00001601,2025-04-14 02:51:23.018451-05,2867.17,430.08,3297.25,2026-07-17 19:22:27.718562-05,2026-07-17 19:22:27.718562-05,script_generator,
779,45,3,FAC-PROV-2026-00000779,2024-05-07 09:37:37.772444-05,2243.55,336.53,2580.08,2026-07-17 19:22:27.718562-05,2026-07-17 19:22:27.718562-05,script_generator,
1737,45,3,FAC-PROV-2026-00001737,2025-01-17 11:03:07.291233-05,2138.29,320.74,2459.04,2026-07-17 19:22:27.718562-05,2026-07-17 19:22:27.718562-05,script_generator,
1721,45,3,FAC-PROV-2026-00001721,2024-08-09 19:03:42.235505-05,880.11,132.02,1012.12,2026-07-17 19:22:27.718562-05,2026-07-17 19:22:27.718562-05,script_generator,
1251,45,3,FAC-PROV-2026-00001251,2025-05-06 12:42:14.002906-05,1751.22,262.68,2013.90,2026-07-17 19:22:27.718562-05,2026-07-17 19:22:27.718562-05,script_generator,
931,45,3,FAC-PROV-2026-00000931,2024-09-04 18:05:10.375047-05,2979.99,447.00,3426.99,2026-07-17 19:22:27.718562-05,2026-07-17 19:22:27.718562-05,script_generator,
1706,45,3,FAC-PROV-2026-00001706,2024-08-06 19:49:49.347953-05,1224.67,183.70,1408.37,2026-07-17 19:22:27.718562-05,2026-07-17 19:22:27.718562-05,script_generator,
1189,45,3,FAC-PROV-2026-00001189,2025-10-22 23:42:08.662602-05,2974.77,446.22,3420.99,2026-07-17 19:22:27.718562-05,2026-07-17 19:22:27.718562-05,script_generator,
718,45,3,FAC-PROV-2026-00000718,2026-04-28 02:26:27.063313-05,1227.96,184.19,1412.15,2026-07-17 19:22:27.718562-05,2026-07-17 19:22:27.718562-05,script_generator,
1712,45,3,FAC-PROV-2026-00001712,2024-05-28 11:49:17.416414-05,2570.41,385.56,2955.97,2026-07-17 19:22:27.718562-05,2026-07-17 19:22:27.718562-05,script_generator,
623,45,3,FAC-PROV-2026-00000623,2024-04-06 01:04:46.524944-05,1117.99,167.70,1285.69,2026-07-17 19:22:27.718562-05,2026-07-17 19:22:27.718562-05,script_generator,
1654,45,3,FAC-PROV-2026-00001654,2025-12-23 08:18:25.340667-05,1890.23,283.53,2173.76,2026-07-17 19:22:27.718562-05,2026-07-17 19:22:27.718562-05,script_generator,
1364,45,3,FAC-PROV-2026-00001364,2025-12-11 18:29:21.634113-05,1275.69,191.35,1467.05,2026-07-17 19:22:27.718562-05,2026-07-17 19:22:27.718562-05,script_generator,
1991,45,3,FAC-PROV-2026-00001991,2025-07-01 12:13:21.512125-05,2827.00,424.05,3251.05,2026-07-17 19:22:27.718562-05,2026-07-17 19:22:27.718562-05,script_generator,
1889,45,3,FAC-PROV-2026-00001889,2025-02-16 22:41:09.431363-05,1944.59,291.69,2236.28,2026-07-17 19:22:27.718562-05,2026-07-17 19:22:27.718562-05,script_generator,
229,45,3,FAC-PROV-2026-00000229,2026-03-10 23:04:12.101069-05,1916.55,287.48,2204.03,2026-07-17 19:22:27.718562-05,2026-07-17 19:22:27.718562-05,script_generator,
1112,45,3,FAC-PROV-2026-00001112,2024-04-03 07:18:48.851825-05,1239.90,185.99,1425.89,2026-07-17 19:22:27.718562-05,2026-07-17 19:22:27.718562-05,script_generator,
559,45,3,FAC-PROV-2026-00000559,2025-05-02 02:33:29.890417-05,1990.37,298.55,2288.92,2026-07-17 19:22:27.718562-05,2026-07-17 19:22:27.718562-05,script_generator,
788,45,3,FAC-PROV-2026-00000788,2025-02-01 15:16:11.904406-05,2067.63,310.14,2377.78,2026-07-17 19:22:27.718562-05,2026-07-17 19:22:27.718562-05,script_generator,
304,45,3,FAC-PROV-2026-00000304,2025-07-05 09:03:35.21203-05,2447.95,367.19,2815.14,2026-07-17 19:22:27.718562-05,2026-07-17 19:22:27.718562-05,script_generator,
1971,45,3,FAC-PROV-2026-00001971,2024-02-02 13:24:40.659425-05,1522.21,228.33,1750.55,2026-07-17 19:22:27.718562-05,2026-07-17 19:22:27.718562-05,script_generator,
52,45,3,FAC-PROV-2026-00000052,2025-09-14 03:26:44.822363-05,1944.40,291.66,2236.06,2026-07-17 19:22:27.718562-05,2026-07-17 19:22:27.718562-05,script_generator,
633,45,3,FAC-PROV-2026-00000633,2025-03-13 22:29:21.212088-05,963.99,144.60,1108.59,2026-07-17 19:22:27.718562-05,2026-07-17 19:22:27.718562-05,script_generator,
450,45,3,FAC-PROV-2026-00000450,2024-07-29 23:08:31.59837-05,3215.69,482.35,3698.04,2026-07-17 19:22:27.718562-05,2026-07-17 19:22:27.718562-05,script_generator,
900,45,3,FAC-PROV-2026-00000900,2025-08-25 09:20:31.55863-05,2690.61,403.59,3094.20,2026-07-17 19:22:27.718562-05,2026-07-17 19:22:27.718562-05,script_generator,
405,45,3,FAC-PROV-2026-00000405,2026-04-21 11:26:57.764077-05,2338.61,350.79,2689.40,2026-07-17 19:22:27.718562-05,2026-07-17 19:22:27.718562-05,script_generator,
996,45,3,FAC-PROV-2026-00000996,2024-09-25 05:36:48.032517-05,1206.17,180.93,1387.10,2026-07-17 19:22:27.718562-05,2026-07-17 19:22:27.718562-05,script_generator,
762,45,3,FAC-PROV-2026-00000762,2024-06-28 17:53:17.785498-05,2151.80,322.77,2474.57,2026-07-17 19:22:27.718562-05,2026-07-17 19:22:27.718562-05,script_generator,
1197,45,3,FAC-PROV-2026-00001197,2024-01-30 01:34:40.68911-05,2072.07,310.81,2382.88,2026-07-17 19:22:27.718562-05,2026-07-17 19:22:27.718562-05,script_generator,
1063,45,3,FAC-PROV-2026-00001063,2024-07-03 03:57:29.578922-05,3121.58,468.24,3589.82,2026-07-17 19:22:27.718562-05,2026-07-17 19:22:27.718562-05,script_generator,
69,45,3,FAC-PROV-2026-00000069,2024-06-02 12:43:57.620211-05,1665.32,249.80,1915.11,2026-07-17 19:22:27.718562-05,2026-07-17 19:22:27.718562-05,script_generator,
1059,45,3,FAC-PROV-2026-00001059,2026-03-08 07:48:10.896885-05,1473.73,221.06,1694.79,2026-07-17 19:22:27.718562-05,2026-07-17 19:22:27.718562-05,script_generator,
878,45,3,FAC-PROV-2026-00000878,2025-09-25 12:55:59.394453-05,1582.94,237.44,1820.38,2026-07-17 19:22:27.718562-05,2026-07-17 19:22:27.718562-05,script_generator,
679,45,3,FAC-PROV-2026-00000679,2025-12-17 09:46:02.665382-05,2117.98,317.70,2435.67,2026-07-17 19:22:27.718562-05,2026-07-17 19:22:27.718562-05,script_generator,
1912,45,3,FAC-PROV-2026-00001912,2025-11-22 20:40:04.733748-05,2523.48,378.52,2902.01,2026-07-17 19:22:27.718562-05,2026-07-17 19:22:27.718562-05,script_generator,
983,45,3,FAC-PROV-2026-00000983,2026-02-20 00:18:47.354788-05,1189.01,178.35,1367.36,2026-07-17 19:22:27.718562-05,2026-07-17 19:22:27.718562-05,script_generator,
375,45,3,FAC-PROV-2026-00000375,2026-01-29 16:54:52.535199-05,1681.41,252.21,1933.62,2026-07-17 19:22:27.718562-05,2026-07-17 19:22:27.718562-05,script_generator,
976,45,3,FAC-PROV-2026-00000976,2026-07-17 01:06:02.934162-05,2973.03,445.95,3418.99,2026-07-17 19:22:27.718562-05,2026-07-17 19:22:27.718562-05,script_generator,
729,45,3,FAC-PROV-2026-00000729,2025-09-14 10:05:51.205802-05,1109.33,166.40,1275.73,2026-07-17 19:22:27.718562-05,2026-07-17 19:22:27.718562-05,script_generator,
1242,45,3,FAC-PROV-2026-00001242,2024-03-20 20:03:35.442648-05,1206.73,181.01,1387.74,2026-07-17 19:22:27.718562-05,2026-07-17 19:22:27.718562-05,script_generator,
680,45,3,FAC-PROV-2026-00000680,2024-06-13 14:55:02.825459-05,1222.93,183.44,1406.37,2026-07-17 19:22:27.718562-05,2026-07-17 19:22:27.718562-05,script_generator,
408,45,3,FAC-PROV-2026-00000408,2026-04-04 16:30:42.587532-05,1320.75,198.11,1518.87,2026-07-17 19:22:27.718562-05,2026-07-17 19:22:27.718562-05,script_generator,
782,45,3,FAC-PROV-2026-00000782,2024-07-15 08:55:23.503747-05,2316.17,347.42,2663.59,2026-07-17 19:22:27.718562-05,2026-07-17 19:22:27.718562-05,script_generator,
1160,45,3,FAC-PROV-2026-00001160,2025-05-12 03:11:49.447738-05,1018.87,152.83,1171.70,2026-07-17 19:22:27.718562-05,2026-07-17 19:22:27.718562-05,script_generator,
1514,45,3,FAC-PROV-2026-00001514,2024-02-07 07:28:23.029054-05,1495.95,224.39,1720.35,2026-07-17 19:22:27.718562-05,2026-07-17 19:22:27.718562-05,script_generator,
1338,45,3,FAC-PROV-2026-00001338,2025-10-18 16:07:46.929508-05,1118.20,167.73,1285.93,2026-07-17 19:22:27.718562-05,2026-07-17 19:22:27.718562-05,script_generator,
1359,45,3,FAC-PROV-2026-00001359,2025-04-19 03:33:10.91133-05,1466.42,219.96,1686.38,2026-07-17 19:22:27.718562-05,2026-07-17 19:22:27.718562-05,script_generator,
982,45,3,FAC-PROV-2026-00000982,2024-10-06 05:16:36.64733-05,881.23,132.18,1013.41,2026-07-17 19:22:27.718562-05,2026-07-17 19:22:27.718562-05,script_generator,
1079,45,3,FAC-PROV-2026-00001079,2025-09-30 12:49:47.47966-05,1482.11,222.32,1704.42,2026-07-17 19:22:27.718562-05,2026-07-17 19:22:27.718562-05,script_generator,
1445,45,3,FAC-PROV-2026-00001445,2025-09-11 02:34:47.525229-05,3059.48,458.92,3518.40,2026-07-17 19:22:27.718562-05,2026-07-17 19:22:27.718562-05,script_generator,
11,45,3,FAC-PROV-2026-00000011,2024-12-08 05:46:55.491182-05,1464.24,219.64,1683.87,2026-07-17 19:22:27.718562-05,2026-07-17 19:22:27.718562-05,script_generator,
1152,45,3,FAC-PROV-2026-00001152,2025-11-12 19:10:17.997362-05,1039.01,155.85,1194.86,2026-07-17 19:22:27.718562-05,2026-07-17 19:22:27.718562-05,script_generator,
1384,45,3,FAC-PROV-2026-00001384,2024-06-07 18:59:13.936635-05,2568.16,385.22,2953.38,2026-07-17 19:22:27.718562-05,2026-07-17 19:22:27.718562-05,script_generator,
1330,45,3,FAC-PROV-2026-00001330,2024-02-12 08:38:12.200808-05,1111.77,166.77,1278.53,2026-07-17 19:22:27.718562-05,2026-07-17 19:22:27.718562-05,script_generator,
821,45,3,FAC-PROV-2026-00000821,2026-01-04 19:33:55.420256-05,2320.52,348.08,2668.60,2026-07-17 19:22:27.718562-05,2026-07-17 19:22:27.718562-05,script_generator,
1826,45,3,FAC-PROV-2026-00001826,2026-06-04 11:20:19.198929-05,1340.30,201.05,1541.35,2026-07-17 19:22:27.718562-05,2026-07-17 19:22:27.718562-05,script_generator,
1141,45,3,FAC-PROV-2026-00001141,2024-09-01 13:18:14.743872-05,1904.24,285.64,2189.88,2026-07-17 19:22:27.718562-05,2026-07-17 19:22:27.718562-05,script_generator,
1329,45,3,FAC-PROV-2026-00001329,2024-11-21 22:15:44.958916-05,2901.88,435.28,3337.17,2026-07-17 19:22:27.718562-05,2026-07-17 19:22:27.718562-05,script_generator,
659,45,3,FAC-PROV-2026-00000659,2026-01-28 14:24:13.576052-05,2520.47,378.07,2898.54,2026-07-17 19:22:27.718562-05,2026-07-17 19:22:27.718562-05,script_generator,
279,45,3,FAC-PROV-2026-00000279,2026-06-03 04:31:21.84825-05,2736.37,410.46,3146.83,2026-07-17 19:22:27.718562-05,2026-07-17 19:22:27.718562-05,script_generator,
1481,45,3,FAC-PROV-2026-00001481,2024-07-19 17:07:48.416353-05,1695.51,254.33,1949.84,2026-07-17 19:22:27.718562-05,2026-07-17 19:22:27.718562-05,script_generator,
1480,45,3,FAC-PROV-2026-00001480,2024-09-15 02:28:50.360347-05,1776.39,266.46,2042.84,2026-07-17 19:22:27.718562-05,2026-07-17 19:22:27.718562-05,script_generator,
9,45,3,FAC-PROV-2026-00000009,2024-03-30 13:08:32.710427-05,1005.62,150.84,1156.46,2026-07-17 19:22:27.718562-05,2026-07-17 19:22:27.718562-05,script_generator,
903,45,3,FAC-PROV-2026-00000903,2025-01-03 23:59:44.45221-05,1213.20,181.98,1395.18,2026-07-17 19:22:27.718562-05,2026-07-17 19:22:27.718562-05,script_generator,
1490,45,3,FAC-PROV-2026-00001490,2026-02-03 14:51:13.173564-05,2113.94,317.09,2431.03,2026-07-17 19:22:27.718562-05,2026-07-17 19:22:27.718562-05,script_generator,
736,45,3,FAC-PROV-2026-00000736,2025-07-26 14:21:40.547975-05,3122.32,468.35,3590.66,2026-07-17 19:22:27.718562-05,2026-07-17 19:22:27.718562-05,script_generator,
565,45,3,FAC-PROV-2026-00000565,2026-06-30 04:06:36.603733-05,1823.55,273.53,2097.09,2026-07-17 19:22:27.718562-05,2026-07-17 19:22:27.718562-05,script_generator,
1947,45,3,FAC-PROV-2026-00001947,2026-04-28 22:58:34.56552-05,2502.41,375.36,2877.77,2026-07-17 19:22:27.718562-05,2026-07-17 19:22:27.718562-05,script_generator,
566,45,3,FAC-PROV-2026-00000566,2024-05-02 15:24:48.621489-05,1714.24,257.14,1971.38,2026-07-17 19:22:27.718562-05,2026-07-17 19:22:27.718562-05,script_generator,
457,45,3,FAC-PROV-2026-00000457,2024-06-20 03:19:34.257144-05,2078.78,311.82,2390.59,2026-07-17 19:22:27.718562-05,2026-07-17 19:22:27.718562-05,script_generator,
592,45,3,FAC-PROV-2026-00000592,2024-02-16 02:07:15.329378-05,2075.37,311.31,2386.68,2026-07-17 19:22:27.718562-05,2026-07-17 19:22:27.718562-05,script_generator,
1041,45,3,FAC-PROV-2026-00001041,2025-03-11 12:21:39.961596-05,1856.46,278.47,2134.93,2026-07-17 19:22:27.718562-05,2026-07-17 19:22:27.718562-05,script_generator,
553,45,3,FAC-PROV-2026-00000553,2024-08-21 16:30:39.612488-05,2976.51,446.48,3422.99,2026-07-17 19:22:27.718562-05,2026-07-17 19:22:27.718562-05,script_generator,
1640,45,3,FAC-PROV-2026-00001640,2026-02-17 06:18:40.23274-05,2326.99,349.05,2676.03,2026-07-17 19:22:27.718562-05,2026-07-17 19:22:27.718562-05,script_generator,
302,45,3,FAC-PROV-2026-00000302,2026-04-29 13:54:59.092545-05,2145.24,321.79,2467.02,2026-07-17 19:22:27.718562-05,2026-07-17 19:22:27.718562-05,script_generator,
1520,45,3,FAC-PROV-2026-00001520,2025-10-19 10:36:23.528178-05,1767.89,265.18,2033.08,2026-07-17 19:22:27.718562-05,2026-07-17 19:22:27.718562-05,script_generator,
1968,45,3,FAC-PROV-2026-00001968,2025-10-08 14:17:03.822199-05,3220.07,483.01,3703.08,2026-07-17 19:22:27.718562-05,2026-07-17 19:22:27.718562-05,script_generator,
927,45,3,FAC-PROV-2026-00000927,2024-06-01 05:59:15.212548-05,2437.00,365.55,2802.55,2026-07-17 19:22:27.718562-05,2026-07-17 19:22:27.718562-05,script_generator,
774,45,3,FAC-PROV-2026-00000774,2025-05-15 06:46:37.776008-05,1234.17,185.13,1419.30,2026-07-17 19:22:27.718562-05,2026-07-17 19:22:27.718562-05,script_generator,
1385,45,3,FAC-PROV-2026-00001385,2024-04-25 18:16:42.44817-05,2566.58,384.99,2951.56,2026-07-17 19:22:27.718562-05,2026-07-17 19:22:27.718562-05,script_generator,
398,45,3,FAC-PROV-2026-00000398,2024-12-12 03:41:28.790918-05,2930.22,439.53,3369.76,2026-07-17 19:22:27.718562-05,2026-07-17 19:22:27.718562-05,script_generator,
1726,45,3,FAC-PROV-2026-00001726,2025-10-27 08:23:42.272438-05,2741.97,411.30,3153.26,2026-07-17 19:22:27.718562-05,2026-07-17 19:22:27.718562-05,script_generator,
1732,45,3,FAC-PROV-2026-00001732,2025-09-25 22:02:57.234981-05,1536.36,230.45,1766.81,2026-07-17 19:22:27.718562-05,2026-07-17 19:22:27.718562-05,script_generator,
1233,45,3,FAC-PROV-2026-00001233,2025-01-24 04:43:41.080255-05,1556.39,233.46,1789.85,2026-07-17 19:22:27.718562-05,2026-07-17 19:22:27.718562-05,script_generator,
165,45,3,FAC-PROV-2026-00000165,2026-05-14 10:08:30.832386-05,1070.34,160.55,1230.89,2026-07-17 19:22:27.718562-05,2026-07-17 19:22:27.718562-05,script_generator,
56,45,3,FAC-PROV-2026-00000056,2025-01-20 23:14:25.484574-05,2188.20,328.23,2516.43,2026-07-17 19:22:27.718562-05,2026-07-17 19:22:27.718562-05,script_generator,
820,45,3,FAC-PROV-2026-00000820,2024-06-05 12:18:28.89677-05,1302.63,195.39,1498.02,2026-07-17 19:22:27.718562-05,2026-07-17 19:22:27.718562-05,script_generator,
1267,45,3,FAC-PROV-2026-00001267,2026-01-11 09:04:23.427824-05,2039.55,305.93,2345.48,2026-07-17 19:22:27.718562-05,2026-07-17 19:22:27.718562-05,script_generator,
992,45,3,FAC-PROV-2026-00000992,2024-11-15 09:02:13.093758-05,1444.37,216.66,1661.03,2026-07-17 19:22:27.718562-05,2026-07-17 19:22:27.718562-05,script_generator,
894,45,3,FAC-PROV-2026-00000894,2024-11-24 14:19:35.7507-05,1353.86,203.08,1556.94,2026-07-17 19:22:27.718562-05,2026-07-17 19:22:27.718562-05,script_generator,
1357,45,3,FAC-PROV-2026-00001357,2025-06-20 18:17:31.968327-05,1595.71,239.36,1835.07,2026-07-17 19:22:27.718562-05,2026-07-17 19:22:27.718562-05,script_generator,
245,45,3,FAC-PROV-2026-00000245,2025-02-14 01:35:29.402502-05,2202.13,330.32,2532.45,2026-07-17 19:22:27.718562-05,2026-07-17 19:22:27.718562-05,script_generator,
1326,45,3,FAC-PROV-2026-00001326,2025-09-18 18:23:50.000418-05,2198.08,329.71,2527.79,2026-07-17 19:22:27.718562-05,2026-07-17 19:22:27.718562-05,script_generator,
1020,45,3,FAC-PROV-2026-00001020,2024-03-04 19:19:14.764551-05,832.27,124.84,957.11,2026-07-17 19:22:27.718562-05,2026-07-17 19:22:27.718562-05,script_generator,
1807,45,3,FAC-PROV-2026-00001807,2026-01-21 06:02:55.485999-05,1329.43,199.41,1528.85,2026-07-17 19:22:27.718562-05,2026-07-17 19:22:27.718562-05,script_generator,
1127,45,3,FAC-PROV-2026-00001127,2025-07-24 10:43:11.141545-05,2209.35,331.40,2540.75,2026-07-17 19:22:27.718562-05,2026-07-17 19:22:27.718562-05,script_generator,
1060,45,3,FAC-PROV-2026-00001060,2025-01-31 00:54:14.529977-05,3086.88,463.03,3549.91,2026-07-17 19:22:27.718562-05,2026-07-17 19:22:27.718562-05,script_generator,
1017,45,3,FAC-PROV-2026-00001017,2026-02-27 06:46:11.884868-05,1001.32,150.20,1151.52,2026-07-17 19:22:27.718562-05,2026-07-17 19:22:27.718562-05,script_generator,
484,45,3,FAC-PROV-2026-00000484,2024-11-13 18:46:27.57905-05,2453.73,368.06,2821.78,2026-07-17 19:22:27.718562-05,2026-07-17 19:22:27.718562-05,script_generator,
558,45,3,FAC-PROV-2026-00000558,2024-10-15 03:02:49.695211-05,2651.77,397.77,3049.53,2026-07-17 19:22:27.718562-05,2026-07-17 19:22:27.718562-05,script_generator,
144,45,3,FAC-PROV-2026-00000144,2026-05-19 23:20:19.634864-05,1339.49,200.92,1540.42,2026-07-17 19:22:27.718562-05,2026-07-17 19:22:27.718562-05,script_generator,
1720,45,3,FAC-PROV-2026-00001720,2025-05-15 03:29:03.999064-05,1984.97,297.75,2282.71,2026-07-17 19:22:27.718562-05,2026-07-17 19:22:27.718562-05,script_generator,
1885,45,3,FAC-PROV-2026-00001885,2025-02-20 07:16:04.613469-05,1636.55,245.48,1882.03,2026-07-17 19:22:27.718562-05,2026-07-17 19:22:27.718562-05,script_generator,
1754,45,3,FAC-PROV-2026-00001754,2025-02-04 04:24:58.80232-05,1197.24,179.59,1376.82,2026-07-17 19:22:27.718562-05,2026-07-17 19:22:27.718562-05,script_generator,
1538,45,3,FAC-PROV-2026-00001538,2025-03-13 01:25:14.330747-05,3155.88,473.38,3629.26,2026-07-17 19:22:27.718562-05,2026-07-17 19:22:27.718562-05,script_generator,
1224,45,3,FAC-PROV-2026-00001224,2025-11-16 18:51:59.432281-05,1063.61,159.54,1223.15,2026-07-17 19:22:27.718562-05,2026-07-17 19:22:27.718562-05,script_generator,
168,45,3,FAC-PROV-2026-00000168,2024-02-07 13:13:19.427962-05,1573.16,235.97,1809.13,2026-07-17 19:22:27.718562-05,2026-07-17 19:22:27.718562-05,script_generator,
598,45,3,FAC-PROV-2026-00000598,2024-11-24 03:49:10.441487-05,2583.59,387.54,2971.12,2026-07-17 19:22:27.718562-05,2026-07-17 19:22:27.718562-05,script_generator,
471,45,3,FAC-PROV-2026-00000471,2025-08-14 12:32:51.019038-05,2062.77,309.42,2372.19,2026-07-17 19:22:27.718562-05,2026-07-17 19:22:27.718562-05,script_generator,
1930,45,3,FAC-PROV-2026-00001930,2026-02-14 11:31:34.91138-05,1759.08,263.86,2022.95,2026-07-17 19:22:27.718562-05,2026-07-17 19:22:27.718562-05,script_generator,
1051,45,3,FAC-PROV-2026-00001051,2024-05-22 19:22:30.95575-05,1787.01,268.05,2055.06,2026-07-17 19:22:27.718562-05,2026-07-17 19:22:27.718562-05,script_generator,
1424,45,3,FAC-PROV-2026-00001424,2024-07-07 19:56:23.479751-05,723.62,108.54,832.16,2026-07-17 19:22:27.718562-05,2026-07-17 19:22:27.718562-05,script_generator,
287,45,3,FAC-PROV-2026-00000287,2024-08-25 23:22:11.297137-05,2554.41,383.16,2937.58,2026-07-17 19:22:27.718562-05,2026-07-17 19:22:27.718562-05,script_generator,
167,45,3,FAC-PROV-2026-00000167,2025-05-15 11:02:51.94179-05,2324.25,348.64,2672.89,2026-07-17 19:22:27.718562-05,2026-07-17 19:22:27.718562-05,script_generator,
290,45,3,FAC-PROV-2026-00000290,2024-03-26 16:35:13.11416-05,1408.58,211.29,1619.87,2026-07-17 19:22:27.718562-05,2026-07-17 19:22:27.718562-05,script_generator,
1716,45,3,FAC-PROV-2026-00001716,2025-07-11 13:25:34.360957-05,1595.52,239.33,1834.85,2026-07-17 19:22:27.718562-05,2026-07-17 19:22:27.718562-05,script_generator,
1352,45,3,FAC-PROV-2026-00001352,2025-07-30 21:16:51.753951-05,1005.29,150.79,1156.08,2026-07-17 19:22:27.718562-05,2026-07-17 19:22:27.718562-05,script_generator,
1859,45,3,FAC-PROV-2026-00001859,2026-04-08 16:35:36.784579-05,2622.93,393.44,3016.37,2026-07-17 19:22:27.718562-05,2026-07-17 19:22:27.718562-05,script_generator,
1441,45,3,FAC-PROV-2026-00001441,2025-06-19 20:04:14.81261-05,3156.22,473.43,3629.66,2026-07-17 19:22:27.718562-05,2026-07-17 19:22:27.718562-05,script_generator,
1035,45,3,FAC-PROV-2026-00001035,2024-07-16 16:33:52.330536-05,651.67,97.75,749.42,2026-07-17 19:22:27.718562-05,2026-07-17 19:22:27.718562-05,script_generator,
367,45,3,FAC-PROV-2026-00000367,2024-10-26 15:54:46.465253-05,1496.13,224.42,1720.55,2026-07-17 19:22:27.718562-05,2026-07-17 19:22:27.718562-05,script_generator,
41,45,3,FAC-PROV-2026-00000041,2025-09-25 03:46:20.704859-05,1451.98,217.80,1669.78,2026-07-17 19:22:27.718562-05,2026-07-17 19:22:27.718562-05,script_generator,
1389,45,3,FAC-PROV-2026-00001389,2024-06-19 10:39:21.424672-05,2168.64,325.30,2493.93,2026-07-17 19:22:27.718562-05,2026-07-17 19:22:27.718562-05,script_generator,
572,45,3,FAC-PROV-2026-00000572,2025-08-16 03:15:47.549506-05,1264.80,189.72,1454.52,2026-07-17 19:22:27.718562-05,2026-07-17 19:22:27.718562-05,script_generator,
32,45,3,FAC-PROV-2026-00000032,2024-11-01 04:15:35.116065-05,1442.67,216.40,1659.07,2026-07-17 19:22:27.718562-05,2026-07-17 19:22:27.718562-05,script_generator,
1735,45,3,FAC-PROV-2026-00001735,2024-04-17 04:07:35.224578-05,1094.65,164.20,1258.85,2026-07-17 19:22:27.718562-05,2026-07-17 19:22:27.718562-05,script_generator,
247,45,3,FAC-PROV-2026-00000247,2025-11-27 13:04:28.027421-05,1387.12,208.07,1595.19,2026-07-17 19:22:27.718562-05,2026-07-17 19:22:27.718562-05,script_generator,
423,45,3,FAC-PROV-2026-00000423,2026-02-21 15:31:44.01737-05,3081.21,462.18,3543.39,2026-07-17 19:22:27.718562-05,2026-07-17 19:22:27.718562-05,script_generator,
1240,45,3,FAC-PROV-2026-00001240,2026-04-12 09:04:49.408599-05,2924.36,438.65,3363.02,2026-07-17 19:22:27.718562-05,2026-07-17 19:22:27.718562-05,script_generator,
1881,45,3,FAC-PROV-2026-00001881,2024-08-15 08:11:46.265017-05,2946.90,442.04,3388.94,2026-07-17 19:22:27.718562-05,2026-07-17 19:22:27.718562-05,script_generator,
1621,45,3,FAC-PROV-2026-00001621,2025-09-02 12:40:19.99167-05,678.26,101.74,780.00,2026-07-17 19:22:27.718562-05,2026-07-17 19:22:27.718562-05,script_generator,
1182,45,3,FAC-PROV-2026-00001182,2026-03-17 05:13:55.929882-05,1214.61,182.19,1396.81,2026-07-17 19:22:27.718562-05,2026-07-17 19:22:27.718562-05,script_generator,
1946,45,3,FAC-PROV-2026-00001946,2025-12-07 15:20:25.11297-05,1452.27,217.84,1670.11,2026-07-17 19:22:27.718562-05,2026-07-17 19:22:27.718562-05,script_generator,
411,45,3,FAC-PROV-2026-00000411,2025-12-27 12:14:42.308547-05,2111.94,316.79,2428.74,2026-07-17 19:22:27.718562-05,2026-07-17 19:22:27.718562-05,script_generator,
869,45,3,FAC-PROV-2026-00000869,2025-02-09 01:13:46.508415-05,2638.01,395.70,3033.71,2026-07-17 19:22:27.718562-05,2026-07-17 19:22:27.718562-05,script_generator,
864,45,3,FAC-PROV-2026-00000864,2025-04-11 17:33:55.180414-05,1329.14,199.37,1528.51,2026-07-17 19:22:27.718562-05,2026-07-17 19:22:27.718562-05,script_generator,
672,45,3,FAC-PROV-2026-00000672,2025-09-21 15:15:58.01505-05,2644.27,396.64,3040.91,2026-07-17 19:22:27.718562-05,2026-07-17 19:22:27.718562-05,script_generator,
1584,45,3,FAC-PROV-2026-00001584,2025-08-16 02:10:33.61349-05,1071.02,160.65,1231.68,2026-07-17 19:22:27.718562-05,2026-07-17 19:22:27.718562-05,script_generator,
1454,45,3,FAC-PROV-2026-00001454,2025-05-23 16:10:48.265674-05,803.88,120.58,924.47,2026-07-17 19:22:27.718562-05,2026-07-17 19:22:27.718562-05,script_generator,
316,45,3,FAC-PROV-2026-00000316,2024-07-07 08:37:54.187933-05,867.51,130.13,997.64,2026-07-17 19:22:27.718562-05,2026-07-17 19:22:27.718562-05,script_generator,
1282,45,3,FAC-PROV-2026-00001282,2025-07-30 17:07:26.924839-05,804.94,120.74,925.68,2026-07-17 19:22:27.718562-05,2026-07-17 19:22:27.718562-05,script_generator,
256,45,3,FAC-PROV-2026-00000256,2026-07-09 12:44:10.952547-05,1305.78,195.87,1501.65,2026-07-17 19:22:27.718562-05,2026-07-17 19:22:27.718562-05,script_generator,
332,45,3,FAC-PROV-2026-00000332,2024-07-08 16:52:40.697773-05,1591.61,238.74,1830.35,2026-07-17 19:22:27.718562-05,2026-07-17 19:22:27.718562-05,script_generator,
1812,45,3,FAC-PROV-2026-00001812,2025-10-02 21:40:57.041839-05,2359.63,353.94,2713.57,2026-07-17 19:22:27.718562-05,2026-07-17 19:22:27.718562-05,script_generator,
628,45,3,FAC-PROV-2026-00000628,2024-10-14 00:24:44.922537-05,3025.71,453.86,3479.57,2026-07-17 19:22:27.718562-05,2026-07-17 19:22:27.718562-05,script_generator,
1860,45,3,FAC-PROV-2026-00001860,2024-10-21 16:51:28.394848-05,1247.81,187.17,1434.98,2026-07-17 19:22:27.718562-05,2026-07-17 19:22:27.718562-05,script_generator,
885,45,3,FAC-PROV-2026-00000885,2024-10-08 14:28:00.409123-05,1697.08,254.56,1951.65,2026-07-17 19:22:27.718562-05,2026-07-17 19:22:27.718562-05,script_generator,
422,45,3,FAC-PROV-2026-00000422,2026-03-23 17:48:39.088566-05,2783.16,417.47,3200.63,2026-07-17 19:22:27.718562-05,2026-07-17 19:22:27.718562-05,script_generator,
185,45,3,FAC-PROV-2026-00000185,2024-07-08 14:28:47.613503-05,1615.51,242.33,1857.84,2026-07-17 19:22:27.718562-05,2026-07-17 19:22:27.718562-05,script_generator,
215,45,3,FAC-PROV-2026-00000215,2025-07-25 14:14:28.576426-05,2832.92,424.94,3257.86,2026-07-17 19:22:27.718562-05,2026-07-17 19:22:27.718562-05,script_generator,
1275,45,3,FAC-PROV-2026-00001275,2024-11-14 15:17:34.188203-05,1157.15,173.57,1330.73,2026-07-17 19:22:27.718562-05,2026-07-17 19:22:27.718562-05,script_generator,
1107,45,3,FAC-PROV-2026-00001107,2024-06-29 19:40:57.790235-05,2268.80,340.32,2609.12,2026-07-17 19:22:27.718562-05,2026-07-17 19:22:27.718562-05,script_generator,
1465,45,3,FAC-PROV-2026-00001465,2025-05-01 10:50:45.882636-05,2414.36,362.15,2776.51,2026-07-17 19:22:27.718562-05,2026-07-17 19:22:27.718562-05,script_generator,
1157,45,3,FAC-PROV-2026-00001157,2025-11-18 09:08:24.197119-05,1243.79,186.57,1430.36,2026-07-17 19:22:27.718562-05,2026-07-17 19:22:27.718562-05,script_generator,
625,45,3,FAC-PROV-2026-00000625,2025-02-16 16:30:01.143168-05,1992.78,298.92,2291.70,2026-07-17 19:22:27.718562-05,2026-07-17 19:22:27.718562-05,script_generator,
1155,45,3,FAC-PROV-2026-00001155,2024-04-12 18:56:06.110209-05,2415.38,362.31,2777.69,2026-07-17 19:22:27.718562-05,2026-07-17 19:22:27.718562-05,script_generator,
1526,45,3,FAC-PROV-2026-00001526,2024-10-10 15:40:56.150877-05,1747.86,262.18,2010.04,2026-07-17 19:22:27.718562-05,2026-07-17 19:22:27.718562-05,script_generator,
617,45,3,FAC-PROV-2026-00000617,2025-09-08 02:15:41.05361-05,1686.00,252.90,1938.90,2026-07-17 19:22:27.718562-05,2026-07-17 19:22:27.718562-05,script_generator,
1541,45,3,FAC-PROV-2026-00001541,2024-12-20 21:02:43.597033-05,1420.62,213.09,1633.71,2026-07-17 19:22:27.718562-05,2026-07-17 19:22:27.718562-05,script_generator,
1531,45,3,FAC-PROV-2026-00001531,2026-03-26 06:46:42.456534-05,2507.03,376.05,2883.08,2026-07-17 19:22:27.718562-05,2026-07-17 19:22:27.718562-05,script_generator,
1671,45,3,FAC-PROV-2026-00001671,2024-02-11 00:59:24.462315-05,1850.76,277.61,2128.38,2026-07-17 19:22:27.718562-05,2026-07-17 19:22:27.718562-05,script_generator,
819,45,3,FAC-PROV-2026-00000819,2026-05-08 13:27:23.396922-05,2415.25,362.29,2777.54,2026-07-17 19:22:27.718562-05,2026-07-17 19:22:27.718562-05,script_generator,
314,45,3,FAC-PROV-2026-00000314,2024-01-26 07:53:11.296421-05,1458.32,218.75,1677.07,2026-07-17 19:22:27.718562-05,2026-07-17 19:22:27.718562-05,script_generator,
817,45,3,FAC-PROV-2026-00000817,2024-08-15 10:54:36.121811-05,1425.85,213.88,1639.73,2026-07-17 19:22:27.718562-05,2026-07-17 19:22:27.718562-05,script_generator,
1274,45,3,FAC-PROV-2026-00001274,2024-12-03 15:33:32.795439-05,1983.00,297.45,2280.45,2026-07-17 19:22:27.718562-05,2026-07-17 19:22:27.718562-05,script_generator,
426,45,3,FAC-PROV-2026-00000426,2024-02-16 11:17:00.90597-05,2177.55,326.63,2504.19,2026-07-17 19:22:27.718562-05,2026-07-17 19:22:27.718562-05,script_generator,
1891,45,3,FAC-PROV-2026-00001891,2025-10-30 17:18:09.765681-05,2216.47,332.47,2548.94,2026-07-17 19:22:27.718562-05,2026-07-17 19:22:27.718562-05,script_generator,
1840,45,3,FAC-PROV-2026-00001840,2025-08-31 06:07:29.174707-05,1276.96,191.54,1468.51,2026-07-17 19:22:27.718562-05,2026-07-17 19:22:27.718562-05,script_generator,
1805,45,3,FAC-PROV-2026-00001805,2025-11-30 18:48:23.179306-05,1371.64,205.75,1577.38,2026-07-17 19:22:27.718562-05,2026-07-17 19:22:27.718562-05,script_generator,
877,45,3,FAC-PROV-2026-00000877,2025-07-29 09:14:28.92861-05,733.95,110.09,844.04,2026-07-17 19:22:27.718562-05,2026-07-17 19:22:27.718562-05,script_generator,
299,45,3,FAC-PROV-2026-00000299,2024-08-02 17:44:22.803097-05,3071.44,460.72,3532.15,2026-07-17 19:22:27.718562-05,2026-07-17 19:22:27.718562-05,script_generator,
169,45,3,FAC-PROV-2026-00000169,2024-04-11 05:46:15.722788-05,1350.45,202.57,1553.02,2026-07-17 19:22:27.718562-05,2026-07-17 19:22:27.718562-05,script_generator,
1113,45,3,FAC-PROV-2026-00001113,2024-11-23 23:36:45.056042-05,2992.48,448.87,3441.35,2026-07-17 19:22:27.718562-05,2026-07-17 19:22:27.718562-05,script_generator,
605,45,3,FAC-PROV-2026-00000605,2025-10-19 15:53:22.310871-05,1112.67,166.90,1279.58,2026-07-17 19:22:27.718562-05,2026-07-17 19:22:27.718562-05,script_generator,
1317,45,3,FAC-PROV-2026-00001317,2025-11-13 23:17:02.558309-05,902.02,135.30,1037.32,2026-07-17 19:22:27.718562-05,2026-07-17 19:22:27.718562-05,script_generator,
1702,45,3,FAC-PROV-2026-00001702,2026-04-21 07:47:57.073823-05,2392.95,358.94,2751.90,2026-07-17 19:22:27.718562-05,2026-07-17 19:22:27.718562-05,script_generator,
971,45,3,FAC-PROV-2026-00000971,2024-12-24 04:06:25.553671-05,2541.82,381.27,2923.09,2026-07-17 19:22:27.718562-05,2026-07-17 19:22:27.718562-05,script_generator,
660,45,3,FAC-PROV-2026-00000660,2024-10-15 23:02:34.373302-05,2186.36,327.95,2514.32,2026-07-17 19:22:27.718562-05,2026-07-17 19:22:27.718562-05,script_generator,
1825,45,3,FAC-PROV-2026-00001825,2024-03-11 23:56:23.430273-05,961.12,144.17,1105.29,2026-07-17 19:22:27.718562-05,2026-07-17 19:22:27.718562-05,script_generator,
1759,45,3,FAC-PROV-2026-00001759,2025-08-28 00:03:22.366345-05,1994.09,299.11,2293.20,2026-07-17 19:22:27.718562-05,2026-07-17 19:22:27.718562-05,script_generator,
910,45,3,FAC-PROV-2026-00000910,2025-04-02 18:35:21.644682-05,1240.09,186.01,1426.10,2026-07-17 19:22:27.718562-05,2026-07-17 19:22:27.718562-05,script_generator,
1707,45,3,FAC-PROV-2026-00001707,2025-09-04 17:52:37.56442-05,2782.61,417.39,3200.00,2026-07-17 19:22:27.718562-05,2026-07-17 19:22:27.718562-05,script_generator,
236,45,3,FAC-PROV-2026-00000236,2025-11-25 06:14:26.23421-05,1078.71,161.81,1240.51,2026-07-17 19:22:27.718562-05,2026-07-17 19:22:27.718562-05,script_generator,
941,45,3,FAC-PROV-2026-00000941,2025-01-11 16:02:38.469703-05,2513.08,376.96,2890.04,2026-07-17 19:22:27.718562-05,2026-07-17 19:22:27.718562-05,script_generator,
949,45,3,FAC-PROV-2026-00000949,2024-04-04 14:24:51.935495-05,1885.80,282.87,2168.67,2026-07-17 19:22:27.718562-05,2026-07-17 19:22:27.718562-05,script_generator,
135,45,3,FAC-PROV-2026-00000135,2024-03-19 16:41:49.585035-05,755.11,113.27,868.37,2026-07-17 19:22:27.718562-05,2026-07-17 19:22:27.718562-05,script_generator,
1751,45,3,FAC-PROV-2026-00001751,2024-05-21 17:38:33.27745-05,1089.06,163.36,1252.42,2026-07-17 19:22:27.718562-05,2026-07-17 19:22:27.718562-05,script_generator,
1626,45,3,FAC-PROV-2026-00001626,2024-01-04 21:59:35.758354-05,816.67,122.50,939.17,2026-07-17 19:22:27.718562-05,2026-07-17 19:22:27.718562-05,script_generator,
1064,45,3,FAC-PROV-2026-00001064,2024-09-17 18:03:35.320437-05,1182.77,177.42,1360.18,2026-07-17 19:22:27.718562-05,2026-07-17 19:22:27.718562-05,script_generator,
454,45,3,FAC-PROV-2026-00000454,2024-03-12 10:14:21.65338-05,1889.87,283.48,2173.35,2026-07-17 19:22:27.718562-05,2026-07-17 19:22:27.718562-05,script_generator,
1193,45,3,FAC-PROV-2026-00001193,2025-04-23 12:00:55.232518-05,912.97,136.95,1049.92,2026-07-17 19:22:27.718562-05,2026-07-17 19:22:27.718562-05,script_generator,
879,45,3,FAC-PROV-2026-00000879,2025-07-21 12:36:26.902006-05,1962.26,294.34,2256.60,2026-07-17 19:22:27.718562-05,2026-07-17 19:22:27.718562-05,script_generator,
227,45,3,FAC-PROV-2026-00000227,2024-01-17 15:01:52.130424-05,1676.57,251.49,1928.05,2026-07-17 19:22:27.718562-05,2026-07-17 19:22:27.718562-05,script_generator,
500,45,3,FAC-PROV-2026-00000500,2025-05-14 20:52:13.556011-05,2407.52,361.13,2768.64,2026-07-17 19:22:27.718562-05,2026-07-17 19:22:27.718562-05,script_generator,
1204,45,3,FAC-PROV-2026-00001204,2024-08-30 06:17:51.897945-05,2568.11,385.22,2953.33,2026-07-17 19:22:27.718562-05,2026-07-17 19:22:27.718562-05,script_generator,
73,45,3,FAC-PROV-2026-00000073,2024-02-25 04:30:30.636211-05,1268.78,190.32,1459.10,2026-07-17 19:22:27.718562-05,2026-07-17 19:22:27.718562-05,script_generator,
1169,45,3,FAC-PROV-2026-00001169,2026-02-24 02:48:50.564679-05,786.68,118.00,904.68,2026-07-17 19:22:27.718562-05,2026-07-17 19:22:27.718562-05,script_generator,
1994,45,3,FAC-PROV-2026-00001994,2025-06-12 12:44:42.126755-05,954.52,143.18,1097.70,2026-07-17 19:22:27.718562-05,2026-07-17 19:22:27.718562-05,script_generator,
1874,45,3,FAC-PROV-2026-00001874,2024-06-05 10:21:40.248401-05,1979.21,296.88,2276.09,2026-07-17 19:22:27.718562-05,2026-07-17 19:22:27.718562-05,script_generator,
1171,45,3,FAC-PROV-2026-00001171,2024-11-03 19:12:47.916312-05,1382.19,207.33,1589.52,2026-07-17 19:22:27.718562-05,2026-07-17 19:22:27.718562-05,script_generator,
1138,45,3,FAC-PROV-2026-00001138,2025-03-04 10:10:16.171866-05,1846.82,277.02,2123.84,2026-07-17 19:22:27.718562-05,2026-07-17 19:22:27.718562-05,script_generator,
1085,45,3,FAC-PROV-2026-00001085,2024-02-13 20:46:53.461786-05,1875.53,281.33,2156.86,2026-07-17 19:22:27.718562-05,2026-07-17 19:22:27.718562-05,script_generator,
239,45,3,FAC-PROV-2026-00000239,2024-04-23 00:23:26.967699-05,1247.58,187.14,1434.72,2026-07-17 19:22:27.718562-05,2026-07-17 19:22:27.718562-05,script_generator,
121,45,3,FAC-PROV-2026-00000121,2024-07-23 14:30:34.016588-05,1402.76,210.41,1613.18,2026-07-17 19:22:27.718562-05,2026-07-17 19:22:27.718562-05,script_generator,
1353,45,3,FAC-PROV-2026-00001353,2025-08-23 10:34:50.750168-05,1660.84,249.13,1909.97,2026-07-17 19:22:27.718562-05,2026-07-17 19:22:27.718562-05,script_generator,
1438,45,3,FAC-PROV-2026-00001438,2024-11-03 00:56:29.824374-05,2080.48,312.07,2392.56,2026-07-17 19:22:27.718562-05,2026-07-17 19:22:27.718562-05,script_generator,
1407,45,3,FAC-PROV-2026-00001407,2024-02-26 04:00:00.097816-05,2249.73,337.46,2587.19,2026-07-17 19:22:27.718562-05,2026-07-17 19:22:27.718562-05,script_generator,
561,45,3,FAC-PROV-2026-00000561,2025-07-16 09:14:29.675002-05,1030.08,154.51,1184.59,2026-07-17 19:22:27.718562-05,2026-07-17 19:22:27.718562-05,script_generator,
1688,45,3,FAC-PROV-2026-00001688,2024-08-28 15:33:15.759835-05,1342.78,201.42,1544.19,2026-07-17 19:22:27.718562-05,2026-07-17 19:22:27.718562-05,script_generator,
755,45,3,FAC-PROV-2026-00000755,2025-08-19 14:52:59.570253-05,841.66,126.25,967.91,2026-07-17 19:22:27.718562-05,2026-07-17 19:22:27.718562-05,script_generator,
1184,45,3,FAC-PROV-2026-00001184,2026-01-31 02:16:39.190778-05,2678.56,401.78,3080.34,2026-07-17 19:22:27.718562-05,2026-07-17 19:22:27.718562-05,script_generator,
1031,45,3,FAC-PROV-2026-00001031,2026-03-28 04:42:14.297578-05,2112.37,316.86,2429.22,2026-07-17 19:22:27.718562-05,2026-07-17 19:22:27.718562-05,script_generator,
1670,45,3,FAC-PROV-2026-00001670,2026-05-27 20:12:22.951423-05,829.92,124.49,954.40,2026-07-17 19:22:27.718562-05,2026-07-17 19:22:27.718562-05,script_generator,
15,45,3,FAC-PROV-2026-00000015,2024-03-20 02:53:54.375094-05,2300.16,345.02,2645.18,2026-07-17 19:22:27.718562-05,2026-07-17 19:22:27.718562-05,script_generator,
1865,45,3,FAC-PROV-2026-00001865,2026-05-28 20:51:51.382151-05,1331.60,199.74,1531.34,2026-07-17 19:22:27.718562-05,2026-07-17 19:22:27.718562-05,script_generator,
1129,45,3,FAC-PROV-2026-00001129,2026-04-08 07:28:38.075497-05,2498.27,374.74,2873.01,2026-07-17 19:22:27.718562-05,2026-07-17 19:22:27.718562-05,script_generator,
859,45,3,FAC-PROV-2026-00000859,2024-02-08 21:50:27.073456-05,1986.32,297.95,2284.27,2026-07-17 19:22:27.718562-05,2026-07-17 19:22:27.718562-05,script_generator,
842,45,3,FAC-PROV-2026-00000842,2026-07-01 12:11:27.369167-05,1954.92,293.24,2248.16,2026-07-17 19:22:27.718562-05,2026-07-17 19:22:27.718562-05,script_generator,
767,45,3,FAC-PROV-2026-00000767,2025-07-05 19:31:49.601849-05,1763.46,264.52,2027.98,2026-07-17 19:22:27.718562-05,2026-07-17 19:22:27.718562-05,script_generator,
1367,45,3,FAC-PROV-2026-00001367,2024-03-20 18:01:09.287537-05,1687.24,253.09,1940.33,2026-07-17 19:22:27.718562-05,2026-07-17 19:22:27.718562-05,script_generator,
244,45,3,FAC-PROV-2026-00000244,2026-01-18 22:27:25.671792-05,1786.03,267.90,2053.93,2026-07-17 19:22:27.718562-05,2026-07-17 19:22:27.718562-05,script_generator,
1192,45,3,FAC-PROV-2026-00001192,2025-06-13 05:51:37.243903-05,1940.47,291.07,2231.54,2026-07-17 19:22:27.718562-05,2026-07-17 19:22:27.718562-05,script_generator,
1088,45,3,FAC-PROV-2026-00001088,2025-09-18 18:02:23.075281-05,2713.41,407.01,3120.42,2026-07-17 19:22:27.718562-05,2026-07-17 19:22:27.718562-05,script_generator,
1124,45,3,FAC-PROV-2026-00001124,2025-01-01 12:30:02.730215-05,1816.00,272.40,2088.40,2026-07-17 19:22:27.718562-05,2026-07-17 19:22:27.718562-05,script_generator,
468,45,3,FAC-PROV-2026-00000468,2026-06-06 23:20:58.755727-05,1457.20,218.58,1675.78,2026-07-17 19:22:27.718562-05,2026-07-17 19:22:27.718562-05,script_generator,
1717,45,3,FAC-PROV-2026-00001717,2026-05-01 14:15:05.681475-05,1397.63,209.64,1607.27,2026-07-17 19:22:27.718562-05,2026-07-17 19:22:27.718562-05,script_generator,
1738,45,3,FAC-PROV-2026-00001738,2025-01-31 22:29:12.671387-05,1410.60,211.59,1622.20,2026-07-17 19:22:27.718562-05,2026-07-17 19:22:27.718562-05,script_generator,
1725,45,3,FAC-PROV-2026-00001725,2024-05-02 06:12:14.301243-05,3109.92,466.49,3576.40,2026-07-17 19:22:27.718562-05,2026-07-17 19:22:27.718562-05,script_generator,
1243,45,3,FAC-PROV-2026-00001243,2025-04-14 12:15:04.6263-05,708.44,106.27,814.71,2026-07-17 19:22:27.718562-05,2026-07-17 19:22:27.718562-05,script_generator,
721,45,3,FAC-PROV-2026-00000721,2024-08-11 07:50:15.735635-05,1906.05,285.91,2191.96,2026-07-17 19:22:27.718562-05,2026-07-17 19:22:27.718562-05,script_generator,
251,45,3,FAC-PROV-2026-00000251,2024-01-06 22:49:45.806349-05,1777.77,266.67,2044.44,2026-07-17 19:22:27.718562-05,2026-07-17 19:22:27.718562-05,script_generator,
1100,45,3,FAC-PROV-2026-00001100,2024-04-16 11:34:36.972007-05,1537.81,230.67,1768.49,2026-07-17 19:22:27.718562-05,2026-07-17 19:22:27.718562-05,script_generator,
1270,45,3,FAC-PROV-2026-00001270,2026-04-05 21:15:04.072699-05,1050.29,157.54,1207.84,2026-07-17 19:22:27.718562-05,2026-07-17 19:22:27.718562-05,script_generator,
1436,45,3,FAC-PROV-2026-00001436,2026-02-23 19:22:06.736637-05,2233.67,335.05,2568.72,2026-07-17 19:22:27.718562-05,2026-07-17 19:22:27.718562-05,script_generator,
960,45,3,FAC-PROV-2026-00000960,2025-06-24 11:36:32.582124-05,927.60,139.14,1066.74,2026-07-17 19:22:27.718562-05,2026-07-17 19:22:27.718562-05,script_generator,
1516,45,3,FAC-PROV-2026-00001516,2025-04-13 12:47:49.678736-05,2110.50,316.58,2427.08,2026-07-17 19:22:27.718562-05,2026-07-17 19:22:27.718562-05,script_generator,
786,45,3,FAC-PROV-2026-00000786,2026-02-19 22:49:31.328564-05,714.40,107.16,821.56,2026-07-17 19:22:27.718562-05,2026-07-17 19:22:27.718562-05,script_generator,
1945,45,3,FAC-PROV-2026-00001945,2026-07-05 06:55:52.41518-05,2882.85,432.43,3315.28,2026-07-17 19:22:27.718562-05,2026-07-17 19:22:27.718562-05,script_generator,
1455,45,3,FAC-PROV-2026-00001455,2026-07-04 09:00:09.250002-05,2754.90,413.23,3168.13,2026-07-17 19:22:27.718562-05,2026-07-17 19:22:27.718562-05,script_generator,
321,45,3,FAC-PROV-2026-00000321,2024-06-04 13:10:31.83928-05,1549.75,232.46,1782.21,2026-07-17 19:22:27.718562-05,2026-07-17 19:22:27.718562-05,script_generator,
105,45,3,FAC-PROV-2026-00000105,2025-12-18 02:04:24.032636-05,2906.11,435.92,3342.03,2026-07-17 19:22:27.718562-05,2026-07-17 19:22:27.718562-05,script_generator,
402,45,3,FAC-PROV-2026-00000402,2025-02-15 14:42:31.55955-05,2110.35,316.55,2426.90,2026-07-17 19:22:27.718562-05,2026-07-17 19:22:27.718562-05,script_generator,
804,45,3,FAC-PROV-2026-00000804,2024-09-19 10:31:04.396437-05,2346.05,351.91,2697.96,2026-07-17 19:22:27.718562-05,2026-07-17 19:22:27.718562-05,script_generator,
1934,45,3,FAC-PROV-2026-00001934,2024-03-19 18:55:33.993516-05,1558.45,233.77,1792.22,2026-07-17 19:22:27.718562-05,2026-07-17 19:22:27.718562-05,script_generator,
866,45,3,FAC-PROV-2026-00000866,2024-08-31 23:28:25.866414-05,2963.97,444.60,3408.57,2026-07-17 19:22:27.718562-05,2026-07-17 19:22:27.718562-05,script_generator,
1542,45,3,FAC-PROV-2026-00001542,2026-03-20 20:36:19.106507-05,2741.18,411.18,3152.36,2026-07-17 19:22:27.718562-05,2026-07-17 19:22:27.718562-05,script_generator,
1487,45,3,FAC-PROV-2026-00001487,2026-04-20 05:51:25.397253-05,2432.04,364.81,2796.85,2026-07-17 19:22:27.718562-05,2026-07-17 19:22:27.718562-05,script_generator,
991,45,3,FAC-PROV-2026-00000991,2024-08-15 21:38:19.739809-05,1814.27,272.14,2086.41,2026-07-17 19:22:27.718562-05,2026-07-17 19:22:27.718562-05,script_generator,
1391,45,3,FAC-PROV-2026-00001391,2025-11-21 17:45:21.937187-05,2725.01,408.75,3133.76,2026-07-17 19:22:27.718562-05,2026-07-17 19:22:27.718562-05,script_generator,
776,45,3,FAC-PROV-2026-00000776,2025-06-28 14:41:06.544873-05,2107.14,316.07,2423.22,2026-07-17 19:22:27.718562-05,2026-07-17 19:22:27.718562-05,script_generator,
467,45,3,FAC-PROV-2026-00000467,2025-08-19 07:59:39.231631-05,2262.62,339.39,2602.01,2026-07-17 19:22:27.718562-05,2026-07-17 19:22:27.718562-05,script_generator,
327,45,3,FAC-PROV-2026-00000327,2025-01-27 16:55:05.675755-05,1651.32,247.70,1899.01,2026-07-17 19:22:27.718562-05,2026-07-17 19:22:27.718562-05,script_generator,
1636,45,3,FAC-PROV-2026-00001636,2024-03-23 16:40:19.826096-05,2627.25,394.09,3021.34,2026-07-17 19:22:27.718562-05,2026-07-17 19:22:27.718562-05,script_generator,
1177,45,3,FAC-PROV-2026-00001177,2024-03-06 10:14:11.547214-05,1642.12,246.32,1888.44,2026-07-17 19:22:27.718562-05,2026-07-17 19:22:27.718562-05,script_generator,
1121,45,3,FAC-PROV-2026-00001121,2024-06-10 08:26:49.20219-05,1464.11,219.62,1683.73,2026-07-17 19:22:27.718562-05,2026-07-17 19:22:27.718562-05,script_generator,
1882,45,3,FAC-PROV-2026-00001882,2024-03-19 23:12:49.874193-05,3141.56,471.23,3612.79,2026-07-17 19:22:27.718562-05,2026-07-17 19:22:27.718562-05,script_generator,
1566,45,3,FAC-PROV-2026-00001566,2024-05-17 04:21:07.303268-05,2886.06,432.91,3318.97,2026-07-17 19:22:27.718562-05,2026-07-17 19:22:27.718562-05,script_generator,
1343,45,3,FAC-PROV-2026-00001343,2024-11-04 19:54:04.806578-05,2325.02,348.75,2673.77,2026-07-17 19:22:27.718562-05,2026-07-17 19:22:27.718562-05,script_generator,
724,45,3,FAC-PROV-2026-00000724,2025-11-17 18:44:28.731922-05,1946.80,292.02,2238.82,2026-07-17 19:22:27.718562-05,2026-07-17 19:22:27.718562-05,script_generator,
1785,45,3,FAC-PROV-2026-00001785,2025-08-23 07:12:21.619801-05,778.36,116.75,895.12,2026-07-17 19:22:27.718562-05,2026-07-17 19:22:27.718562-05,script_generator,
1323,45,3,FAC-PROV-2026-00001323,2024-09-18 09:57:14.7261-05,2946.90,442.03,3388.93,2026-07-17 19:22:27.718562-05,2026-07-17 19:22:27.718562-05,script_generator,
1222,45,3,FAC-PROV-2026-00001222,2025-05-14 11:15:32.030353-05,1299.80,194.97,1494.77,2026-07-17 19:22:27.718562-05,2026-07-17 19:22:27.718562-05,script_generator,
1921,45,3,FAC-PROV-2026-00001921,2025-10-25 19:02:52.066889-05,715.30,107.29,822.59,2026-07-17 19:22:27.718562-05,2026-07-17 19:22:27.718562-05,script_generator,
1714,45,3,FAC-PROV-2026-00001714,2025-10-18 13:35:12.096597-05,1002.29,150.34,1152.64,2026-07-17 19:22:27.718562-05,2026-07-17 19:22:27.718562-05,script_generator,
372,45,3,FAC-PROV-2026-00000372,2025-02-19 06:50:58.505361-05,2814.39,422.16,3236.55,2026-07-17 19:22:27.718562-05,2026-07-17 19:22:27.718562-05,script_generator,
1358,45,3,FAC-PROV-2026-00001358,2025-04-17 12:35:45.480944-05,1026.17,153.93,1180.09,2026-07-17 19:22:27.718562-05,2026-07-17 19:22:27.718562-05,script_generator,
339,45,3,FAC-PROV-2026-00000339,2024-02-27 16:18:21.269725-05,2623.07,393.46,3016.53,2026-07-17 19:22:27.718562-05,2026-07-17 19:22:27.718562-05,script_generator,
600,45,3,FAC-PROV-2026-00000600,2025-04-19 20:21:10.115479-05,1904.64,285.70,2190.34,2026-07-17 19:22:27.718562-05,2026-07-17 19:22:27.718562-05,script_generator,
772,45,3,FAC-PROV-2026-00000772,2024-06-01 18:50:45.656218-05,769.74,115.46,885.21,2026-07-17 19:22:27.718562-05,2026-07-17 19:22:27.718562-05,script_generator,
335,45,3,FAC-PROV-2026-00000335,2025-04-05 16:58:30.47891-05,1142.01,171.30,1313.31,2026-07-17 19:22:27.718562-05,2026-07-17 19:22:27.718562-05,script_generator,
1596,45,3,FAC-PROV-2026-00001596,2026-03-25 13:18:20.569011-05,1827.77,274.17,2101.94,2026-07-17 19:22:27.718562-05,2026-07-17 19:22:27.718562-05,script_generator,
1931,45,3,FAC-PROV-2026-00001931,2024-10-14 08:34:00.553184-05,1821.09,273.16,2094.25,2026-07-17 19:22:27.718562-05,2026-07-17 19:22:27.718562-05,script_generator,
1756,45,3,FAC-PROV-2026-00001756,2025-09-21 07:21:05.808462-05,1992.34,298.85,2291.20,2026-07-17 19:22:27.718562-05,2026-07-17 19:22:27.718562-05,script_generator,
591,45,3,FAC-PROV-2026-00000591,2025-12-12 06:09:10.059964-05,2783.78,417.57,3201.35,2026-07-17 19:22:27.718562-05,2026-07-17 19:22:27.718562-05,script_generator,
808,45,3,FAC-PROV-2026-00000808,2025-05-10 07:57:57.660002-05,1650.58,247.59,1898.17,2026-07-17 19:22:27.718562-05,2026-07-17 19:22:27.718562-05,script_generator,
1695,45,3,FAC-PROV-2026-00001695,2025-05-23 11:29:32.175333-05,2692.05,403.81,3095.86,2026-07-17 19:22:27.718562-05,2026-07-17 19:22:27.718562-05,script_generator,
1768,45,3,FAC-PROV-2026-00001768,2024-06-02 16:42:52.029171-05,1746.93,262.04,2008.97,2026-07-17 19:22:27.718562-05,2026-07-17 19:22:27.718562-05,script_generator,
827,45,3,FAC-PROV-2026-00000827,2025-09-03 22:11:08.339478-05,2430.71,364.61,2795.31,2026-07-17 19:22:27.718562-05,2026-07-17 19:22:27.718562-05,script_generator,
254,45,3,FAC-PROV-2026-00000254,2026-02-15 15:51:49.218434-05,1693.75,254.06,1947.81,2026-07-17 19:22:27.718562-05,2026-07-17 19:22:27.718562-05,script_generator,
1360,45,3,FAC-PROV-2026-00001360,2026-04-13 23:00:48.736891-05,2826.90,424.04,3250.94,2026-07-17 19:22:27.718562-05,2026-07-17 19:22:27.718562-05,script_generator,
377,45,3,FAC-PROV-2026-00000377,2026-01-26 03:39:08.30128-05,1772.08,265.81,2037.89,2026-07-17 19:22:27.718562-05,2026-07-17 19:22:27.718562-05,script_generator,
952,45,3,FAC-PROV-2026-00000952,2024-01-13 22:36:04.263113-05,1087.80,163.17,1250.97,2026-07-17 19:22:27.718562-05,2026-07-17 19:22:27.718562-05,script_generator,
159,45,3,FAC-PROV-2026-00000159,2026-01-04 19:46:31.163376-05,832.54,124.88,957.42,2026-07-17 19:22:27.718562-05,2026-07-17 19:22:27.718562-05,script_generator,
1399,45,3,FAC-PROV-2026-00001399,2025-05-27 20:01:09.835938-05,1903.78,285.57,2189.34,2026-07-17 19:22:27.718562-05,2026-07-17 19:22:27.718562-05,script_generator,
986,45,3,FAC-PROV-2026-00000986,2025-04-23 23:04:18.31342-05,1057.79,158.67,1216.46,2026-07-17 19:22:27.718562-05,2026-07-17 19:22:27.718562-05,script_generator,
857,45,3,FAC-PROV-2026-00000857,2025-06-06 07:22:46.745125-05,2110.86,316.63,2427.49,2026-07-17 19:22:27.718562-05,2026-07-17 19:22:27.718562-05,script_generator,
619,45,3,FAC-PROV-2026-00000619,2025-05-31 02:38:10.049414-05,1092.86,163.93,1256.79,2026-07-17 19:22:27.718562-05,2026-07-17 19:22:27.718562-05,script_generator,
890,45,3,FAC-PROV-2026-00000890,2025-11-21 03:57:36.471101-05,1667.43,250.11,1917.54,2026-07-17 19:22:27.718562-05,2026-07-17 19:22:27.718562-05,script_generator,
1214,45,3,FAC-PROV-2026-00001214,2026-03-23 11:02:59.952919-05,1256.54,188.48,1445.02,2026-07-17 19:22:27.718562-05,2026-07-17 19:22:27.718562-05,script_generator,
20,45,3,FAC-PROV-2026-00000020,2024-05-27 03:02:01.999615-05,1666.87,250.03,1916.90,2026-07-17 19:22:27.718562-05,2026-07-17 19:22:27.718562-05,script_generator,
1394,45,3,FAC-PROV-2026-00001394,2025-09-23 08:27:14.535495-05,2120.77,318.11,2438.88,2026-07-17 19:22:27.718562-05,2026-07-17 19:22:27.718562-05,script_generator,
1341,45,3,FAC-PROV-2026-00001341,2024-10-30 22:50:32.868914-05,1127.67,169.15,1296.82,2026-07-17 19:22:27.718562-05,2026-07-17 19:22:27.718562-05,script_generator,
1074,45,3,FAC-PROV-2026-00001074,2024-10-15 23:16:28.265837-05,2386.40,357.96,2744.36,2026-07-17 19:22:27.718562-05,2026-07-17 19:22:27.718562-05,script_generator,
517,45,3,FAC-PROV-2026-00000517,2025-03-07 15:13:52.38194-05,2483.91,372.59,2856.50,2026-07-17 19:22:27.718562-05,2026-07-17 19:22:27.718562-05,script_generator,
1873,45,3,FAC-PROV-2026-00001873,2025-10-08 19:06:09.441686-05,1657.14,248.57,1905.71,2026-07-17 19:22:27.718562-05,2026-07-17 19:22:27.718562-05,script_generator,
1999,45,3,FAC-PROV-2026-00001999,2025-02-14 09:24:02.127259-05,2558.44,383.77,2942.21,2026-07-17 19:22:27.718562-05,2026-07-17 19:22:27.718562-05,script_generator,
1957,45,3,FAC-PROV-2026-00001957,2025-11-23 20:25:56.900242-05,1218.42,182.76,1401.18,2026-07-17 19:22:27.718562-05,2026-07-17 19:22:27.718562-05,script_generator,
1111,45,3,FAC-PROV-2026-00001111,2026-01-22 15:42:39.518139-05,1123.30,168.49,1291.79,2026-07-17 19:22:27.718562-05,2026-07-17 19:22:27.718562-05,script_generator,
1082,45,3,FAC-PROV-2026-00001082,2026-06-24 11:04:28.391047-05,2393.83,359.08,2752.91,2026-07-17 19:22:27.718562-05,2026-07-17 19:22:27.718562-05,script_generator,
129,45,3,FAC-PROV-2026-00000129,2025-03-16 06:14:13.352909-05,748.43,112.26,860.70,2026-07-17 19:22:27.718562-05,2026-07-17 19:22:27.718562-05,script_generator,
203,45,3,FAC-PROV-2026-00000203,2026-07-13 12:24:39.030198-05,1170.96,175.64,1346.60,2026-07-17 19:22:27.718562-05,2026-07-17 19:22:27.718562-05,script_generator,
1838,45,3,FAC-PROV-2026-00001838,2025-10-01 19:49:19.12957-05,1327.10,199.06,1526.16,2026-07-17 19:22:27.718562-05,2026-07-17 19:22:27.718562-05,script_generator,
1181,45,3,FAC-PROV-2026-00001181,2025-12-03 07:58:24.382029-05,1870.89,280.63,2151.52,2026-07-17 19:22:27.718562-05,2026-07-17 19:22:27.718562-05,script_generator,
789,45,3,FAC-PROV-2026-00000789,2026-01-24 19:31:59.746581-05,2170.55,325.58,2496.13,2026-07-17 19:22:27.718562-05,2026-07-17 19:22:27.718562-05,script_generator,
1491,45,3,FAC-PROV-2026-00001491,2025-12-14 18:05:34.159606-05,2514.99,377.25,2892.24,2026-07-17 19:22:27.718562-05,2026-07-17 19:22:27.718562-05,script_generator,
1023,45,3,FAC-PROV-2026-00001023,2026-03-09 03:09:52.942215-05,1088.60,163.29,1251.89,2026-07-17 19:22:27.718562-05,2026-07-17 19:22:27.718562-05,script_generator,
1172,45,3,FAC-PROV-2026-00001172,2024-05-18 06:43:42.626943-05,2642.10,396.32,3038.42,2026-07-17 19:22:27.718562-05,2026-07-17 19:22:27.718562-05,script_generator,
1208,45,3,FAC-PROV-2026-00001208,2024-04-30 18:38:20.863085-05,2001.60,300.24,2301.84,2026-07-17 19:22:27.718562-05,2026-07-17 19:22:27.718562-05,script_generator,
511,45,3,FAC-PROV-2026-00000511,2025-05-22 23:12:33.663297-05,1879.57,281.94,2161.50,2026-07-17 19:22:27.718562-05,2026-07-17 19:22:27.718562-05,script_generator,
1351,45,3,FAC-PROV-2026-00001351,2024-08-23 21:20:05.598444-05,2192.15,328.82,2520.97,2026-07-17 19:22:27.718562-05,2026-07-17 19:22:27.718562-05,script_generator,
1660,45,3,FAC-PROV-2026-00001660,2026-02-11 22:45:45.568854-05,2711.05,406.66,3117.70,2026-07-17 19:22:27.718562-05,2026-07-17 19:22:27.718562-05,script_generator,
1183,45,3,FAC-PROV-2026-00001183,2025-07-06 07:43:35.960423-05,2831.57,424.74,3256.31,2026-07-17 19:22:27.718562-05,2026-07-17 19:22:27.718562-05,script_generator,
1333,45,3,FAC-PROV-2026-00001333,2024-12-10 18:03:37.111649-05,1428.20,214.23,1642.43,2026-07-17 19:22:27.718562-05,2026-07-17 19:22:27.718562-05,script_generator,
1610,45,3,FAC-PROV-2026-00001610,2026-06-28 12:06:24.19426-05,2223.07,333.46,2556.53,2026-07-17 19:22:27.718562-05,2026-07-17 19:22:27.718562-05,script_generator,
1034,45,3,FAC-PROV-2026-00001034,2026-01-27 05:17:00.665475-05,1486.51,222.98,1709.49,2026-07-17 19:22:27.718562-05,2026-07-17 19:22:27.718562-05,script_generator,
943,45,3,FAC-PROV-2026-00000943,2024-12-13 06:46:21.041207-05,1405.57,210.83,1616.40,2026-07-17 19:22:27.718562-05,2026-07-17 19:22:27.718562-05,script_generator,
330,45,3,FAC-PROV-2026-00000330,2024-03-07 04:06:46.516848-05,2404.07,360.61,2764.68,2026-07-17 19:22:27.718562-05,2026-07-17 19:22:27.718562-05,script_generator,
1903,45,3,FAC-PROV-2026-00001903,2024-03-15 02:05:10.229047-05,2451.89,367.78,2819.68,2026-07-17 19:22:27.718562-05,2026-07-17 19:22:27.718562-05,script_generator,
1220,45,3,FAC-PROV-2026-00001220,2024-03-05 18:26:49.921458-05,2473.49,371.02,2844.51,2026-07-17 19:22:27.718562-05,2026-07-17 19:22:27.718562-05,script_generator,
451,45,3,FAC-PROV-2026-00000451,2025-01-13 10:43:11.848471-05,674.65,101.20,775.84,2026-07-17 19:22:27.718562-05,2026-07-17 19:22:27.718562-05,script_generator,
1466,45,3,FAC-PROV-2026-00001466,2024-07-31 02:50:03.502036-05,1844.62,276.69,2121.31,2026-07-17 19:22:27.718562-05,2026-07-17 19:22:27.718562-05,script_generator,
323,45,3,FAC-PROV-2026-00000323,2026-03-14 18:54:21.042548-05,1594.26,239.14,1833.39,2026-07-17 19:22:27.718562-05,2026-07-17 19:22:27.718562-05,script_generator,
348,45,3,FAC-PROV-2026-00000348,2024-07-04 07:53:29.902301-05,1952.85,292.93,2245.78,2026-07-17 19:22:27.718562-05,2026-07-17 19:22:27.718562-05,script_generator,
1634,45,3,FAC-PROV-2026-00001634,2024-11-27 15:02:32.131919-05,1567.03,235.05,1802.09,2026-07-17 19:22:27.718562-05,2026-07-17 19:22:27.718562-05,script_generator,
1363,45,3,FAC-PROV-2026-00001363,2025-04-18 03:05:39.674796-05,1950.50,292.58,2243.08,2026-07-17 19:22:27.718562-05,2026-07-17 19:22:27.718562-05,script_generator,
112,45,3,FAC-PROV-2026-00000112,2024-02-29 18:29:14.72164-05,2416.54,362.48,2779.02,2026-07-17 19:22:27.718562-05,2026-07-17 19:22:27.718562-05,script_generator,
560,45,3,FAC-PROV-2026-00000560,2024-05-07 04:16:16.88241-05,1797.07,269.56,2066.63,2026-07-17 19:22:27.718562-05,2026-07-17 19:22:27.718562-05,script_generator,
1042,45,3,FAC-PROV-2026-00001042,2026-03-31 20:12:39.371417-05,2667.47,400.12,3067.59,2026-07-17 19:22:27.718562-05,2026-07-17 19:22:27.718562-05,script_generator,
613,45,3,FAC-PROV-2026-00000613,2025-09-10 20:31:23.245175-05,1167.32,175.10,1342.42,2026-07-17 19:22:27.718562-05,2026-07-17 19:22:27.718562-05,script_generator,
268,45,3,FAC-PROV-2026-00000268,2025-04-08 00:57:54.432012-05,2773.07,415.96,3189.03,2026-07-17 19:22:27.718562-05,2026-07-17 19:22:27.718562-05,script_generator,
1745,45,3,FAC-PROV-2026-00001745,2024-07-18 05:45:28.072876-05,2346.65,352.00,2698.65,2026-07-17 19:22:27.718562-05,2026-07-17 19:22:27.718562-05,script_generator,
1404,45,3,FAC-PROV-2026-00001404,2024-05-09 08:40:23.053267-05,2336.01,350.40,2686.42,2026-07-17 19:22:27.718562-05,2026-07-17 19:22:27.718562-05,script_generator,
615,45,3,FAC-PROV-2026-00000615,2025-06-25 06:37:16.954522-05,1742.70,261.41,2004.11,2026-07-17 19:22:27.718562-05,2026-07-17 19:22:27.718562-05,script_generator,
830,45,3,FAC-PROV-2026-00000830,2025-03-20 13:14:31.499927-05,2882.10,432.31,3314.41,2026-07-17 19:22:27.718562-05,2026-07-17 19:22:27.718562-05,script_generator,
1545,45,3,FAC-PROV-2026-00001545,2024-11-17 01:20:04.836738-05,1676.34,251.45,1927.79,2026-07-17 19:22:27.718562-05,2026-07-17 19:22:27.718562-05,script_generator,
1581,45,3,FAC-PROV-2026-00001581,2024-11-21 08:56:05.438664-05,2111.72,316.76,2428.48,2026-07-17 19:22:27.718562-05,2026-07-17 19:22:27.718562-05,script_generator,
1482,45,3,FAC-PROV-2026-00001482,2025-10-27 18:11:56.378192-05,1344.68,201.70,1546.38,2026-07-17 19:22:27.718562-05,2026-07-17 19:22:27.718562-05,script_generator,
1657,45,3,FAC-PROV-2026-00001657,2025-03-07 11:11:37.556923-05,2403.62,360.54,2764.16,2026-07-17 19:22:27.718562-05,2026-07-17 19:22:27.718562-05,script_generator,
988,45,3,FAC-PROV-2026-00000988,2025-03-21 08:42:33.85682-05,1465.84,219.88,1685.72,2026-07-17 19:22:27.718562-05,2026-07-17 19:22:27.718562-05,script_generator,
1340,45,3,FAC-PROV-2026-00001340,2025-06-25 20:19:43.625155-05,2244.28,336.64,2580.92,2026-07-17 19:22:27.718562-05,2026-07-17 19:22:27.718562-05,script_generator,
964,45,3,FAC-PROV-2026-00000964,2024-02-29 10:01:19.718851-05,2359.03,353.85,2712.88,2026-07-17 19:22:27.718562-05,2026-07-17 19:22:27.718562-05,script_generator,
601,45,3,FAC-PROV-2026-00000601,2025-11-03 04:02:22.514884-05,3067.82,460.17,3527.99,2026-07-17 19:22:27.718562-05,2026-07-17 19:22:27.718562-05,script_generator,
590,45,3,FAC-PROV-2026-00000590,2025-10-21 01:08:27.194347-05,1186.44,177.97,1364.40,2026-07-17 19:22:27.718562-05,2026-07-17 19:22:27.718562-05,script_generator,
82,45,3,FAC-PROV-2026-00000082,2025-12-28 02:04:38.396893-05,2926.38,438.96,3365.34,2026-07-17 19:22:27.718562-05,2026-07-17 19:22:27.718562-05,script_generator,
2000,45,3,FAC-PROV-2026-00002000,2025-08-12 07:48:25.452139-05,1991.86,298.78,2290.64,2026-07-17 19:22:27.718562-05,2026-07-17 19:22:27.718562-05,script_generator,
1396,45,3,FAC-PROV-2026-00001396,2026-02-27 14:12:36.824488-05,1543.20,231.48,1774.68,2026-07-17 19:22:27.718562-05,2026-07-17 19:22:27.718562-05,script_generator,
1534,45,3,FAC-PROV-2026-00001534,2024-03-13 07:58:43.714047-05,2029.50,304.42,2333.92,2026-07-17 19:22:27.718562-05,2026-07-17 19:22:27.718562-05,script_generator,
202,45,3,FAC-PROV-2026-00000202,2024-03-08 21:38:12.975959-05,1435.18,215.28,1650.46,2026-07-17 19:22:27.718562-05,2026-07-17 19:22:27.718562-05,script_generator,
610,45,3,FAC-PROV-2026-00000610,2026-02-06 16:34:27.592102-05,2655.32,398.30,3053.62,2026-07-17 19:22:27.718562-05,2026-07-17 19:22:27.718562-05,script_generator,
1425,45,3,FAC-PROV-2026-00001425,2024-01-01 13:02:09.262611-05,1972.73,295.91,2268.64,2026-07-17 19:22:27.718562-05,2026-07-17 19:22:27.718562-05,script_generator,
678,45,3,FAC-PROV-2026-00000678,2024-08-24 13:09:34.487885-05,2652.33,397.85,3050.18,2026-07-17 19:22:27.718562-05,2026-07-17 19:22:27.718562-05,script_generator,
1906,45,3,FAC-PROV-2026-00001906,2024-08-11 12:57:16.142807-05,1525.03,228.76,1753.79,2026-07-17 19:22:27.718562-05,2026-07-17 19:22:27.718562-05,script_generator,
812,45,3,FAC-PROV-2026-00000812,2026-06-18 09:44:40.334258-05,2482.56,372.38,2854.94,2026-07-17 19:22:27.718562-05,2026-07-17 19:22:27.718562-05,script_generator,
1390,45,3,FAC-PROV-2026-00001390,2025-07-16 10:27:44.679174-05,2938.47,440.77,3379.24,2026-07-17 19:22:27.718562-05,2026-07-17 19:22:27.718562-05,script_generator,
579,45,3,FAC-PROV-2026-00000579,2025-05-04 04:27:52.147184-05,2428.74,364.31,2793.05,2026-07-17 19:22:27.718562-05,2026-07-17 19:22:27.718562-05,script_generator,
510,45,3,FAC-PROV-2026-00000510,2025-06-23 02:30:36.960966-05,2000.12,300.02,2300.14,2026-07-17 19:22:27.718562-05,2026-07-17 19:22:27.718562-05,script_generator,
1981,45,3,FAC-PROV-2026-00001981,2025-09-26 12:08:40.69357-05,893.58,134.04,1027.61,2026-07-17 19:22:27.718562-05,2026-07-17 19:22:27.718562-05,script_generator,
1176,45,3,FAC-PROV-2026-00001176,2025-09-21 00:44:45.493289-05,1385.73,207.86,1593.59,2026-07-17 19:22:27.718562-05,2026-07-17 19:22:27.718562-05,script_generator,
1186,45,3,FAC-PROV-2026-00001186,2024-04-20 15:44:45.960612-05,1868.16,280.22,2148.38,2026-07-17 19:22:27.718562-05,2026-07-17 19:22:27.718562-05,script_generator,
198,45,3,FAC-PROV-2026-00000198,2026-07-08 15:01:16.012877-05,2428.81,364.32,2793.13,2026-07-17 19:22:27.718562-05,2026-07-17 19:22:27.718562-05,script_generator,
212,45,3,FAC-PROV-2026-00000212,2025-01-01 03:30:08.115617-05,1207.28,181.09,1388.37,2026-07-17 19:22:27.718562-05,2026-07-17 19:22:27.718562-05,script_generator,
28,45,3,FAC-PROV-2026-00000028,2024-09-04 21:45:37.678655-05,984.81,147.72,1132.53,2026-07-17 19:22:27.718562-05,2026-07-17 19:22:27.718562-05,script_generator,
1796,45,3,FAC-PROV-2026-00001796,2026-06-28 13:11:57.037994-05,1813.57,272.04,2085.61,2026-07-17 19:22:27.718562-05,2026-07-17 19:22:27.718562-05,script_generator,
1089,45,3,FAC-PROV-2026-00001089,2024-03-08 19:38:25.661146-05,1086.19,162.93,1249.12,2026-07-17 19:22:27.718562-05,2026-07-17 19:22:27.718562-05,script_generator,
1380,45,3,FAC-PROV-2026-00001380,2026-03-04 03:32:43.148131-05,1869.63,280.45,2150.08,2026-07-17 19:22:27.718562-05,2026-07-17 19:22:27.718562-05,script_generator,
1656,45,3,FAC-PROV-2026-00001656,2026-05-29 07:38:47.836466-05,1790.18,268.53,2058.71,2026-07-17 19:22:27.718562-05,2026-07-17 19:22:27.718562-05,script_generator,
1147,45,3,FAC-PROV-2026-00001147,2025-04-02 05:54:38.461608-05,1440.50,216.08,1656.58,2026-07-17 19:22:27.718562-05,2026-07-17 19:22:27.718562-05,script_generator,
720,45,3,FAC-PROV-2026-00000720,2024-10-28 04:38:25.080015-05,1543.94,231.59,1775.53,2026-07-17 19:22:27.718562-05,2026-07-17 19:22:27.718562-05,script_generator,
917,45,3,FAC-PROV-2026-00000917,2024-10-23 00:33:02.513958-05,1856.17,278.43,2134.59,2026-07-17 19:22:27.718562-05,2026-07-17 19:22:27.718562-05,script_generator,
489,45,3,FAC-PROV-2026-00000489,2024-06-04 01:18:02.037543-05,972.51,145.88,1118.38,2026-07-17 19:22:27.718562-05,2026-07-17 19:22:27.718562-05,script_generator,
1605,45,3,FAC-PROV-2026-00001605,2026-06-03 08:04:00.682783-05,1615.11,242.27,1857.38,2026-07-17 19:22:27.718562-05,2026-07-17 19:22:27.718562-05,script_generator,
1555,45,3,FAC-PROV-2026-00001555,2024-03-11 00:49:10.968594-05,1501.21,225.18,1726.39,2026-07-17 19:22:27.718562-05,2026-07-17 19:22:27.718562-05,script_generator,
515,45,3,FAC-PROV-2026-00000515,2025-03-11 22:51:31.031068-05,1024.93,153.74,1178.67,2026-07-17 19:22:27.718562-05,2026-07-17 19:22:27.718562-05,script_generator,
1256,45,3,FAC-PROV-2026-00001256,2026-02-12 12:53:22.877033-05,1588.96,238.34,1827.31,2026-07-17 19:22:27.718562-05,2026-07-17 19:22:27.718562-05,script_generator,
1000,45,3,FAC-PROV-2026-00001000,2024-12-20 06:33:16.779373-05,1179.09,176.86,1355.96,2026-07-17 19:22:27.718562-05,2026-07-17 19:22:27.718562-05,script_generator,
706,45,3,FAC-PROV-2026-00000706,2026-05-30 09:26:32.732964-05,1538.35,230.75,1769.11,2026-07-17 19:22:27.718562-05,2026-07-17 19:22:27.718562-05,script_generator,
1230,45,3,FAC-PROV-2026-00001230,2024-08-15 22:17:13.441973-05,2426.25,363.94,2790.19,2026-07-17 19:22:27.718562-05,2026-07-17 19:22:27.718562-05,script_generator,
571,45,3,FAC-PROV-2026-00000571,2024-11-02 21:35:31.24584-05,2067.04,310.06,2377.09,2026-07-17 19:22:27.718562-05,2026-07-17 19:22:27.718562-05,script_generator,
1423,45,3,FAC-PROV-2026-00001423,2026-04-21 19:20:59.26654-05,846.28,126.94,973.22,2026-07-17 19:22:27.718562-05,2026-07-17 19:22:27.718562-05,script_generator,
956,45,3,FAC-PROV-2026-00000956,2024-09-27 14:32:20.865707-05,1567.34,235.10,1802.44,2026-07-17 19:22:27.718562-05,2026-07-17 19:22:27.718562-05,script_generator,
666,45,3,FAC-PROV-2026-00000666,2024-04-03 23:50:54.281057-05,2263.30,339.50,2602.80,2026-07-17 19:22:27.718562-05,2026-07-17 19:22:27.718562-05,script_generator,
216,45,3,FAC-PROV-2026-00000216,2025-02-01 10:08:41.424715-05,2837.64,425.65,3263.29,2026-07-17 19:22:27.718562-05,2026-07-17 19:22:27.718562-05,script_generator,
958,45,3,FAC-PROV-2026-00000958,2025-09-17 04:50:59.08354-05,2129.61,319.44,2449.05,2026-07-17 19:22:27.718562-05,2026-07-17 19:22:27.718562-05,script_generator,
295,45,3,FAC-PROV-2026-00000295,2025-01-28 23:05:58.839421-05,2619.59,392.94,3012.53,2026-07-17 19:22:27.718562-05,2026-07-17 19:22:27.718562-05,script_generator,
1730,45,3,FAC-PROV-2026-00001730,2024-10-20 07:49:33.637396-05,1625.78,243.87,1869.64,2026-07-17 19:22:27.718562-05,2026-07-17 19:22:27.718562-05,script_generator,
1655,45,3,FAC-PROV-2026-00001655,2025-03-02 18:59:12.153227-05,819.17,122.88,942.05,2026-07-17 19:22:27.718562-05,2026-07-17 19:22:27.718562-05,script_generator,
694,45,3,FAC-PROV-2026-00000694,2025-02-15 22:09:17.551622-05,1536.87,230.53,1767.40,2026-07-17 19:22:27.718562-05,2026-07-17 19:22:27.718562-05,script_generator,
213,45,3,FAC-PROV-2026-00000213,2024-05-12 10:09:33.69887-05,2158.42,323.76,2482.19,2026-07-17 19:22:27.718562-05,2026-07-17 19:22:27.718562-05,script_generator,
1114,45,3,FAC-PROV-2026-00001114,2025-06-20 23:38:14.660372-05,1465.86,219.88,1685.74,2026-07-17 19:22:27.718562-05,2026-07-17 19:22:27.718562-05,script_generator,
833,45,3,FAC-PROV-2026-00000833,2025-01-23 16:21:40.641363-05,1346.97,202.05,1549.02,2026-07-17 19:22:27.718562-05,2026-07-17 19:22:27.718562-05,script_generator,
1244,45,3,FAC-PROV-2026-00001244,2026-03-29 15:41:16.986956-05,2526.92,379.04,2905.95,2026-07-17 19:22:27.718562-05,2026-07-17 19:22:27.718562-05,script_generator,
752,45,3,FAC-PROV-2026-00000752,2024-03-26 11:41:21.897462-05,1431.92,214.79,1646.71,2026-07-17 19:22:27.718562-05,2026-07-17 19:22:27.718562-05,script_generator,
1013,45,3,FAC-PROV-2026-00001013,2024-11-22 05:17:49.108705-05,1928.26,289.24,2217.50,2026-07-17 19:22:27.718562-05,2026-07-17 19:22:27.718562-05,script_generator,
1760,45,3,FAC-PROV-2026-00001760,2026-07-04 23:22:19.32493-05,1055.15,158.27,1213.42,2026-07-17 19:22:27.718562-05,2026-07-17 19:22:27.718562-05,script_generator,
1553,45,3,FAC-PROV-2026-00001553,2024-10-24 10:39:43.747307-05,1868.20,280.23,2148.43,2026-07-17 19:22:27.718562-05,2026-07-17 19:22:27.718562-05,script_generator,
594,45,3,FAC-PROV-2026-00000594,2025-01-12 22:15:29.367154-05,1766.79,265.02,2031.81,2026-07-17 19:22:27.718562-05,2026-07-17 19:22:27.718562-05,script_generator,
460,45,3,FAC-PROV-2026-00000460,2025-07-06 07:00:08.355098-05,807.20,121.08,928.28,2026-07-17 19:22:27.718562-05,2026-07-17 19:22:27.718562-05,script_generator,
499,45,3,FAC-PROV-2026-00000499,2026-01-26 21:24:44.990278-05,2783.24,417.49,3200.73,2026-07-17 19:22:27.718562-05,2026-07-17 19:22:27.718562-05,script_generator,
265,45,3,FAC-PROV-2026-00000265,2026-07-12 13:22:33.239151-05,2318.51,347.78,2666.28,2026-07-17 19:22:27.718562-05,2026-07-17 19:22:27.718562-05,script_generator,
1839,45,3,FAC-PROV-2026-00001839,2025-03-08 10:05:03.22943-05,2679.91,401.99,3081.90,2026-07-17 19:22:27.718562-05,2026-07-17 19:22:27.718562-05,script_generator,
1530,45,3,FAC-PROV-2026-00001530,2024-06-27 19:24:43.757671-05,1916.74,287.51,2204.25,2026-07-17 19:22:27.718562-05,2026-07-17 19:22:27.718562-05,script_generator,
851,45,3,FAC-PROV-2026-00000851,2026-01-24 13:23:35.207133-05,1058.64,158.80,1217.44,2026-07-17 19:22:27.718562-05,2026-07-17 19:22:27.718562-05,script_generator,
62,45,3,FAC-PROV-2026-00000062,2026-02-11 22:42:17.176344-05,1167.56,175.13,1342.70,2026-07-17 19:22:27.718562-05,2026-07-17 19:22:27.718562-05,script_generator,
893,45,3,FAC-PROV-2026-00000893,2025-08-27 23:21:53.22998-05,2055.24,308.29,2363.53,2026-07-17 19:22:27.718562-05,2026-07-17 19:22:27.718562-05,script_generator,
1318,45,3,FAC-PROV-2026-00001318,2024-05-21 08:51:05.148918-05,2223.66,333.55,2557.21,2026-07-17 19:22:27.718562-05,2026-07-17 19:22:27.718562-05,script_generator,
993,45,3,FAC-PROV-2026-00000993,2025-10-02 22:54:48.75462-05,2610.53,391.58,3002.11,2026-07-17 19:22:27.718562-05,2026-07-17 19:22:27.718562-05,script_generator,
568,45,3,FAC-PROV-2026-00000568,2025-08-05 21:19:18.194485-05,2729.67,409.45,3139.12,2026-07-17 19:22:27.718562-05,2026-07-17 19:22:27.718562-05,script_generator,
805,45,3,FAC-PROV-2026-00000805,2024-08-17 15:16:01.243054-05,2501.19,375.18,2876.37,2026-07-17 19:22:27.718562-05,2026-07-17 19:22:27.718562-05,script_generator,
1822,45,3,FAC-PROV-2026-00001822,2025-11-10 19:12:31.08467-05,1304.47,195.67,1500.15,2026-07-17 19:22:27.718562-05,2026-07-17 19:22:27.718562-05,script_generator,
1139,45,3,FAC-PROV-2026-00001139,2026-04-12 04:21:59.880487-05,2819.01,422.85,3241.87,2026-07-17 19:22:27.718562-05,2026-07-17 19:22:27.718562-05,script_generator,
413,45,3,FAC-PROV-2026-00000413,2025-10-03 00:17:16.938203-05,2392.47,358.87,2751.35,2026-07-17 19:22:27.718562-05,2026-07-17 19:22:27.718562-05,script_generator,
649,45,3,FAC-PROV-2026-00000649,2026-01-21 21:05:50.553802-05,3044.19,456.63,3500.81,2026-07-17 19:22:27.718562-05,2026-07-17 19:22:27.718562-05,script_generator,
100,45,3,FAC-PROV-2026-00000100,2026-06-06 19:00:43.718507-05,1597.53,239.63,1837.16,2026-07-17 19:22:27.718562-05,2026-07-17 19:22:27.718562-05,script_generator,
1223,45,3,FAC-PROV-2026-00001223,2024-03-25 15:41:33.145063-05,1832.70,274.91,2107.61,2026-07-17 19:22:27.718562-05,2026-07-17 19:22:27.718562-05,script_generator,
925,45,3,FAC-PROV-2026-00000925,2024-03-30 02:05:42.566599-05,1814.10,272.11,2086.21,2026-07-17 19:22:27.718562-05,2026-07-17 19:22:27.718562-05,script_generator,
1342,45,3,FAC-PROV-2026-00001342,2025-02-09 02:55:01.537377-05,2376.67,356.50,2733.17,2026-07-17 19:22:27.718562-05,2026-07-17 19:22:27.718562-05,script_generator,
421,45,3,FAC-PROV-2026-00000421,2024-02-03 21:51:59.567693-05,2133.82,320.07,2453.89,2026-07-17 19:22:27.718562-05,2026-07-17 19:22:27.718562-05,script_generator,
429,45,3,FAC-PROV-2026-00000429,2025-08-10 11:03:16.833585-05,2587.42,388.11,2975.53,2026-07-17 19:22:27.718562-05,2026-07-17 19:22:27.718562-05,script_generator,
1498,45,3,FAC-PROV-2026-00001498,2025-10-01 23:31:05.924906-05,692.47,103.87,796.34,2026-07-17 19:22:27.718562-05,2026-07-17 19:22:27.718562-05,script_generator,
835,45,3,FAC-PROV-2026-00000835,2024-03-18 21:35:26.135438-05,2276.32,341.45,2617.77,2026-07-17 19:22:27.718562-05,2026-07-17 19:22:27.718562-05,script_generator,
25,45,3,FAC-PROV-2026-00000025,2025-03-23 07:47:44.565016-05,599.97,90.00,689.97,2026-07-17 19:22:27.718562-05,2026-07-17 19:22:27.718562-05,script_generator,
141,45,3,FAC-PROV-2026-00000141,2025-03-04 18:47:19.633722-05,1153.32,173.00,1326.32,2026-07-17 19:22:27.718562-05,2026-07-17 19:22:27.718562-05,script_generator,
1026,45,3,FAC-PROV-2026-00001026,2025-06-03 07:44:31.386724-05,2274.91,341.24,2616.15,2026-07-17 19:22:27.718562-05,2026-07-17 19:22:27.718562-05,script_generator,
434,45,3,FAC-PROV-2026-00000434,2024-12-18 09:04:10.685334-05,1155.68,173.35,1329.03,2026-07-17 19:22:27.718562-05,2026-07-17 19:22:27.718562-05,script_generator,
211,45,3,FAC-PROV-2026-00000211,2025-06-28 17:33:24.858669-05,1574.63,236.19,1810.83,2026-07-17 19:22:27.718562-05,2026-07-17 19:22:27.718562-05,script_generator,
1420,45,3,FAC-PROV-2026-00001420,2026-03-21 23:13:48.687772-05,660.21,99.03,759.24,2026-07-17 19:22:27.718562-05,2026-07-17 19:22:27.718562-05,script_generator,
1320,45,3,FAC-PROV-2026-00001320,2024-10-27 03:37:02.667979-05,1161.65,174.25,1335.90,2026-07-17 19:22:27.718562-05,2026-07-17 19:22:27.718562-05,script_generator,
1191,45,3,FAC-PROV-2026-00001191,2024-04-13 11:17:08.198728-05,762.42,114.36,876.78,2026-07-17 19:22:27.718562-05,2026-07-17 19:22:27.718562-05,script_generator,
901,45,3,FAC-PROV-2026-00000901,2025-12-25 06:39:58.715882-05,1723.23,258.48,1981.72,2026-07-17 19:22:27.718562-05,2026-07-17 19:22:27.718562-05,script_generator,
465,45,3,FAC-PROV-2026-00000465,2024-04-18 22:30:59.452696-05,1069.68,160.45,1230.13,2026-07-17 19:22:27.718562-05,2026-07-17 19:22:27.718562-05,script_generator,
449,45,3,FAC-PROV-2026-00000449,2024-04-19 15:18:29.67091-05,1600.43,240.06,1840.50,2026-07-17 19:22:27.718562-05,2026-07-17 19:22:27.718562-05,script_generator,
1853,45,3,FAC-PROV-2026-00001853,2026-05-27 05:28:46.097924-05,2326.56,348.98,2675.54,2026-07-17 19:22:27.718562-05,2026-07-17 19:22:27.718562-05,script_generator,
64,45,3,FAC-PROV-2026-00000064,2025-07-20 11:22:10.577711-05,2400.51,360.08,2760.59,2026-07-17 19:22:27.718562-05,2026-07-17 19:22:27.718562-05,script_generator,
1421,45,3,FAC-PROV-2026-00001421,2024-02-20 10:39:30.567112-05,2551.89,382.78,2934.67,2026-07-17 19:22:27.718562-05,2026-07-17 19:22:27.718562-05,script_generator,
828,45,3,FAC-PROV-2026-00000828,2025-08-01 13:46:40.398918-05,1238.41,185.76,1424.17,2026-07-17 19:22:27.718562-05,2026-07-17 19:22:27.718562-05,script_generator,
1989,45,3,FAC-PROV-2026-00001989,2025-02-15 22:27:30.467438-05,2002.93,300.44,2303.37,2026-07-17 19:22:27.718562-05,2026-07-17 19:22:27.718562-05,script_generator,
1587,45,3,FAC-PROV-2026-00001587,2024-01-29 05:13:43.005341-05,1474.14,221.12,1695.26,2026-07-17 19:22:27.718562-05,2026-07-17 19:22:27.718562-05,script_generator,
1091,45,3,FAC-PROV-2026-00001091,2025-04-22 19:24:46.477461-05,674.34,101.15,775.49,2026-07-17 19:22:27.718562-05,2026-07-17 19:22:27.718562-05,script_generator,
839,45,3,FAC-PROV-2026-00000839,2026-01-20 01:26:02.422463-05,841.68,126.25,967.93,2026-07-17 19:22:27.718562-05,2026-07-17 19:22:27.718562-05,script_generator,
1075,45,3,FAC-PROV-2026-00001075,2024-12-02 06:26:50.985502-05,2277.90,341.69,2619.59,2026-07-17 19:22:27.718562-05,2026-07-17 19:22:27.718562-05,script_generator,
539,45,3,FAC-PROV-2026-00000539,2024-02-23 08:02:06.180205-05,2292.95,343.94,2636.89,2026-07-17 19:22:27.718562-05,2026-07-17 19:22:27.718562-05,script_generator,
1108,45,3,FAC-PROV-2026-00001108,2026-01-16 07:57:10.986539-05,1243.29,186.49,1429.78,2026-07-17 19:22:27.718562-05,2026-07-17 19:22:27.718562-05,script_generator,
1128,45,3,FAC-PROV-2026-00001128,2026-02-06 08:48:21.706063-05,2718.21,407.73,3125.94,2026-07-17 19:22:27.718562-05,2026-07-17 19:22:27.718562-05,script_generator,
1284,45,3,FAC-PROV-2026-00001284,2026-05-24 13:58:04.692112-05,1161.20,174.18,1335.38,2026-07-17 19:22:27.718562-05,2026-07-17 19:22:27.718562-05,script_generator,
874,45,3,FAC-PROV-2026-00000874,2025-07-03 17:04:52.780146-05,2543.01,381.45,2924.46,2026-07-17 19:22:27.718562-05,2026-07-17 19:22:27.718562-05,script_generator,
1899,45,3,FAC-PROV-2026-00001899,2024-05-25 12:40:28.563088-05,1045.64,156.85,1202.48,2026-07-17 19:22:27.718562-05,2026-07-17 19:22:27.718562-05,script_generator,
278,45,3,FAC-PROV-2026-00000278,2025-06-20 02:37:57.109733-05,1395.78,209.37,1605.14,2026-07-17 19:22:27.718562-05,2026-07-17 19:22:27.718562-05,script_generator,
1691,45,3,FAC-PROV-2026-00001691,2024-11-29 10:51:30.130951-05,2308.41,346.26,2654.67,2026-07-17 19:22:27.718562-05,2026-07-17 19:22:27.718562-05,script_generator,
946,45,3,FAC-PROV-2026-00000946,2026-04-07 20:08:53.710515-05,2628.72,394.31,3023.02,2026-07-17 19:22:27.718562-05,2026-07-17 19:22:27.718562-05,script_generator,
1494,45,3,FAC-PROV-2026-00001494,2025-03-24 05:02:12.510287-05,1255.82,188.37,1444.19,2026-07-17 19:22:27.718562-05,2026-07-17 19:22:27.718562-05,script_generator,
1045,45,3,FAC-PROV-2026-00001045,2024-01-31 16:01:07.492779-05,2502.22,375.33,2877.55,2026-07-17 19:22:27.718562-05,2026-07-17 19:22:27.718562-05,script_generator,
1307,45,3,FAC-PROV-2026-00001307,2025-12-14 06:55:54.149156-05,1805.48,270.82,2076.31,2026-07-17 19:22:27.718562-05,2026-07-17 19:22:27.718562-05,script_generator,
770,45,3,FAC-PROV-2026-00000770,2024-02-08 23:50:42.444345-05,2171.04,325.66,2496.69,2026-07-17 19:22:27.718562-05,2026-07-17 19:22:27.718562-05,script_generator,
271,45,3,FAC-PROV-2026-00000271,2025-03-10 15:27:54.339278-05,2249.54,337.43,2586.97,2026-07-17 19:22:27.718562-05,2026-07-17 19:22:27.718562-05,script_generator,
22,45,3,FAC-PROV-2026-00000022,2024-06-12 00:59:29.549495-05,1494.82,224.22,1719.05,2026-07-17 19:22:27.718562-05,2026-07-17 19:22:27.718562-05,script_generator,
1883,45,3,FAC-PROV-2026-00001883,2025-07-17 19:21:11.171192-05,932.29,139.84,1072.13,2026-07-17 19:22:27.718562-05,2026-07-17 19:22:27.718562-05,script_generator,
1558,45,3,FAC-PROV-2026-00001558,2026-07-15 01:11:39.109875-05,1491.81,223.77,1715.58,2026-07-17 19:22:27.718562-05,2026-07-17 19:22:27.718562-05,script_generator,
417,45,3,FAC-PROV-2026-00000417,2025-10-27 15:10:55.988328-05,2122.14,318.32,2440.46,2026-07-17 19:22:27.718562-05,2026-07-17 19:22:27.718562-05,script_generator,
1175,45,3,FAC-PROV-2026-00001175,2025-03-26 21:27:18.985807-05,2765.75,414.86,3180.61,2026-07-17 19:22:27.718562-05,2026-07-17 19:22:27.718562-05,script_generator,
529,45,3,FAC-PROV-2026-00000529,2025-01-29 13:54:39.538377-05,2636.91,395.54,3032.44,2026-07-17 19:22:27.718562-05,2026-07-17 19:22:27.718562-05,script_generator,
791,45,3,FAC-PROV-2026-00000791,2025-12-15 13:13:22.215624-05,2758.43,413.76,3172.19,2026-07-17 19:22:27.718562-05,2026-07-17 19:22:27.718562-05,script_generator,
775,45,3,FAC-PROV-2026-00000775,2026-05-29 18:04:30.347137-05,1641.92,246.29,1888.21,2026-07-17 19:22:27.718562-05,2026-07-17 19:22:27.718562-05,script_generator,
1830,45,3,FAC-PROV-2026-00001830,2026-02-06 19:55:39.183689-05,2475.76,371.36,2847.12,2026-07-17 19:22:27.718562-05,2026-07-17 19:22:27.718562-05,script_generator,
390,45,3,FAC-PROV-2026-00000390,2024-11-15 01:19:39.775067-05,1387.61,208.14,1595.75,2026-07-17 19:22:27.718562-05,2026-07-17 19:22:27.718562-05,script_generator,
1018,45,3,FAC-PROV-2026-00001018,2024-12-08 11:55:11.159356-05,2944.44,441.67,3386.11,2026-07-17 19:22:27.718562-05,2026-07-17 19:22:27.718562-05,script_generator,
1833,45,3,FAC-PROV-2026-00001833,2025-02-08 17:37:47.653324-05,2734.56,410.18,3144.74,2026-07-17 19:22:27.718562-05,2026-07-17 19:22:27.718562-05,script_generator,
1263,45,3,FAC-PROV-2026-00001263,2026-03-15 15:24:09.643862-05,831.93,124.79,956.72,2026-07-17 19:22:27.718562-05,2026-07-17 19:22:27.718562-05,script_generator,
189,45,3,FAC-PROV-2026-00000189,2026-06-21 11:20:39.417052-05,1687.46,253.12,1940.57,2026-07-17 19:22:27.718562-05,2026-07-17 19:22:27.718562-05,script_generator,
1682,45,3,FAC-PROV-2026-00001682,2025-02-17 04:47:45.724913-05,1902.54,285.38,2187.92,2026-07-17 19:22:27.718562-05,2026-07-17 19:22:27.718562-05,script_generator,
1431,45,3,FAC-PROV-2026-00001431,2024-03-19 11:12:41.875828-05,2381.36,357.20,2738.56,2026-07-17 19:22:27.718562-05,2026-07-17 19:22:27.718562-05,script_generator,
120,45,3,FAC-PROV-2026-00000120,2026-04-26 07:21:17.218112-05,2129.45,319.42,2448.87,2026-07-17 19:22:27.718562-05,2026-07-17 19:22:27.718562-05,script_generator,
1289,45,3,FAC-PROV-2026-00001289,2026-02-06 09:56:42.92713-05,1192.01,178.80,1370.82,2026-07-17 19:22:27.718562-05,2026-07-17 19:22:27.718562-05,script_generator,
802,45,3,FAC-PROV-2026-00000802,2024-12-12 07:55:23.403366-05,986.57,147.99,1134.56,2026-07-17 19:22:27.718562-05,2026-07-17 19:22:27.718562-05,script_generator,
578,45,3,FAC-PROV-2026-00000578,2025-04-03 17:49:26.134608-05,2253.75,338.06,2591.82,2026-07-17 19:22:27.718562-05,2026-07-17 19:22:27.718562-05,script_generator,
695,45,3,FAC-PROV-2026-00000695,2025-04-27 01:07:54.809525-05,1903.67,285.55,2189.22,2026-07-17 19:22:27.718562-05,2026-07-17 19:22:27.718562-05,script_generator,
1415,45,3,FAC-PROV-2026-00001415,2024-09-17 16:31:37.368356-05,2906.11,435.92,3342.02,2026-07-17 19:22:27.718562-05,2026-07-17 19:22:27.718562-05,script_generator,
794,45,3,FAC-PROV-2026-00000794,2025-02-08 02:57:04.554472-05,1014.52,152.18,1166.69,2026-07-17 19:22:27.718562-05,2026-07-17 19:22:27.718562-05,script_generator,
1510,45,3,FAC-PROV-2026-00001510,2025-09-01 08:51:48.710954-05,1297.56,194.63,1492.19,2026-07-17 19:22:27.718562-05,2026-07-17 19:22:27.718562-05,script_generator,
1749,45,3,FAC-PROV-2026-00001749,2025-08-06 07:32:45.729279-05,2155.43,323.31,2478.75,2026-07-17 19:22:27.718562-05,2026-07-17 19:22:27.718562-05,script_generator,
1368,45,3,FAC-PROV-2026-00001368,2026-04-23 22:15:07.17001-05,1098.51,164.78,1263.29,2026-07-17 19:22:27.718562-05,2026-07-17 19:22:27.718562-05,script_generator,
508,45,3,FAC-PROV-2026-00000508,2024-03-12 18:55:29.084664-05,2701.40,405.21,3106.61,2026-07-17 19:22:27.718562-05,2026-07-17 19:22:27.718562-05,script_generator,
1692,45,3,FAC-PROV-2026-00001692,2026-05-21 16:43:13.924684-05,1995.08,299.26,2294.34,2026-07-17 19:22:27.718562-05,2026-07-17 19:22:27.718562-05,script_generator,
1194,45,3,FAC-PROV-2026-00001194,2025-10-26 16:27:14.200638-05,3050.73,457.61,3508.34,2026-07-17 19:22:27.718562-05,2026-07-17 19:22:27.718562-05,script_generator,
1705,45,3,FAC-PROV-2026-00001705,2026-04-01 02:27:13.981629-05,2443.64,366.55,2810.18,2026-07-17 19:22:27.718562-05,2026-07-17 19:22:27.718562-05,script_generator,
1463,45,3,FAC-PROV-2026-00001463,2025-03-29 05:16:38.974839-05,1386.85,208.03,1594.88,2026-07-17 19:22:27.718562-05,2026-07-17 19:22:27.718562-05,script_generator,
1829,45,3,FAC-PROV-2026-00001829,2025-03-26 04:40:44.051119-05,807.80,121.17,928.97,2026-07-17 19:22:27.718562-05,2026-07-17 19:22:27.718562-05,script_generator,
315,45,3,FAC-PROV-2026-00000315,2025-03-06 06:10:11.921059-05,2973.73,446.06,3419.79,2026-07-17 19:22:27.718562-05,2026-07-17 19:22:27.718562-05,script_generator,
1162,45,3,FAC-PROV-2026-00001162,2026-01-12 06:10:38.891601-05,1894.79,284.22,2179.01,2026-07-17 19:22:27.718562-05,2026-07-17 19:22:27.718562-05,script_generator,
1841,45,3,FAC-PROV-2026-00001841,2024-09-10 13:10:17.859608-05,1621.38,243.21,1864.59,2026-07-17 19:22:27.718562-05,2026-07-17 19:22:27.718562-05,script_generator,
841,45,3,FAC-PROV-2026-00000841,2024-08-28 05:34:56.753322-05,1019.97,152.99,1172.96,2026-07-17 19:22:27.718562-05,2026-07-17 19:22:27.718562-05,script_generator,
1030,45,3,FAC-PROV-2026-00001030,2024-02-08 08:56:08.247194-05,2322.21,348.33,2670.54,2026-07-17 19:22:27.718562-05,2026-07-17 19:22:27.718562-05,script_generator,
1694,45,3,FAC-PROV-2026-00001694,2024-05-17 07:46:32.521096-05,1137.92,170.69,1308.61,2026-07-17 19:22:27.718562-05,2026-07-17 19:22:27.718562-05,script_generator,
1614,45,3,FAC-PROV-2026-00001614,2024-08-07 08:52:03.398563-05,1267.94,190.19,1458.14,2026-07-17 19:22:27.718562-05,2026-07-17 19:22:27.718562-05,script_generator,
1239,45,3,FAC-PROV-2026-00001239,2026-01-13 02:52:20.68636-05,1370.74,205.61,1576.35,2026-07-17 19:22:27.718562-05,2026-07-17 19:22:27.718562-05,script_generator,
803,45,3,FAC-PROV-2026-00000803,2024-09-29 04:06:52.143839-05,1264.90,189.74,1454.64,2026-07-17 19:22:27.718562-05,2026-07-17 19:22:27.718562-05,script_generator,
54,45,3,FAC-PROV-2026-00000054,2024-02-27 08:49:30.642318-05,2433.77,365.07,2798.83,2026-07-17 19:22:27.718562-05,2026-07-17 19:22:27.718562-05,script_generator,
181,45,3,FAC-PROV-2026-00000181,2026-06-15 23:35:22.212862-05,1236.32,185.45,1421.77,2026-07-17 19:22:27.718562-05,2026-07-17 19:22:27.718562-05,script_generator,
35,45,3,FAC-PROV-2026-00000035,2025-09-03 22:28:22.762177-05,1276.15,191.42,1467.58,2026-07-17 19:22:27.718562-05,2026-07-17 19:22:27.718562-05,script_generator,
1755,45,3,FAC-PROV-2026-00001755,2025-05-18 08:14:08.545629-05,2849.16,427.37,3276.54,2026-07-17 19:22:27.718562-05,2026-07-17 19:22:27.718562-05,script_generator,
963,45,3,FAC-PROV-2026-00000963,2024-06-09 23:41:22.184317-05,826.63,123.99,950.63,2026-07-17 19:22:27.718562-05,2026-07-17 19:22:27.718562-05,script_generator,
220,45,3,FAC-PROV-2026-00000220,2024-05-12 12:50:18.556738-05,2824.59,423.69,3248.27,2026-07-17 19:22:27.718562-05,2026-07-17 19:22:27.718562-05,script_generator,
1913,45,3,FAC-PROV-2026-00001913,2025-05-03 02:20:08.910953-05,2194.20,329.13,2523.33,2026-07-17 19:22:27.718562-05,2026-07-17 19:22:27.718562-05,script_generator,
1278,45,3,FAC-PROV-2026-00001278,2024-08-26 04:04:23.710805-05,833.39,125.01,958.40,2026-07-17 19:22:27.718562-05,2026-07-17 19:22:27.718562-05,script_generator,
400,45,3,FAC-PROV-2026-00000400,2024-08-07 21:50:21.264911-05,1765.13,264.77,2029.90,2026-07-17 19:22:27.718562-05,2026-07-17 19:22:27.718562-05,script_generator,
1007,45,3,FAC-PROV-2026-00001007,2024-04-17 12:12:06.274502-05,1898.80,284.82,2183.62,2026-07-17 19:22:27.718562-05,2026-07-17 19:22:27.718562-05,script_generator,
285,45,3,FAC-PROV-2026-00000285,2025-06-21 14:44:42.962487-05,2964.42,444.66,3409.08,2026-07-17 19:22:27.718562-05,2026-07-17 19:22:27.718562-05,script_generator,
1880,45,3,FAC-PROV-2026-00001880,2024-11-15 03:35:06.270149-05,2337.00,350.55,2687.55,2026-07-17 19:22:27.718562-05,2026-07-17 19:22:27.718562-05,script_generator,
1266,45,3,FAC-PROV-2026-00001266,2026-01-13 08:39:46.414245-05,1023.34,153.50,1176.84,2026-07-17 19:22:27.718562-05,2026-07-17 19:22:27.718562-05,script_generator,
391,45,3,FAC-PROV-2026-00000391,2024-09-28 21:02:36.906474-05,2496.03,374.40,2870.44,2026-07-17 19:22:27.718562-05,2026-07-17 19:22:27.718562-05,script_generator,
1922,45,3,FAC-PROV-2026-00001922,2025-12-03 08:19:26.865168-05,1084.07,162.61,1246.68,2026-07-17 19:22:27.718562-05,2026-07-17 19:22:27.718562-05,script_generator,
487,45,3,FAC-PROV-2026-00000487,2024-09-09 15:43:21.116756-05,2583.48,387.52,2971.01,2026-07-17 19:22:27.718562-05,2026-07-17 19:22:27.718562-05,script_generator,
1718,45,3,FAC-PROV-2026-00001718,2026-05-05 01:55:20.379486-05,1491.10,223.66,1714.76,2026-07-17 19:22:27.718562-05,2026-07-17 19:22:27.718562-05,script_generator,
1664,45,3,FAC-PROV-2026-00001664,2024-01-10 14:55:43.60845-05,1053.96,158.09,1212.05,2026-07-17 19:22:27.718562-05,2026-07-17 19:22:27.718562-05,script_generator,
1190,45,3,FAC-PROV-2026-00001190,2025-10-03 02:50:59.741145-05,2241.01,336.15,2577.16,2026-07-17 19:22:27.718562-05,2026-07-17 19:22:27.718562-05,script_generator,
714,45,3,FAC-PROV-2026-00000714,2024-07-19 15:35:33.392569-05,1580.82,237.12,1817.94,2026-07-17 19:22:27.718562-05,2026-07-17 19:22:27.718562-05,script_generator,
1920,45,3,FAC-PROV-2026-00001920,2025-09-04 08:23:37.104176-05,827.90,124.19,952.09,2026-07-17 19:22:27.718562-05,2026-07-17 19:22:27.718562-05,script_generator,
906,45,3,FAC-PROV-2026-00000906,2026-04-13 20:14:02.558339-05,1809.94,271.49,2081.43,2026-07-17 19:22:27.718562-05,2026-07-17 19:22:27.718562-05,script_generator,
1321,45,3,FAC-PROV-2026-00001321,2024-05-24 16:40:20.984253-05,1539.89,230.98,1770.88,2026-07-17 19:22:27.718562-05,2026-07-17 19:22:27.718562-05,script_generator,
909,45,3,FAC-PROV-2026-00000909,2024-01-27 09:23:25.894992-05,2150.48,322.57,2473.05,2026-07-17 19:22:27.718562-05,2026-07-17 19:22:27.718562-05,script_generator,
745,45,3,FAC-PROV-2026-00000745,2024-01-14 13:17:23.274269-05,1049.37,157.41,1206.77,2026-07-17 19:22:27.718562-05,2026-07-17 19:22:27.718562-05,script_generator,
152,45,3,FAC-PROV-2026-00000152,2026-01-03 05:04:43.201806-05,2818.24,422.74,3240.98,2026-07-17 19:22:27.718562-05,2026-07-17 19:22:27.718562-05,script_generator,
1216,45,3,FAC-PROV-2026-00001216,2024-07-18 06:34:09.963923-05,1475.75,221.36,1697.11,2026-07-17 19:22:27.718562-05,2026-07-17 19:22:27.718562-05,script_generator,
1685,45,3,FAC-PROV-2026-00001685,2025-03-11 18:25:15.599845-05,1688.55,253.28,1941.83,2026-07-17 19:22:27.718562-05,2026-07-17 19:22:27.718562-05,script_generator,
1049,45,3,FAC-PROV-2026-00001049,2025-10-08 21:58:29.622165-05,2123.26,318.49,2441.75,2026-07-17 19:22:27.718562-05,2026-07-17 19:22:27.718562-05,script_generator,
428,45,3,FAC-PROV-2026-00000428,2024-11-22 13:43:14.955865-05,1283.23,192.48,1475.72,2026-07-17 19:22:27.718562-05,2026-07-17 19:22:27.718562-05,script_generator,
1786,45,3,FAC-PROV-2026-00001786,2025-12-31 08:52:16.509837-05,2375.88,356.38,2732.26,2026-07-17 19:22:27.718562-05,2026-07-17 19:22:27.718562-05,script_generator,
747,45,3,FAC-PROV-2026-00000747,2024-12-25 09:22:31.033008-05,1137.44,170.62,1308.06,2026-07-17 19:22:27.718562-05,2026-07-17 19:22:27.718562-05,script_generator,
1324,45,3,FAC-PROV-2026-00001324,2026-03-14 22:41:52.880764-05,2908.43,436.27,3344.70,2026-07-17 19:22:27.718562-05,2026-07-17 19:22:27.718562-05,script_generator,
1008,45,3,FAC-PROV-2026-00001008,2024-07-18 13:55:48.463737-05,2047.47,307.12,2354.59,2026-07-17 19:22:27.718562-05,2026-07-17 19:22:27.718562-05,script_generator,
777,45,3,FAC-PROV-2026-00000777,2025-10-15 14:58:13.062274-05,1289.85,193.48,1483.33,2026-07-17 19:22:27.718562-05,2026-07-17 19:22:27.718562-05,script_generator,
164,45,3,FAC-PROV-2026-00000164,2024-07-09 04:45:36.904961-05,2188.61,328.29,2516.90,2026-07-17 19:22:27.718562-05,2026-07-17 19:22:27.718562-05,script_generator,
1098,45,3,FAC-PROV-2026-00001098,2026-06-12 12:41:38.445902-05,1020.82,153.12,1173.95,2026-07-17 19:22:27.718562-05,2026-07-17 19:22:27.718562-05,script_generator,
1325,45,3,FAC-PROV-2026-00001325,2024-09-01 23:08:52.273765-05,2745.45,411.82,3157.26,2026-07-17 19:22:27.718562-05,2026-07-17 19:22:27.718562-05,script_generator,
186,45,3,FAC-PROV-2026-00000186,2026-04-29 14:06:16.492851-05,2162.68,324.40,2487.09,2026-07-17 19:22:27.718562-05,2026-07-17 19:22:27.718562-05,script_generator,
1929,45,3,FAC-PROV-2026-00001929,2026-05-18 20:55:36.044464-05,1654.43,248.17,1902.60,2026-07-17 19:22:27.718562-05,2026-07-17 19:22:27.718562-05,script_generator,
1548,45,3,FAC-PROV-2026-00001548,2025-07-23 12:28:13.767326-05,2262.03,339.30,2601.34,2026-07-17 19:22:27.718562-05,2026-07-17 19:22:27.718562-05,script_generator,
501,45,3,FAC-PROV-2026-00000501,2024-07-13 07:40:31.733066-05,1012.35,151.85,1164.20,2026-07-17 19:22:27.718562-05,2026-07-17 19:22:27.718562-05,script_generator,
750,45,3,FAC-PROV-2026-00000750,2026-04-29 19:42:04.366901-05,1665.27,249.79,1915.06,2026-07-17 19:22:27.718562-05,2026-07-17 19:22:27.718562-05,script_generator,
1952,45,3,FAC-PROV-2026-00001952,2025-04-04 23:47:31.727325-05,843.35,126.50,969.85,2026-07-17 19:22:27.718562-05,2026-07-17 19:22:27.718562-05,script_generator,
1679,45,3,FAC-PROV-2026-00001679,2025-11-10 02:40:15.375988-05,1699.38,254.91,1954.29,2026-07-17 19:22:27.718562-05,2026-07-17 19:22:27.718562-05,script_generator,
545,45,3,FAC-PROV-2026-00000545,2025-09-22 20:47:56.583341-05,2202.10,330.31,2532.41,2026-07-17 19:22:27.718562-05,2026-07-17 19:22:27.718562-05,script_generator,
977,45,3,FAC-PROV-2026-00000977,2026-07-07 11:59:14.749344-05,2952.73,442.91,3395.64,2026-07-17 19:22:27.718562-05,2026-07-17 19:22:27.718562-05,script_generator,
18,45,3,FAC-PROV-2026-00000018,2026-01-21 19:28:51.717934-05,2281.51,342.23,2623.74,2026-07-17 19:22:27.718562-05,2026-07-17 19:22:27.718562-05,script_generator,
1507,45,3,FAC-PROV-2026-00001507,2025-05-11 10:07:35.725409-05,2093.35,314.00,2407.35,2026-07-17 19:22:27.718562-05,2026-07-17 19:22:27.718562-05,script_generator,
1900,45,3,FAC-PROV-2026-00001900,2025-08-26 03:18:09.760372-05,1846.07,276.91,2122.98,2026-07-17 19:22:27.718562-05,2026-07-17 19:22:27.718562-05,script_generator,
27,45,3,FAC-PROV-2026-00000027,2024-12-28 13:08:48.994212-05,1515.93,227.39,1743.32,2026-07-17 19:22:27.718562-05,2026-07-17 19:22:27.718562-05,script_generator,
1959,45,3,FAC-PROV-2026-00001959,2024-03-09 08:28:55.205102-05,1319.22,197.88,1517.10,2026-07-17 19:22:27.718562-05,2026-07-17 19:22:27.718562-05,script_generator,
143,45,3,FAC-PROV-2026-00000143,2026-05-06 15:11:47.544313-05,1051.77,157.77,1209.54,2026-07-17 19:22:27.718562-05,2026-07-17 19:22:27.718562-05,script_generator,
1907,45,3,FAC-PROV-2026-00001907,2025-09-18 22:16:08.586238-05,1028.73,154.31,1183.04,2026-07-17 19:22:27.718562-05,2026-07-17 19:22:27.718562-05,script_generator,
496,45,3,FAC-PROV-2026-00000496,2024-05-24 09:28:46.512323-05,1015.09,152.26,1167.35,2026-07-17 19:22:27.718562-05,2026-07-17 19:22:27.718562-05,script_generator,
1762,45,3,FAC-PROV-2026-00001762,2025-09-07 17:27:13.697307-05,1513.14,226.97,1740.12,2026-07-17 19:22:27.718562-05,2026-07-17 19:22:27.718562-05,script_generator,
58,45,3,FAC-PROV-2026-00000058,2025-02-12 01:31:45.184785-05,2368.01,355.20,2723.22,2026-07-17 19:22:27.718562-05,2026-07-17 19:22:27.718562-05,script_generator,
228,45,3,FAC-PROV-2026-00000228,2024-04-17 05:21:35.472051-05,1155.76,173.36,1329.12,2026-07-17 19:22:27.718562-05,2026-07-17 19:22:27.718562-05,script_generator,
1845,45,3,FAC-PROV-2026-00001845,2025-02-08 11:41:24.53548-05,1640.09,246.01,1886.11,2026-07-17 19:22:27.718562-05,2026-07-17 19:22:27.718562-05,script_generator,
814,45,3,FAC-PROV-2026-00000814,2024-08-10 03:36:09.789065-05,2335.14,350.27,2685.42,2026-07-17 19:22:27.718562-05,2026-07-17 19:22:27.718562-05,script_generator,
668,45,3,FAC-PROV-2026-00000668,2024-04-13 00:33:48.791875-05,1313.21,196.98,1510.19,2026-07-17 19:22:27.718562-05,2026-07-17 19:22:27.718562-05,script_generator,
850,45,3,FAC-PROV-2026-00000850,2026-03-03 17:14:22.142982-05,1861.69,279.25,2140.95,2026-07-17 19:22:27.718562-05,2026-07-17 19:22:27.718562-05,script_generator,
294,45,3,FAC-PROV-2026-00000294,2024-11-25 11:02:55.773627-05,1584.59,237.69,1822.28,2026-07-17 19:22:27.718562-05,2026-07-17 19:22:27.718562-05,script_generator,
1800,45,3,FAC-PROV-2026-00001800,2025-08-16 16:27:37.561192-05,1467.69,220.15,1687.84,2026-07-17 19:22:27.718562-05,2026-07-17 19:22:27.718562-05,script_generator,
1629,45,3,FAC-PROV-2026-00001629,2024-08-25 07:13:26.123628-05,973.31,146.00,1119.30,2026-07-17 19:22:27.718562-05,2026-07-17 19:22:27.718562-05,script_generator,
926,45,3,FAC-PROV-2026-00000926,2025-08-03 03:43:59.725516-05,1779.74,266.96,2046.70,2026-07-17 19:22:27.718562-05,2026-07-17 19:22:27.718562-05,script_generator,
645,45,3,FAC-PROV-2026-00000645,2025-03-11 17:39:06.487903-05,2229.52,334.43,2563.95,2026-07-17 19:22:27.718562-05,2026-07-17 19:22:27.718562-05,script_generator,
1009,45,3,FAC-PROV-2026-00001009,2026-06-09 11:07:18.45898-05,2581.46,387.22,2968.68,2026-07-17 19:22:27.718562-05,2026-07-17 19:22:27.718562-05,script_generator,
1460,45,3,FAC-PROV-2026-00001460,2026-06-01 22:19:48.520516-05,2440.53,366.08,2806.60,2026-07-17 19:22:27.718562-05,2026-07-17 19:22:27.718562-05,script_generator,
607,45,3,FAC-PROV-2026-00000607,2025-01-13 03:40:44.078376-05,2915.52,437.33,3352.85,2026-07-17 19:22:27.718562-05,2026-07-17 19:22:27.718562-05,script_generator,
258,45,3,FAC-PROV-2026-00000258,2025-01-27 04:48:35.966734-05,1777.80,266.67,2044.48,2026-07-17 19:22:27.718562-05,2026-07-17 19:22:27.718562-05,script_generator,
1546,45,3,FAC-PROV-2026-00001546,2024-08-06 06:09:57.856839-05,1828.81,274.32,2103.14,2026-07-17 19:22:27.718562-05,2026-07-17 19:22:27.718562-05,script_generator,
483,45,3,FAC-PROV-2026-00000483,2024-08-01 06:40:23.236659-05,2833.05,424.96,3258.01,2026-07-17 19:22:27.718562-05,2026-07-17 19:22:27.718562-05,script_generator,
1816,45,3,FAC-PROV-2026-00001816,2025-06-02 17:48:47.303868-05,2247.18,337.08,2584.25,2026-07-17 19:22:27.718562-05,2026-07-17 19:22:27.718562-05,script_generator,
1708,45,3,FAC-PROV-2026-00001708,2025-10-23 16:11:50.797659-05,2389.42,358.41,2747.83,2026-07-17 19:22:27.718562-05,2026-07-17 19:22:27.718562-05,script_generator,
1619,45,3,FAC-PROV-2026-00001619,2025-03-17 00:05:08.879611-05,2255.76,338.36,2594.12,2026-07-17 19:22:27.718562-05,2026-07-17 19:22:27.718562-05,script_generator,
84,45,3,FAC-PROV-2026-00000084,2024-10-26 13:54:13.274555-05,2528.05,379.21,2907.26,2026-07-17 19:22:27.718562-05,2026-07-17 19:22:27.718562-05,script_generator,
1836,45,3,FAC-PROV-2026-00001836,2026-02-21 06:15:11.603558-05,2542.79,381.42,2924.21,2026-07-17 19:22:27.718562-05,2026-07-17 19:22:27.718562-05,script_generator,
1877,45,3,FAC-PROV-2026-00001877,2026-06-14 03:26:31.182059-05,1105.34,165.80,1271.14,2026-07-17 19:22:27.718562-05,2026-07-17 19:22:27.718562-05,script_generator,
646,45,3,FAC-PROV-2026-00000646,2025-06-10 05:49:18.086302-05,2645.86,396.88,3042.74,2026-07-17 19:22:27.718562-05,2026-07-17 19:22:27.718562-05,script_generator,
1815,45,3,FAC-PROV-2026-00001815,2024-01-09 14:49:22.179187-05,1101.66,165.25,1266.91,2026-07-17 19:22:27.718562-05,2026-07-17 19:22:27.718562-05,script_generator,
1259,45,3,FAC-PROV-2026-00001259,2026-06-10 08:38:03.155168-05,1848.17,277.23,2125.40,2026-07-17 19:22:27.718562-05,2026-07-17 19:22:27.718562-05,script_generator,
379,45,3,FAC-PROV-2026-00000379,2025-08-28 17:49:42.965452-05,1919.95,287.99,2207.94,2026-07-17 19:22:27.718562-05,2026-07-17 19:22:27.718562-05,script_generator,
320,45,3,FAC-PROV-2026-00000320,2025-12-22 20:29:47.606342-05,1763.04,264.46,2027.50,2026-07-17 19:22:27.718562-05,2026-07-17 19:22:27.718562-05,script_generator,
1062,45,3,FAC-PROV-2026-00001062,2024-10-20 02:50:30.075435-05,1598.04,239.71,1837.75,2026-07-17 19:22:27.718562-05,2026-07-17 19:22:27.718562-05,script_generator,
942,45,3,FAC-PROV-2026-00000942,2024-05-24 13:23:14.332524-05,2618.64,392.80,3011.44,2026-07-17 19:22:27.718562-05,2026-07-17 19:22:27.718562-05,script_generator,
115,45,3,FAC-PROV-2026-00000115,2025-05-23 21:40:22.374209-05,3048.38,457.26,3505.63,2026-07-17 19:22:27.718562-05,2026-07-17 19:22:27.718562-05,script_generator,
1458,45,3,FAC-PROV-2026-00001458,2024-09-23 20:58:30.027209-05,1422.49,213.37,1635.86,2026-07-17 19:22:27.718562-05,2026-07-17 19:22:27.718562-05,script_generator,
108,45,3,FAC-PROV-2026-00000108,2024-05-04 11:24:39.888682-05,1492.09,223.81,1715.91,2026-07-17 19:22:27.718562-05,2026-07-17 19:22:27.718562-05,script_generator,
59,45,3,FAC-PROV-2026-00000059,2025-09-04 22:28:36.837464-05,1993.95,299.09,2293.04,2026-07-17 19:22:27.718562-05,2026-07-17 19:22:27.718562-05,script_generator,
1862,45,3,FAC-PROV-2026-00001862,2024-05-02 03:49:16.114534-05,1115.82,167.37,1283.20,2026-07-17 19:22:27.718562-05,2026-07-17 19:22:27.718562-05,script_generator,
1535,45,3,FAC-PROV-2026-00001535,2024-05-14 00:43:17.09577-05,2289.40,343.41,2632.81,2026-07-17 19:22:27.718562-05,2026-07-17 19:22:27.718562-05,script_generator,
127,45,3,FAC-PROV-2026-00000127,2024-01-25 10:45:45.090114-05,882.01,132.30,1014.31,2026-07-17 19:22:27.718562-05,2026-07-17 19:22:27.718562-05,script_generator,
1697,45,3,FAC-PROV-2026-00001697,2026-03-13 08:12:37.663626-05,1131.30,169.69,1300.99,2026-07-17 19:22:27.718562-05,2026-07-17 19:22:27.718562-05,script_generator,
1285,45,3,FAC-PROV-2026-00001285,2026-07-03 22:44:41.868503-05,2721.57,408.23,3129.80,2026-07-17 19:22:27.718562-05,2026-07-17 19:22:27.718562-05,script_generator,
1924,45,3,FAC-PROV-2026-00001924,2025-05-26 13:04:42.901336-05,1120.52,168.08,1288.60,2026-07-17 19:22:27.718562-05,2026-07-17 19:22:27.718562-05,script_generator,
1447,45,3,FAC-PROV-2026-00001447,2024-05-28 19:46:41.422686-05,1823.01,273.45,2096.46,2026-07-17 19:22:27.718562-05,2026-07-17 19:22:27.718562-05,script_generator,
1866,45,3,FAC-PROV-2026-00001866,2025-08-07 20:05:44.589945-05,1519.72,227.96,1747.67,2026-07-17 19:22:27.718562-05,2026-07-17 19:22:27.718562-05,script_generator,
676,45,3,FAC-PROV-2026-00000676,2025-05-08 22:43:25.025569-05,936.24,140.44,1076.68,2026-07-17 19:22:27.718562-05,2026-07-17 19:22:27.718562-05,script_generator,
153,45,3,FAC-PROV-2026-00000153,2025-01-05 23:07:43.801358-05,2871.52,430.73,3302.25,2026-07-17 19:22:27.718562-05,2026-07-17 19:22:27.718562-05,script_generator,
778,45,3,FAC-PROV-2026-00000778,2025-01-17 16:32:55.94991-05,2703.33,405.50,3108.82,2026-07-17 19:22:27.718562-05,2026-07-17 19:22:27.718562-05,script_generator,
214,45,3,FAC-PROV-2026-00000214,2024-02-01 06:31:41.000712-05,1898.77,284.82,2183.59,2026-07-17 19:22:27.718562-05,2026-07-17 19:22:27.718562-05,script_generator,
1753,45,3,FAC-PROV-2026-00001753,2025-08-18 23:08:32.172957-05,2862.12,429.32,3291.44,2026-07-17 19:22:27.718562-05,2026-07-17 19:22:27.718562-05,script_generator,
1170,45,3,FAC-PROV-2026-00001170,2024-08-05 19:49:22.402124-05,2063.21,309.48,2372.70,2026-07-17 19:22:27.718562-05,2026-07-17 19:22:27.718562-05,script_generator,
532,45,3,FAC-PROV-2026-00000532,2026-05-19 03:21:17.520283-05,852.48,127.87,980.36,2026-07-17 19:22:27.718562-05,2026-07-17 19:22:27.718562-05,script_generator,
945,45,3,FAC-PROV-2026-00000945,2025-04-09 05:12:13.739553-05,1537.03,230.55,1767.58,2026-07-17 19:22:27.718562-05,2026-07-17 19:22:27.718562-05,script_generator,
1371,45,3,FAC-PROV-2026-00001371,2024-05-03 05:21:56.164044-05,1693.26,253.99,1947.25,2026-07-17 19:22:27.718562-05,2026-07-17 19:22:27.718562-05,script_generator,
1951,45,3,FAC-PROV-2026-00001951,2024-06-10 09:34:16.421297-05,919.76,137.96,1057.72,2026-07-17 19:22:27.718562-05,2026-07-17 19:22:27.718562-05,script_generator,
259,45,3,FAC-PROV-2026-00000259,2026-06-04 04:52:03.202943-05,932.63,139.89,1072.52,2026-07-17 19:22:27.718562-05,2026-07-17 19:22:27.718562-05,script_generator,
1203,45,3,FAC-PROV-2026-00001203,2024-04-22 14:27:13.475656-05,1787.36,268.10,2055.46,2026-07-17 19:22:27.718562-05,2026-07-17 19:22:27.718562-05,script_generator,
1915,45,3,FAC-PROV-2026-00001915,2026-02-26 13:51:58.872315-05,2141.84,321.28,2463.11,2026-07-17 19:22:27.718562-05,2026-07-17 19:22:27.718562-05,script_generator,
840,45,3,FAC-PROV-2026-00000840,2025-08-17 03:55:26.542604-05,2310.09,346.51,2656.60,2026-07-17 19:22:27.718562-05,2026-07-17 19:22:27.718562-05,script_generator,
1378,45,3,FAC-PROV-2026-00001378,2025-03-12 05:40:42.744886-05,1925.43,288.81,2214.25,2026-07-17 19:22:27.718562-05,2026-07-17 19:22:27.718562-05,script_generator,
1038,45,3,FAC-PROV-2026-00001038,2024-05-08 06:31:14.958995-05,1395.63,209.34,1604.97,2026-07-17 19:22:27.718562-05,2026-07-17 19:22:27.718562-05,script_generator,
3,45,3,FAC-PROV-2026-00000003,2024-05-05 07:15:37.771669-05,1733.77,260.07,1993.84,2026-07-17 19:22:27.718562-05,2026-07-17 19:22:27.718562-05,script_generator,
324,45,3,FAC-PROV-2026-00000324,2025-12-30 17:20:14.856812-05,931.02,139.65,1070.67,2026-07-17 19:22:27.718562-05,2026-07-17 19:22:27.718562-05,script_generator,
921,45,3,FAC-PROV-2026-00000921,2024-06-16 18:20:11.679365-05,1033.40,155.01,1188.41,2026-07-17 19:22:27.718562-05,2026-07-17 19:22:27.718562-05,script_generator,
1227,45,3,FAC-PROV-2026-00001227,2026-04-07 20:30:40.687186-05,1777.03,266.55,2043.59,2026-07-17 19:22:27.718562-05,2026-07-17 19:22:27.718562-05,script_generator,
1923,45,3,FAC-PROV-2026-00001923,2026-05-10 22:47:33.945523-05,1201.82,180.27,1382.10,2026-07-17 19:22:27.718562-05,2026-07-17 19:22:27.718562-05,script_generator,
1780,45,3,FAC-PROV-2026-00001780,2024-08-05 13:42:05.902513-05,1052.23,157.84,1210.07,2026-07-17 19:22:27.718562-05,2026-07-17 19:22:27.718562-05,script_generator,
1295,45,3,FAC-PROV-2026-00001295,2026-05-25 13:50:02.522146-05,1037.46,155.62,1193.08,2026-07-17 19:22:27.718562-05,2026-07-17 19:22:27.718562-05,script_generator,
1126,45,3,FAC-PROV-2026-00001126,2025-01-20 15:32:22.159041-05,1045.87,156.88,1202.75,2026-07-17 19:22:27.718562-05,2026-07-17 19:22:27.718562-05,script_generator,
1217,45,3,FAC-PROV-2026-00001217,2024-06-01 08:58:42.881757-05,2123.36,318.50,2441.87,2026-07-17 19:22:27.718562-05,2026-07-17 19:22:27.718562-05,script_generator,
984,45,3,FAC-PROV-2026-00000984,2025-08-29 14:11:26.437341-05,2151.17,322.68,2473.84,2026-07-17 19:22:27.718562-05,2026-07-17 19:22:27.718562-05,script_generator,
1249,45,3,FAC-PROV-2026-00001249,2025-12-04 12:14:32.771118-05,1904.29,285.64,2189.93,2026-07-17 19:22:27.718562-05,2026-07-17 19:22:27.718562-05,script_generator,
868,45,3,FAC-PROV-2026-00000868,2026-02-11 01:51:11.755151-05,2672.83,400.92,3073.75,2026-07-17 19:22:27.718562-05,2026-07-17 19:22:27.718562-05,script_generator,
418,45,3,FAC-PROV-2026-00000418,2026-05-15 10:34:13.089376-05,1068.41,160.26,1228.67,2026-07-17 19:22:27.718562-05,2026-07-17 19:22:27.718562-05,script_generator,
1870,45,3,FAC-PROV-2026-00001870,2026-05-08 09:46:49.53328-05,2498.46,374.77,2873.23,2026-07-17 19:22:27.718562-05,2026-07-17 19:22:27.718562-05,script_generator,
1524,45,3,FAC-PROV-2026-00001524,2024-06-17 06:04:16.85778-05,1031.63,154.74,1186.37,2026-07-17 19:22:27.718562-05,2026-07-17 19:22:27.718562-05,script_generator,
1229,45,3,FAC-PROV-2026-00001229,2026-06-06 11:12:24.793927-05,946.66,142.00,1088.66,2026-07-17 19:22:27.718562-05,2026-07-17 19:22:27.718562-05,script_generator,
978,45,3,FAC-PROV-2026-00000978,2025-07-09 12:22:33.032788-05,1955.08,293.26,2248.35,2026-07-17 19:22:27.718562-05,2026-07-17 19:22:27.718562-05,script_generator,
407,45,3,FAC-PROV-2026-00000407,2024-03-04 19:08:12.128906-05,3055.40,458.31,3513.71,2026-07-17 19:22:27.718562-05,2026-07-17 19:22:27.718562-05,script_generator,
387,45,3,FAC-PROV-2026-00000387,2024-02-01 17:55:02.822842-05,2651.28,397.69,3048.97,2026-07-17 19:22:27.718562-05,2026-07-17 19:22:27.718562-05,script_generator,
1337,45,3,FAC-PROV-2026-00001337,2026-03-22 05:00:05.058086-05,1543.76,231.56,1775.32,2026-07-17 19:22:27.718562-05,2026-07-17 19:22:27.718562-05,script_generator,
39,45,3,FAC-PROV-2026-00000039,2024-04-03 06:31:24.890197-05,2129.05,319.36,2448.41,2026-07-17 19:22:27.718562-05,2026-07-17 19:22:27.718562-05,script_generator,
690,45,3,FAC-PROV-2026-00000690,2024-08-28 16:20:05.888965-05,1251.54,187.73,1439.27,2026-07-17 19:22:27.718562-05,2026-07-17 19:22:27.718562-05,script_generator,
1477,45,3,FAC-PROV-2026-00001477,2025-10-20 04:43:51.301264-05,1900.17,285.03,2185.19,2026-07-17 19:22:27.718562-05,2026-07-17 19:22:27.718562-05,script_generator,
1209,45,3,FAC-PROV-2026-00001209,2024-08-19 17:00:02.252333-05,931.04,139.66,1070.70,2026-07-17 19:22:27.718562-05,2026-07-17 19:22:27.718562-05,script_generator,
1837,45,3,FAC-PROV-2026-00001837,2024-03-18 06:20:15.904053-05,2365.93,354.89,2720.82,2026-07-17 19:22:27.718562-05,2026-07-17 19:22:27.718562-05,script_generator,
1569,45,3,FAC-PROV-2026-00001569,2026-02-22 09:28:42.83266-05,1412.98,211.95,1624.92,2026-07-17 19:22:27.718562-05,2026-07-17 19:22:27.718562-05,script_generator,
1674,45,3,FAC-PROV-2026-00001674,2025-02-12 01:10:22.98522-05,2075.79,311.37,2387.16,2026-07-17 19:22:27.718562-05,2026-07-17 19:22:27.718562-05,script_generator,
683,45,3,FAC-PROV-2026-00000683,2024-01-27 14:31:03.683066-05,1170.90,175.64,1346.54,2026-07-17 19:22:27.718562-05,2026-07-17 19:22:27.718562-05,script_generator,
793,45,3,FAC-PROV-2026-00000793,2024-10-19 14:26:54.158703-05,2143.11,321.47,2464.57,2026-07-17 19:22:27.718562-05,2026-07-17 19:22:27.718562-05,script_generator,
608,45,3,FAC-PROV-2026-00000608,2024-02-04 17:49:36.864032-05,2398.56,359.78,2758.34,2026-07-17 19:22:27.718562-05,2026-07-17 19:22:27.718562-05,script_generator,
317,45,3,FAC-PROV-2026-00000317,2025-01-06 17:15:24.953429-05,2809.90,421.48,3231.38,2026-07-17 19:22:27.718562-05,2026-07-17 19:22:27.718562-05,script_generator,
702,45,3,FAC-PROV-2026-00000702,2024-11-16 17:11:34.56008-05,2381.36,357.20,2738.56,2026-07-17 19:22:27.718562-05,2026-07-17 19:22:27.718562-05,script_generator,
126,45,3,FAC-PROV-2026-00000126,2025-02-08 07:50:39.555821-05,1751.38,262.71,2014.08,2026-07-17 19:22:27.718562-05,2026-07-17 19:22:27.718562-05,script_generator,
194,45,3,FAC-PROV-2026-00000194,2024-02-15 12:33:37.733977-05,2868.31,430.25,3298.55,2026-07-17 19:22:27.718562-05,2026-07-17 19:22:27.718562-05,script_generator,
1620,45,3,FAC-PROV-2026-00001620,2024-03-22 23:45:30.978273-05,2429.73,364.46,2794.19,2026-07-17 19:22:27.718562-05,2026-07-17 19:22:27.718562-05,script_generator,
463,45,3,FAC-PROV-2026-00000463,2025-10-27 22:11:20.960689-05,2589.39,388.41,2977.80,2026-07-17 19:22:27.718562-05,2026-07-17 19:22:27.718562-05,script_generator,
1570,45,3,FAC-PROV-2026-00001570,2025-02-25 16:04:34.131965-05,2285.10,342.76,2627.86,2026-07-17 19:22:27.718562-05,2026-07-17 19:22:27.718562-05,script_generator,
476,45,3,FAC-PROV-2026-00000476,2026-01-11 11:23:07.2427-05,2469.26,370.39,2839.65,2026-07-17 19:22:27.718562-05,2026-07-17 19:22:27.718562-05,script_generator,
883,45,3,FAC-PROV-2026-00000883,2024-12-07 23:06:12.689796-05,2600.04,390.01,2990.04,2026-07-17 19:22:27.718562-05,2026-07-17 19:22:27.718562-05,script_generator,
1887,45,3,FAC-PROV-2026-00001887,2024-12-26 14:06:29.001981-05,2514.98,377.25,2892.23,2026-07-17 19:22:27.718562-05,2026-07-17 19:22:27.718562-05,script_generator,
374,45,3,FAC-PROV-2026-00000374,2025-01-12 18:52:37.118803-05,1988.85,298.33,2287.17,2026-07-17 19:22:27.718562-05,2026-07-17 19:22:27.718562-05,script_generator,
1146,45,3,FAC-PROV-2026-00001146,2024-06-25 15:45:57.488174-05,2743.57,411.54,3155.11,2026-07-17 19:22:27.718562-05,2026-07-17 19:22:27.718562-05,script_generator,
1544,45,3,FAC-PROV-2026-00001544,2024-09-20 12:44:38.771644-05,782.34,117.35,899.69,2026-07-17 19:22:27.718562-05,2026-07-17 19:22:27.718562-05,script_generator,
1632,45,3,FAC-PROV-2026-00001632,2026-07-09 23:31:53.558487-05,1562.93,234.44,1797.37,2026-07-17 19:22:27.718562-05,2026-07-17 19:22:27.718562-05,script_generator,
1210,45,3,FAC-PROV-2026-00001210,2025-09-06 20:47:30.721125-05,1697.16,254.57,1951.73,2026-07-17 19:22:27.718562-05,2026-07-17 19:22:27.718562-05,script_generator,
224,45,3,FAC-PROV-2026-00000224,2025-05-01 04:43:30.561601-05,1939.78,290.97,2230.74,2026-07-17 19:22:27.718562-05,2026-07-17 19:22:27.718562-05,script_generator,
719,45,3,FAC-PROV-2026-00000719,2024-08-23 01:49:42.674621-05,2644.56,396.68,3041.25,2026-07-17 19:22:27.718562-05,2026-07-17 19:22:27.718562-05,script_generator,
756,45,3,FAC-PROV-2026-00000756,2025-10-24 23:28:46.464899-05,3166.39,474.96,3641.35,2026-07-17 19:22:27.718562-05,2026-07-17 19:22:27.718562-05,script_generator,
318,45,3,FAC-PROV-2026-00000318,2024-08-05 14:50:59.68896-05,1736.67,260.50,1997.18,2026-07-17 19:22:27.718562-05,2026-07-17 19:22:27.718562-05,script_generator,
1665,45,3,FAC-PROV-2026-00001665,2024-02-29 08:53:39.569948-05,2209.79,331.47,2541.25,2026-07-17 19:22:27.718562-05,2026-07-17 19:22:27.718562-05,script_generator,
933,45,3,FAC-PROV-2026-00000933,2024-01-04 11:06:18.471682-05,1285.79,192.87,1478.66,2026-07-17 19:22:27.718562-05,2026-07-17 19:22:27.718562-05,script_generator,
647,45,3,FAC-PROV-2026-00000647,2026-06-14 05:22:01.613808-05,1256.53,188.48,1445.01,2026-07-17 19:22:27.718562-05,2026-07-17 19:22:27.718562-05,script_generator,
1296,45,3,FAC-PROV-2026-00001296,2024-03-09 15:43:22.898811-05,2070.11,310.52,2380.63,2026-07-17 19:22:27.718562-05,2026-07-17 19:22:27.718562-05,script_generator,
593,45,3,FAC-PROV-2026-00000593,2024-01-08 20:12:38.349459-05,1615.91,242.39,1858.29,2026-07-17 19:22:27.718562-05,2026-07-17 19:22:27.718562-05,script_generator,
293,45,3,FAC-PROV-2026-00000293,2026-06-23 18:19:24.490023-05,2118.31,317.75,2436.06,2026-07-17 19:22:27.718562-05,2026-07-17 19:22:27.718562-05,script_generator,
1808,45,3,FAC-PROV-2026-00001808,2024-03-29 17:12:54.966055-05,1611.64,241.75,1853.39,2026-07-17 19:22:27.718562-05,2026-07-17 19:22:27.718562-05,script_generator,
1120,45,3,FAC-PROV-2026-00001120,2024-06-14 23:38:07.747678-05,1218.43,182.76,1401.19,2026-07-17 19:22:27.718562-05,2026-07-17 19:22:27.718562-05,script_generator,
495,45,3,FAC-PROV-2026-00000495,2026-07-05 23:40:09.002988-05,1114.01,167.10,1281.11,2026-07-17 19:22:27.718562-05,2026-07-17 19:22:27.718562-05,script_generator,
1257,45,3,FAC-PROV-2026-00001257,2024-07-20 02:11:14.048892-05,2850.26,427.54,3277.80,2026-07-17 19:22:27.718562-05,2026-07-17 19:22:27.718562-05,script_generator,
154,45,3,FAC-PROV-2026-00000154,2024-09-01 01:13:54.636288-05,1927.77,289.16,2216.93,2026-07-17 19:22:27.718562-05,2026-07-17 19:22:27.718562-05,script_generator,
657,45,3,FAC-PROV-2026-00000657,2025-09-06 16:27:22.754816-05,992.39,148.86,1141.25,2026-07-17 19:22:27.718562-05,2026-07-17 19:22:27.718562-05,script_generator,
234,45,3,FAC-PROV-2026-00000234,2024-07-02 02:26:48.547326-05,2692.61,403.89,3096.50,2026-07-17 19:22:27.718562-05,2026-07-17 19:22:27.718562-05,script_generator,
1645,45,3,FAC-PROV-2026-00001645,2024-01-28 19:26:55.07224-05,1776.12,266.42,2042.54,2026-07-17 19:22:27.718562-05,2026-07-17 19:22:27.718562-05,script_generator,
1306,45,3,FAC-PROV-2026-00001306,2025-12-12 22:41:47.051394-05,3084.83,462.72,3547.55,2026-07-17 19:22:27.718562-05,2026-07-17 19:22:27.718562-05,script_generator,
474,45,3,FAC-PROV-2026-00000474,2025-05-23 13:36:38.298262-05,2630.33,394.55,3024.88,2026-07-17 19:22:27.718562-05,2026-07-17 19:22:27.718562-05,script_generator,
1961,45,3,FAC-PROV-2026-00001961,2025-01-24 12:02:02.670029-05,1465.33,219.80,1685.13,2026-07-17 19:22:27.718562-05,2026-07-17 19:22:27.718562-05,script_generator,
748,45,3,FAC-PROV-2026-00000748,2024-08-13 12:29:10.752276-05,901.15,135.17,1036.32,2026-07-17 19:22:27.718562-05,2026-07-17 19:22:27.718562-05,script_generator,
1666,45,3,FAC-PROV-2026-00001666,2025-03-14 02:26:53.596444-05,1932.02,289.80,2221.82,2026-07-17 19:22:27.718562-05,2026-07-17 19:22:27.718562-05,script_generator,
1910,45,3,FAC-PROV-2026-00001910,2025-09-20 00:55:09.991762-05,1445.01,216.75,1661.76,2026-07-17 19:22:27.718562-05,2026-07-17 19:22:27.718562-05,script_generator,
1179,45,3,FAC-PROV-2026-00001179,2025-08-03 02:37:15.149529-05,877.70,131.66,1009.36,2026-07-17 19:22:27.718562-05,2026-07-17 19:22:27.718562-05,script_generator,
1847,45,3,FAC-PROV-2026-00001847,2026-05-22 03:46:01.154757-05,1160.48,174.07,1334.56,2026-07-17 19:22:27.718562-05,2026-07-17 19:22:27.718562-05,script_generator,
1700,45,3,FAC-PROV-2026-00001700,2026-03-21 08:59:03.501627-05,1560.13,234.02,1794.15,2026-07-17 19:22:27.718562-05,2026-07-17 19:22:27.718562-05,script_generator,
351,45,3,FAC-PROV-2026-00000351,2025-01-31 02:38:23.409319-05,1575.41,236.31,1811.72,2026-07-17 19:22:27.718562-05,2026-07-17 19:22:27.718562-05,script_generator,
116,45,3,FAC-PROV-2026-00000116,2025-02-17 15:18:01.957211-05,2038.81,305.82,2344.63,2026-07-17 19:22:27.718562-05,2026-07-17 19:22:27.718562-05,script_generator,
1791,45,3,FAC-PROV-2026-00001791,2025-06-15 14:34:04.347724-05,2622.37,393.36,3015.73,2026-07-17 19:22:27.718562-05,2026-07-17 19:22:27.718562-05,script_generator,
1810,45,3,FAC-PROV-2026-00001810,2024-01-15 00:34:51.065049-05,2353.68,353.05,2706.73,2026-07-17 19:22:27.718562-05,2026-07-17 19:22:27.718562-05,script_generator,
1733,45,3,FAC-PROV-2026-00001733,2025-02-25 01:18:32.985452-05,1354.13,203.12,1557.25,2026-07-17 19:22:27.718562-05,2026-07-17 19:22:27.718562-05,script_generator,
970,45,3,FAC-PROV-2026-00000970,2025-12-11 17:09:47.993052-05,2040.17,306.02,2346.19,2026-07-17 19:22:27.718562-05,2026-07-17 19:22:27.718562-05,script_generator,
1974,45,3,FAC-PROV-2026-00001974,2025-07-30 15:40:44.410865-05,1152.12,172.82,1324.94,2026-07-17 19:22:27.718562-05,2026-07-17 19:22:27.718562-05,script_generator,
1977,45,3,FAC-PROV-2026-00001977,2025-03-25 13:15:52.515013-05,2314.74,347.21,2661.95,2026-07-17 19:22:27.718562-05,2026-07-17 19:22:27.718562-05,script_generator,
732,45,3,FAC-PROV-2026-00000732,2024-10-05 22:20:14.4007-05,1434.31,215.15,1649.46,2026-07-17 19:22:27.718562-05,2026-07-17 19:22:27.718562-05,script_generator,
1711,45,3,FAC-PROV-2026-00001711,2026-05-19 02:26:21.693694-05,1451.04,217.66,1668.70,2026-07-17 19:22:27.718562-05,2026-07-17 19:22:27.718562-05,script_generator,
1856,45,3,FAC-PROV-2026-00001856,2026-04-30 00:00:16.531663-05,1139.72,170.96,1310.68,2026-07-17 19:22:27.718562-05,2026-07-17 19:22:27.718562-05,script_generator,
1627,45,3,FAC-PROV-2026-00001627,2025-05-03 00:13:40.81441-05,2900.39,435.06,3335.45,2026-07-17 19:22:27.718562-05,2026-07-17 19:22:27.718562-05,script_generator,
734,45,3,FAC-PROV-2026-00000734,2025-03-21 18:26:06.844976-05,1187.38,178.11,1365.48,2026-07-17 19:22:27.718562-05,2026-07-17 19:22:27.718562-05,script_generator,
1767,45,3,FAC-PROV-2026-00001767,2024-07-23 23:19:40.786952-05,1951.57,292.74,2244.30,2026-07-17 19:22:27.718562-05,2026-07-17 19:22:27.718562-05,script_generator,
1272,45,3,FAC-PROV-2026-00001272,2025-08-20 04:34:21.442485-05,938.23,140.73,1078.96,2026-07-17 19:22:27.718562-05,2026-07-17 19:22:27.718562-05,script_generator,
1563,45,3,FAC-PROV-2026-00001563,2025-11-27 10:00:19.72864-05,2695.46,404.32,3099.78,2026-07-17 19:22:27.718562-05,2026-07-17 19:22:27.718562-05,script_generator,
1567,45,3,FAC-PROV-2026-00001567,2025-08-28 20:36:13.280274-05,1222.14,183.32,1405.46,2026-07-17 19:22:27.718562-05,2026-07-17 19:22:27.718562-05,script_generator,
180,45,3,FAC-PROV-2026-00000180,2024-10-22 18:06:36.756864-05,2590.37,388.56,2978.93,2026-07-17 19:22:27.718562-05,2026-07-17 19:22:27.718562-05,script_generator,
1219,45,3,FAC-PROV-2026-00001219,2024-04-27 07:47:18.11977-05,1187.41,178.11,1365.52,2026-07-17 19:22:27.718562-05,2026-07-17 19:22:27.718562-05,script_generator,
967,45,3,FAC-PROV-2026-00000967,2024-08-06 18:29:38.564289-05,1300.65,195.10,1495.75,2026-07-17 19:22:27.718562-05,2026-07-17 19:22:27.718562-05,script_generator,
1827,45,3,FAC-PROV-2026-00001827,2024-09-03 01:59:56.377237-05,1185.65,177.85,1363.49,2026-07-17 19:22:27.718562-05,2026-07-17 19:22:27.718562-05,script_generator,
626,45,3,FAC-PROV-2026-00000626,2024-03-17 16:21:40.237273-05,1786.84,268.03,2054.86,2026-07-17 19:22:27.718562-05,2026-07-17 19:22:27.718562-05,script_generator,
263,45,3,FAC-PROV-2026-00000263,2026-04-01 01:46:32.553789-05,2664.87,399.73,3064.60,2026-07-17 19:22:27.718562-05,2026-07-17 19:22:27.718562-05,script_generator,
836,45,3,FAC-PROV-2026-00000836,2025-09-19 02:00:57.738615-05,2425.00,363.75,2788.75,2026-07-17 19:22:27.718562-05,2026-07-17 19:22:27.718562-05,script_generator,
784,45,3,FAC-PROV-2026-00000784,2026-03-07 05:10:53.86599-05,1499.12,224.87,1723.99,2026-07-17 19:22:27.718562-05,2026-07-17 19:22:27.718562-05,script_generator,
1571,45,3,FAC-PROV-2026-00001571,2024-02-29 19:19:16.552798-05,2305.06,345.76,2650.82,2026-07-17 19:22:27.718562-05,2026-07-17 19:22:27.718562-05,script_generator,
470,45,3,FAC-PROV-2026-00000470,2025-06-09 23:17:46.112697-05,2120.91,318.14,2439.04,2026-07-17 19:22:27.718562-05,2026-07-17 19:22:27.718562-05,script_generator,
1565,45,3,FAC-PROV-2026-00001565,2024-08-28 12:18:59.360986-05,2181.70,327.25,2508.95,2026-07-17 19:22:27.718562-05,2026-07-17 19:22:27.718562-05,script_generator,
780,45,3,FAC-PROV-2026-00000780,2026-01-29 19:42:32.246207-05,877.88,131.68,1009.56,2026-07-17 19:22:27.718562-05,2026-07-17 19:22:27.718562-05,script_generator,
1668,45,3,FAC-PROV-2026-00001668,2025-12-25 12:38:58.954163-05,1541.37,231.21,1772.58,2026-07-17 19:22:27.718562-05,2026-07-17 19:22:27.718562-05,script_generator,
478,45,3,FAC-PROV-2026-00000478,2026-01-21 20:32:07.2192-05,900.11,135.02,1035.12,2026-07-17 19:22:27.718562-05,2026-07-17 19:22:27.718562-05,script_generator,
1301,45,3,FAC-PROV-2026-00001301,2026-05-12 17:14:49.559623-05,732.52,109.88,842.40,2026-07-17 19:22:27.718562-05,2026-07-17 19:22:27.718562-05,script_generator,
577,45,3,FAC-PROV-2026-00000577,2025-11-29 13:32:28.952834-05,2163.50,324.52,2488.02,2026-07-17 19:22:27.718562-05,2026-07-17 19:22:27.718562-05,script_generator,
505,45,3,FAC-PROV-2026-00000505,2026-02-03 19:51:45.92833-05,1433.87,215.08,1648.95,2026-07-17 19:22:27.718562-05,2026-07-17 19:22:27.718562-05,script_generator,
1057,45,3,FAC-PROV-2026-00001057,2026-04-12 19:31:13.681788-05,1207.03,181.05,1388.08,2026-07-17 19:22:27.718562-05,2026-07-17 19:22:27.718562-05,script_generator,
328,45,3,FAC-PROV-2026-00000328,2026-06-12 09:47:52.788114-05,1344.13,201.62,1545.75,2026-07-17 19:22:27.718562-05,2026-07-17 19:22:27.718562-05,script_generator,
717,45,3,FAC-PROV-2026-00000717,2026-02-23 09:39:11.782417-05,2045.86,306.88,2352.74,2026-07-17 19:22:27.718562-05,2026-07-17 19:22:27.718562-05,script_generator,
525,45,3,FAC-PROV-2026-00000525,2025-05-27 02:24:45.905495-05,767.11,115.07,882.17,2026-07-17 19:22:27.718562-05,2026-07-17 19:22:27.718562-05,script_generator,
634,45,3,FAC-PROV-2026-00000634,2026-06-05 04:26:57.093599-05,792.73,118.91,911.64,2026-07-17 19:22:27.718562-05,2026-07-17 19:22:27.718562-05,script_generator,
1771,45,3,FAC-PROV-2026-00001771,2024-08-28 12:11:11.540452-05,911.80,136.77,1048.57,2026-07-17 19:22:27.718562-05,2026-07-17 19:22:27.718562-05,script_generator,
1938,45,3,FAC-PROV-2026-00001938,2026-06-20 10:55:14.530338-05,2548.32,382.25,2930.57,2026-07-17 19:22:27.718562-05,2026-07-17 19:22:27.718562-05,script_generator,
210,45,3,FAC-PROV-2026-00000210,2024-07-06 18:18:07.17039-05,2595.71,389.36,2985.07,2026-07-17 19:22:27.718562-05,2026-07-17 19:22:27.718562-05,script_generator,
710,45,3,FAC-PROV-2026-00000710,2026-06-27 09:20:35.010165-05,2922.76,438.41,3361.18,2026-07-17 19:22:27.718562-05,2026-07-17 19:22:27.718562-05,script_generator,
48,45,3,FAC-PROV-2026-00000048,2025-05-26 06:09:04.330845-05,2682.63,402.40,3085.03,2026-07-17 19:22:27.718562-05,2026-07-17 19:22:27.718562-05,script_generator,
1016,45,3,FAC-PROV-2026-00001016,2025-03-03 02:42:24.045557-05,2439.07,365.86,2804.93,2026-07-17 19:22:27.718562-05,2026-07-17 19:22:27.718562-05,script_generator,
1015,45,3,FAC-PROV-2026-00001015,2025-10-03 17:19:15.645836-05,2035.30,305.29,2340.59,2026-07-17 19:22:27.718562-05,2026-07-17 19:22:27.718562-05,script_generator,
1661,45,3,FAC-PROV-2026-00001661,2024-07-09 20:01:47.478453-05,1908.40,286.26,2194.65,2026-07-17 19:22:27.718562-05,2026-07-17 19:22:27.718562-05,script_generator,
954,45,3,FAC-PROV-2026-00000954,2026-04-07 22:59:40.144271-05,976.99,146.55,1123.54,2026-07-17 19:22:27.718562-05,2026-07-17 19:22:27.718562-05,script_generator,
1218,45,3,FAC-PROV-2026-00001218,2024-02-05 19:13:09.823892-05,803.97,120.60,924.56,2026-07-17 19:22:27.718562-05,2026-07-17 19:22:27.718562-05,script_generator,
1077,45,3,FAC-PROV-2026-00001077,2025-05-21 11:14:50.887568-05,2799.94,419.99,3219.93,2026-07-17 19:22:27.718562-05,2026-07-17 19:22:27.718562-05,script_generator,
456,45,3,FAC-PROV-2026-00000456,2024-02-29 00:57:15.787993-05,940.91,141.14,1082.04,2026-07-17 19:22:27.718562-05,2026-07-17 19:22:27.718562-05,script_generator,
796,45,3,FAC-PROV-2026-00000796,2025-02-28 17:59:01.518664-05,2726.83,409.02,3135.85,2026-07-17 19:22:27.718562-05,2026-07-17 19:22:27.718562-05,script_generator,
1896,45,3,FAC-PROV-2026-00001896,2026-02-22 06:36:23.328926-05,1632.71,244.91,1877.62,2026-07-17 19:22:27.718562-05,2026-07-17 19:22:27.718562-05,script_generator,
1281,45,3,FAC-PROV-2026-00001281,2025-06-19 16:55:38.297249-05,1048.40,157.26,1205.66,2026-07-17 19:22:27.718562-05,2026-07-17 19:22:27.718562-05,script_generator,
1247,45,3,FAC-PROV-2026-00001247,2025-12-24 11:01:20.202586-05,3030.36,454.55,3484.92,2026-07-17 19:22:27.718562-05,2026-07-17 19:22:27.718562-05,script_generator,
531,45,3,FAC-PROV-2026-00000531,2024-09-04 17:20:51.092079-05,1978.13,296.72,2274.85,2026-07-17 19:22:27.718562-05,2026-07-17 19:22:27.718562-05,script_generator,
1409,45,3,FAC-PROV-2026-00001409,2025-01-13 19:09:20.675323-05,2610.25,391.54,3001.79,2026-07-17 19:22:27.718562-05,2026-07-17 19:22:27.718562-05,script_generator,
546,45,3,FAC-PROV-2026-00000546,2026-07-03 01:35:30.861268-05,2539.69,380.95,2920.65,2026-07-17 19:22:27.718562-05,2026-07-17 19:22:27.718562-05,script_generator,
1427,45,3,FAC-PROV-2026-00001427,2024-08-08 06:50:14.505495-05,1864.30,279.64,2143.94,2026-07-17 19:22:27.718562-05,2026-07-17 19:22:27.718562-05,script_generator,
686,45,3,FAC-PROV-2026-00000686,2025-10-24 03:49:38.162142-05,2981.44,447.22,3428.66,2026-07-17 19:22:27.718562-05,2026-07-17 19:22:27.718562-05,script_generator,
297,45,3,FAC-PROV-2026-00000297,2024-06-13 05:11:10.17683-05,2839.24,425.89,3265.13,2026-07-17 19:22:27.718562-05,2026-07-17 19:22:27.718562-05,script_generator,
1658,45,3,FAC-PROV-2026-00001658,2026-03-08 23:14:14.958225-05,2455.07,368.26,2823.33,2026-07-17 19:22:27.718562-05,2026-07-17 19:22:27.718562-05,script_generator,
1622,45,3,FAC-PROV-2026-00001622,2024-11-13 05:53:41.86665-05,2063.27,309.49,2372.76,2026-07-17 19:22:27.718562-05,2026-07-17 19:22:27.718562-05,script_generator,
303,45,3,FAC-PROV-2026-00000303,2025-04-20 03:08:18.935457-05,2620.90,393.13,3014.03,2026-07-17 19:22:27.718562-05,2026-07-17 19:22:27.718562-05,script_generator,
1261,45,3,FAC-PROV-2026-00001261,2026-02-24 01:53:00.627801-05,1480.96,222.14,1703.11,2026-07-17 19:22:27.718562-05,2026-07-17 19:22:27.718562-05,script_generator,
974,45,3,FAC-PROV-2026-00000974,2024-05-15 06:24:43.357888-05,1142.69,171.40,1314.09,2026-07-17 19:22:27.718562-05,2026-07-17 19:22:27.718562-05,script_generator,
1406,45,3,FAC-PROV-2026-00001406,2024-07-23 18:17:38.038452-05,2292.10,343.82,2635.92,2026-07-17 19:22:27.718562-05,2026-07-17 19:22:27.718562-05,script_generator,
1741,45,3,FAC-PROV-2026-00001741,2024-09-07 14:30:01.091751-05,1355.25,203.29,1558.54,2026-07-17 19:22:27.718562-05,2026-07-17 19:22:27.718562-05,script_generator,
1849,45,3,FAC-PROV-2026-00001849,2024-06-04 15:23:57.440484-05,988.21,148.23,1136.45,2026-07-17 19:22:27.718562-05,2026-07-17 19:22:27.718562-05,script_generator,
233,45,3,FAC-PROV-2026-00000233,2026-03-07 10:43:55.810754-05,2237.15,335.57,2572.73,2026-07-17 19:22:27.718562-05,2026-07-17 19:22:27.718562-05,script_generator,
1149,45,3,FAC-PROV-2026-00001149,2024-05-01 23:56:34.301867-05,841.47,126.22,967.70,2026-07-17 19:22:27.718562-05,2026-07-17 19:22:27.718562-05,script_generator,
1370,45,3,FAC-PROV-2026-00001370,2024-09-19 13:52:19.301625-05,3000.50,450.08,3450.58,2026-07-17 19:22:27.718562-05,2026-07-17 19:22:27.718562-05,script_generator,
1115,45,3,FAC-PROV-2026-00001115,2024-02-17 18:02:04.193726-05,1058.98,158.85,1217.83,2026-07-17 19:22:27.718562-05,2026-07-17 19:22:27.718562-05,script_generator,
1993,45,3,FAC-PROV-2026-00001993,2025-03-10 18:40:57.84866-05,1109.64,166.45,1276.09,2026-07-17 19:22:27.718562-05,2026-07-17 19:22:27.718562-05,script_generator,
93,45,3,FAC-PROV-2026-00000093,2024-07-27 20:46:09.936148-05,1791.56,268.73,2060.30,2026-07-17 19:22:27.718562-05,2026-07-17 19:22:27.718562-05,script_generator,
89,45,3,FAC-PROV-2026-00000089,2025-08-12 18:35:44.443016-05,2594.04,389.11,2983.14,2026-07-17 19:22:27.718562-05,2026-07-17 19:22:27.718562-05,script_generator,
1383,45,3,FAC-PROV-2026-00001383,2025-06-30 09:22:06.194487-05,2007.23,301.09,2308.32,2026-07-17 19:22:27.718562-05,2026-07-17 19:22:27.718562-05,script_generator,
1345,45,3,FAC-PROV-2026-00001345,2024-03-10 11:07:39.005823-05,971.20,145.68,1116.88,2026-07-17 19:22:27.718562-05,2026-07-17 19:22:27.718562-05,script_generator,
723,45,3,FAC-PROV-2026-00000723,2024-07-26 01:44:20.679275-05,1960.10,294.01,2254.11,2026-07-17 19:22:27.718562-05,2026-07-17 19:22:27.718562-05,script_generator,
497,45,3,FAC-PROV-2026-00000497,2025-10-12 04:17:49.39783-05,1776.98,266.55,2043.52,2026-07-17 19:22:27.718562-05,2026-07-17 19:22:27.718562-05,script_generator,
1513,45,3,FAC-PROV-2026-00001513,2026-05-27 04:25:45.810034-05,2665.31,399.80,3065.11,2026-07-17 19:22:27.718562-05,2026-07-17 19:22:27.718562-05,script_generator,
884,45,3,FAC-PROV-2026-00000884,2026-02-15 19:48:12.078914-05,1320.35,198.05,1518.40,2026-07-17 19:22:27.718562-05,2026-07-17 19:22:27.718562-05,script_generator,
155,45,3,FAC-PROV-2026-00000155,2025-05-29 17:36:50.752621-05,1005.33,150.80,1156.13,2026-07-17 19:22:27.718562-05,2026-07-17 19:22:27.718562-05,script_generator,
1871,45,3,FAC-PROV-2026-00001871,2026-06-05 13:24:12.487004-05,1421.66,213.25,1634.90,2026-07-17 19:22:27.718562-05,2026-07-17 19:22:27.718562-05,script_generator,
953,45,3,FAC-PROV-2026-00000953,2024-05-25 20:23:47.170456-05,2368.19,355.23,2723.42,2026-07-17 19:22:27.718562-05,2026-07-17 19:22:27.718562-05,script_generator,
609,45,3,FAC-PROV-2026-00000609,2024-10-07 21:37:09.083145-05,2063.29,309.49,2372.78,2026-07-17 19:22:27.718562-05,2026-07-17 19:22:27.718562-05,script_generator,
416,45,3,FAC-PROV-2026-00000416,2024-09-25 05:52:48.21201-05,1084.33,162.65,1246.97,2026-07-17 19:22:27.718562-05,2026-07-17 19:22:27.718562-05,script_generator,
1286,45,3,FAC-PROV-2026-00001286,2024-12-19 05:44:22.701983-05,1505.38,225.81,1731.18,2026-07-17 19:22:27.718562-05,2026-07-17 19:22:27.718562-05,script_generator,
195,45,3,FAC-PROV-2026-00000195,2025-07-31 12:06:08.779966-05,831.16,124.67,955.83,2026-07-17 19:22:27.718562-05,2026-07-17 19:22:27.718562-05,script_generator,
1529,45,3,FAC-PROV-2026-00001529,2025-11-12 03:36:11.92914-05,1761.07,264.16,2025.23,2026-07-17 19:22:27.718562-05,2026-07-17 19:22:27.718562-05,script_generator,
1153,45,3,FAC-PROV-2026-00001153,2024-07-06 15:02:28.104591-05,2854.17,428.12,3282.29,2026-07-17 19:22:27.718562-05,2026-07-17 19:22:27.718562-05,script_generator,
1137,45,3,FAC-PROV-2026-00001137,2025-08-20 08:15:06.660042-05,2902.19,435.33,3337.52,2026-07-17 19:22:27.718562-05,2026-07-17 19:22:27.718562-05,script_generator,
441,45,3,FAC-PROV-2026-00000441,2026-04-22 16:59:01.148336-05,2696.56,404.48,3101.05,2026-07-17 19:22:27.718562-05,2026-07-17 19:22:27.718562-05,script_generator,
1744,45,3,FAC-PROV-2026-00001744,2024-02-04 17:36:13.44424-05,1320.13,198.02,1518.15,2026-07-17 19:22:27.718562-05,2026-07-17 19:22:27.718562-05,script_generator,
1047,45,3,FAC-PROV-2026-00001047,2024-06-18 02:22:59.47515-05,1582.44,237.37,1819.80,2026-07-17 19:22:27.718562-05,2026-07-17 19:22:27.718562-05,script_generator,
892,45,3,FAC-PROV-2026-00000892,2026-02-03 23:39:17.613145-05,2677.53,401.63,3079.16,2026-07-17 19:22:27.718562-05,2026-07-17 19:22:27.718562-05,script_generator,
1083,45,3,FAC-PROV-2026-00001083,2024-03-28 03:07:12.010417-05,2558.50,383.78,2942.28,2026-07-17 19:22:27.718562-05,2026-07-17 19:22:27.718562-05,script_generator,
1949,45,3,FAC-PROV-2026-00001949,2025-12-01 04:01:33.929828-05,817.78,122.67,940.45,2026-07-17 19:22:27.718562-05,2026-07-17 19:22:27.718562-05,script_generator,
1675,45,3,FAC-PROV-2026-00001675,2024-01-08 22:56:46.724065-05,1580.91,237.14,1818.04,2026-07-17 19:22:27.718562-05,2026-07-17 19:22:27.718562-05,script_generator,
503,45,3,FAC-PROV-2026-00000503,2024-06-29 08:04:13.487526-05,2237.42,335.61,2573.04,2026-07-17 19:22:27.718562-05,2026-07-17 19:22:27.718562-05,script_generator,
1154,45,3,FAC-PROV-2026-00001154,2025-03-19 06:44:31.591639-05,922.34,138.35,1060.70,2026-07-17 19:22:27.718562-05,2026-07-17 19:22:27.718562-05,script_generator,
1888,45,3,FAC-PROV-2026-00001888,2024-12-23 08:38:19.4938-05,1463.64,219.55,1683.18,2026-07-17 19:22:27.718562-05,2026-07-17 19:22:27.718562-05,script_generator,
1356,45,3,FAC-PROV-2026-00001356,2024-05-12 17:06:49.010792-05,2294.60,344.19,2638.79,2026-07-17 19:22:27.718562-05,2026-07-17 19:22:27.718562-05,script_generator,
994,45,3,FAC-PROV-2026-00000994,2024-03-30 15:48:42.017603-05,2822.57,423.39,3245.95,2026-07-17 19:22:27.718562-05,2026-07-17 19:22:27.718562-05,script_generator,
1099,45,3,FAC-PROV-2026-00001099,2024-07-15 09:31:19.765796-05,942.80,141.42,1084.22,2026-07-17 19:22:27.718562-05,2026-07-17 19:22:27.718562-05,script_generator,
865,45,3,FAC-PROV-2026-00000865,2025-07-04 18:18:39.852878-05,1370.01,205.50,1575.51,2026-07-17 19:22:27.718562-05,2026-07-17 19:22:27.718562-05,script_generator,
1893,45,3,FAC-PROV-2026-00001893,2024-10-11 08:33:12.975521-05,769.84,115.48,885.32,2026-07-17 19:22:27.718562-05,2026-07-17 19:22:27.718562-05,script_generator,
962,45,3,FAC-PROV-2026-00000962,2025-07-23 00:03:29.361902-05,2154.36,323.15,2477.51,2026-07-17 19:22:27.718562-05,2026-07-17 19:22:27.718562-05,script_generator,
106,45,3,FAC-PROV-2026-00000106,2024-12-12 03:37:20.659606-05,1604.82,240.72,1845.54,2026-07-17 19:22:27.718562-05,2026-07-17 19:22:27.718562-05,script_generator,
1200,45,3,FAC-PROV-2026-00001200,2024-02-17 17:49:03.650105-05,898.19,134.73,1032.92,2026-07-17 19:22:27.718562-05,2026-07-17 19:22:27.718562-05,script_generator,
1010,45,3,FAC-PROV-2026-00001010,2025-07-13 22:29:33.788627-05,2027.62,304.14,2331.76,2026-07-17 19:22:27.718562-05,2026-07-17 19:22:27.718562-05,script_generator,
178,45,3,FAC-PROV-2026-00000178,2025-05-01 12:50:14.366122-05,2849.60,427.44,3277.04,2026-07-17 19:22:27.718562-05,2026-07-17 19:22:27.718562-05,script_generator,
795,45,3,FAC-PROV-2026-00000795,2026-06-14 16:19:27.294698-05,2852.68,427.90,3280.58,2026-07-17 19:22:27.718562-05,2026-07-17 19:22:27.718562-05,script_generator,
809,45,3,FAC-PROV-2026-00000809,2024-05-01 16:53:11.644005-05,1732.50,259.87,1992.37,2026-07-17 19:22:27.718562-05,2026-07-17 19:22:27.718562-05,script_generator,
8,45,3,FAC-PROV-2026-00000008,2026-02-22 22:51:09.536847-05,1550.65,232.60,1783.24,2026-07-17 19:22:27.718562-05,2026-07-17 19:22:27.718562-05,script_generator,
934,45,3,FAC-PROV-2026-00000934,2025-08-07 16:55:57.215919-05,1059.18,158.88,1218.05,2026-07-17 19:22:27.718562-05,2026-07-17 19:22:27.718562-05,script_generator,
1690,45,3,FAC-PROV-2026-00001690,2025-03-21 23:54:47.150115-05,1559.43,233.91,1793.34,2026-07-17 19:22:27.718562-05,2026-07-17 19:22:27.718562-05,script_generator,
908,45,3,FAC-PROV-2026-00000908,2024-12-05 02:22:45.169882-05,2157.28,323.59,2480.87,2026-07-17 19:22:27.718562-05,2026-07-17 19:22:27.718562-05,script_generator,
1556,45,3,FAC-PROV-2026-00001556,2024-01-16 18:08:05.045908-05,2930.11,439.52,3369.63,2026-07-17 19:22:27.718562-05,2026-07-17 19:22:27.718562-05,script_generator,
370,45,3,FAC-PROV-2026-00000370,2026-03-11 00:25:58.36027-05,2425.86,363.88,2789.74,2026-07-17 19:22:27.718562-05,2026-07-17 19:22:27.718562-05,script_generator,
684,45,3,FAC-PROV-2026-00000684,2024-11-11 05:10:06.522853-05,2856.06,428.41,3284.47,2026-07-17 19:22:27.718562-05,2026-07-17 19:22:27.718562-05,script_generator,
1135,45,3,FAC-PROV-2026-00001135,2026-03-05 08:44:29.092276-05,1766.17,264.93,2031.10,2026-07-17 19:22:27.718562-05,2026-07-17 19:22:27.718562-05,script_generator,
1156,45,3,FAC-PROV-2026-00001156,2025-06-01 13:20:58.95641-05,2258.70,338.80,2597.50,2026-07-17 19:22:27.718562-05,2026-07-17 19:22:27.718562-05,script_generator,
1935,45,3,FAC-PROV-2026-00001935,2026-01-12 14:59:29.447251-05,903.54,135.53,1039.07,2026-07-17 19:22:27.718562-05,2026-07-17 19:22:27.718562-05,script_generator,
396,45,3,FAC-PROV-2026-00000396,2024-11-04 01:39:26.11047-05,2095.85,314.38,2410.23,2026-07-17 19:22:27.718562-05,2026-07-17 19:22:27.718562-05,script_generator,
1395,45,3,FAC-PROV-2026-00001395,2025-08-05 00:54:00.84343-05,1486.61,222.99,1709.60,2026-07-17 19:22:27.718562-05,2026-07-17 19:22:27.718562-05,script_generator,
1472,45,3,FAC-PROV-2026-00001472,2024-01-05 21:24:04.732942-05,1136.61,170.49,1307.10,2026-07-17 19:22:27.718562-05,2026-07-17 19:22:27.718562-05,script_generator,
514,45,3,FAC-PROV-2026-00000514,2025-03-21 07:43:54.311953-05,2901.21,435.18,3336.39,2026-07-17 19:22:27.718562-05,2026-07-17 19:22:27.718562-05,script_generator,
1234,45,3,FAC-PROV-2026-00001234,2026-03-12 21:17:15.713098-05,1847.61,277.14,2124.75,2026-07-17 19:22:27.718562-05,2026-07-17 19:22:27.718562-05,script_generator,
854,45,3,FAC-PROV-2026-00000854,2024-01-13 10:43:37.993386-05,1168.86,175.33,1344.18,2026-07-17 19:22:27.718562-05,2026-07-17 19:22:27.718562-05,script_generator,
389,45,3,FAC-PROV-2026-00000389,2025-02-22 11:20:11.064431-05,1156.55,173.48,1330.03,2026-07-17 19:22:27.718562-05,2026-07-17 19:22:27.718562-05,script_generator,
1056,45,3,FAC-PROV-2026-00001056,2024-04-17 07:01:02.039595-05,2212.37,331.86,2544.23,2026-07-17 19:22:27.718562-05,2026-07-17 19:22:27.718562-05,script_generator,
916,45,3,FAC-PROV-2026-00000916,2024-08-28 01:13:36.858292-05,929.59,139.44,1069.02,2026-07-17 19:22:27.718562-05,2026-07-17 19:22:27.718562-05,script_generator,
1471,45,3,FAC-PROV-2026-00001471,2026-01-11 05:55:08.845227-05,1553.78,233.07,1786.85,2026-07-17 19:22:27.718562-05,2026-07-17 19:22:27.718562-05,script_generator,
114,45,3,FAC-PROV-2026-00000114,2025-05-01 09:01:58.957334-05,1733.51,260.03,1993.54,2026-07-17 19:22:27.718562-05,2026-07-17 19:22:27.718562-05,script_generator,
60,45,3,FAC-PROV-2026-00000060,2025-07-31 19:05:46.166255-05,1799.13,269.87,2069.00,2026-07-17 19:22:27.718562-05,2026-07-17 19:22:27.718562-05,script_generator,
754,45,3,FAC-PROV-2026-00000754,2025-12-02 05:33:52.753825-05,1298.64,194.80,1493.44,2026-07-17 19:22:27.718562-05,2026-07-17 19:22:27.718562-05,script_generator,
518,45,3,FAC-PROV-2026-00000518,2025-02-25 05:37:54.475555-05,866.86,130.03,996.89,2026-07-17 19:22:27.718562-05,2026-07-17 19:22:27.718562-05,script_generator,
1299,45,3,FAC-PROV-2026-00001299,2024-04-30 19:38:14.035441-05,1752.34,262.85,2015.19,2026-07-17 19:22:27.718562-05,2026-07-17 19:22:27.718562-05,script_generator,
98,45,3,FAC-PROV-2026-00000098,2024-08-25 10:39:42.290176-05,2189.40,328.41,2517.81,2026-07-17 19:22:27.718562-05,2026-07-17 19:22:27.718562-05,script_generator,
1488,45,3,FAC-PROV-2026-00001488,2025-10-17 16:10:06.413918-05,1352.73,202.91,1555.64,2026-07-17 19:22:27.718562-05,2026-07-17 19:22:27.718562-05,script_generator,
715,45,3,FAC-PROV-2026-00000715,2025-06-02 15:07:27.117406-05,2160.75,324.11,2484.86,2026-07-17 19:22:27.718562-05,2026-07-17 19:22:27.718562-05,script_generator,
235,45,3,FAC-PROV-2026-00000235,2024-01-22 05:47:11.723536-05,834.64,125.20,959.84,2026-07-17 19:22:27.718562-05,2026-07-17 19:22:27.718562-05,script_generator,
1132,45,3,FAC-PROV-2026-00001132,2024-07-20 07:32:22.723298-05,2142.73,321.41,2464.14,2026-07-17 19:22:27.718562-05,2026-07-17 19:22:27.718562-05,script_generator,
763,45,3,FAC-PROV-2026-00000763,2026-06-06 09:37:51.458827-05,2300.79,345.12,2645.90,2026-07-17 19:22:27.718562-05,2026-07-17 19:22:27.718562-05,script_generator,
306,45,3,FAC-PROV-2026-00000306,2024-08-26 07:09:55.378788-05,2272.68,340.90,2613.58,2026-07-17 19:22:27.718562-05,2026-07-17 19:22:27.718562-05,script_generator,
1809,45,3,FAC-PROV-2026-00001809,2026-05-03 17:46:23.049825-05,797.57,119.64,917.20,2026-07-17 19:22:27.718562-05,2026-07-17 19:22:27.718562-05,script_generator,
338,45,3,FAC-PROV-2026-00000338,2026-03-08 00:39:11.389352-05,2319.62,347.94,2667.56,2026-07-17 19:22:27.718562-05,2026-07-17 19:22:27.718562-05,script_generator,
1066,45,3,FAC-PROV-2026-00001066,2025-11-28 10:57:03.086813-05,816.30,122.44,938.74,2026-07-17 19:22:27.718562-05,2026-07-17 19:22:27.718562-05,script_generator,
358,45,3,FAC-PROV-2026-00000358,2026-07-06 20:17:05.149338-05,2837.87,425.68,3263.55,2026-07-17 19:22:27.718562-05,2026-07-17 19:22:27.718562-05,script_generator,
412,45,3,FAC-PROV-2026-00000412,2024-10-11 05:32:09.538726-05,1203.65,180.55,1384.20,2026-07-17 19:22:27.718562-05,2026-07-17 19:22:27.718562-05,script_generator,
26,45,3,FAC-PROV-2026-00000026,2024-08-20 10:24:22.702567-05,2479.48,371.92,2851.40,2026-07-17 19:22:27.718562-05,2026-07-17 19:22:27.718562-05,script_generator,
950,45,3,FAC-PROV-2026-00000950,2024-01-08 23:58:31.405537-05,1567.47,235.12,1802.59,2026-07-17 19:22:27.718562-05,2026-07-17 19:22:27.718562-05,script_generator,
564,45,3,FAC-PROV-2026-00000564,2024-05-08 14:30:18.608503-05,1633.51,245.03,1878.53,2026-07-17 19:22:27.718562-05,2026-07-17 19:22:27.718562-05,script_generator,
72,45,3,FAC-PROV-2026-00000072,2026-04-05 04:46:48.084167-05,834.02,125.10,959.12,2026-07-17 19:22:27.718562-05,2026-07-17 19:22:27.718562-05,script_generator,
1168,45,3,FAC-PROV-2026-00001168,2024-08-15 06:13:10.283173-05,1232.31,184.85,1417.16,2026-07-17 19:22:27.718562-05,2026-07-17 19:22:27.718562-05,script_generator,
1960,45,3,FAC-PROV-2026-00001960,2024-05-06 22:32:58.644887-05,1275.46,191.32,1466.78,2026-07-17 19:22:27.718562-05,2026-07-17 19:22:27.718562-05,script_generator,
1527,45,3,FAC-PROV-2026-00001527,2025-01-20 06:29:58.879966-05,1787.83,268.17,2056.01,2026-07-17 19:22:27.718562-05,2026-07-17 19:22:27.718562-05,script_generator,
1260,45,3,FAC-PROV-2026-00001260,2024-02-21 18:36:11.208582-05,1534.73,230.21,1764.94,2026-07-17 19:22:27.718562-05,2026-07-17 19:22:27.718562-05,script_generator,
232,45,3,FAC-PROV-2026-00000232,2026-01-03 07:46:22.29075-05,1057.45,158.62,1216.06,2026-07-17 19:22:27.718562-05,2026-07-17 19:22:27.718562-05,script_generator,
77,45,3,FAC-PROV-2026-00000077,2026-01-08 21:40:37.734516-05,1134.26,170.14,1304.40,2026-07-17 19:22:27.718562-05,2026-07-17 19:22:27.718562-05,script_generator,
1916,45,3,FAC-PROV-2026-00001916,2025-07-13 06:02:37.830471-05,2885.19,432.78,3317.97,2026-07-17 19:22:27.718562-05,2026-07-17 19:22:27.718562-05,script_generator,
131,45,3,FAC-PROV-2026-00000131,2025-08-27 19:34:42.597682-05,2002.76,300.41,2303.17,2026-07-17 19:22:27.718562-05,2026-07-17 19:22:27.718562-05,script_generator,
310,45,3,FAC-PROV-2026-00000310,2024-11-02 13:16:22.511832-05,2920.92,438.14,3359.05,2026-07-17 19:22:27.718562-05,2026-07-17 19:22:27.718562-05,script_generator,
37,45,3,FAC-PROV-2026-00000037,2025-11-29 08:30:28.828746-05,1335.12,200.27,1535.39,2026-07-17 19:22:27.718562-05,2026-07-17 19:22:27.718562-05,script_generator,
1962,45,3,FAC-PROV-2026-00001962,2024-10-02 12:52:40.120127-05,1089.24,163.39,1252.62,2026-07-17 19:22:27.718562-05,2026-07-17 19:22:27.718562-05,script_generator,
1624,45,3,FAC-PROV-2026-00001624,2025-05-15 08:14:45.12201-05,687.84,103.18,791.02,2026-07-17 19:22:27.718562-05,2026-07-17 19:22:27.718562-05,script_generator,
584,45,3,FAC-PROV-2026-00000584,2024-05-12 22:50:22.692182-05,881.76,132.26,1014.02,2026-07-17 19:22:27.718562-05,2026-07-17 19:22:27.718562-05,script_generator,
1821,45,3,FAC-PROV-2026-00001821,2025-11-22 23:06:46.639023-05,2701.56,405.23,3106.80,2026-07-17 19:22:27.718562-05,2026-07-17 19:22:27.718562-05,script_generator,
1609,45,3,FAC-PROV-2026-00001609,2024-10-21 04:43:22.81262-05,2112.66,316.90,2429.55,2026-07-17 19:22:27.718562-05,2026-07-17 19:22:27.718562-05,script_generator,
806,45,3,FAC-PROV-2026-00000806,2025-12-24 06:36:19.372099-05,2262.84,339.43,2602.27,2026-07-17 19:22:27.718562-05,2026-07-17 19:22:27.718562-05,script_generator,
353,45,3,FAC-PROV-2026-00000353,2025-10-12 04:34:59.139421-05,1295.51,194.33,1489.83,2026-07-17 19:22:27.718562-05,2026-07-17 19:22:27.718562-05,script_generator,
939,45,3,FAC-PROV-2026-00000939,2025-04-29 00:25:18.907014-05,2496.31,374.45,2870.76,2026-07-17 19:22:27.718562-05,2026-07-17 19:22:27.718562-05,script_generator,
834,45,3,FAC-PROV-2026-00000834,2024-03-15 16:24:06.153209-05,873.34,131.00,1004.34,2026-07-17 19:22:27.718562-05,2026-07-17 19:22:27.718562-05,script_generator,
831,45,3,FAC-PROV-2026-00000831,2024-07-24 21:00:12.354034-05,3045.68,456.85,3502.53,2026-07-17 19:22:27.718562-05,2026-07-17 19:22:27.718562-05,script_generator,
813,45,3,FAC-PROV-2026-00000813,2025-01-17 14:10:59.52367-05,2808.06,421.21,3229.27,2026-07-17 19:22:27.718562-05,2026-07-17 19:22:27.718562-05,script_generator,
1164,45,3,FAC-PROV-2026-00001164,2026-04-05 13:20:34.683297-05,1190.04,178.51,1368.55,2026-07-17 19:22:27.718562-05,2026-07-17 19:22:27.718562-05,script_generator,
1298,45,3,FAC-PROV-2026-00001298,2024-11-05 08:50:24.305831-05,911.42,136.71,1048.13,2026-07-17 19:22:27.718562-05,2026-07-17 19:22:27.718562-05,script_generator,
574,45,3,FAC-PROV-2026-00000574,2024-11-27 13:25:46.074497-05,3103.35,465.50,3568.86,2026-07-17 19:22:27.718562-05,2026-07-17 19:22:27.718562-05,script_generator,
1443,45,3,FAC-PROV-2026-00001443,2025-04-05 18:33:00.101213-05,2040.83,306.12,2346.95,2026-07-17 19:22:27.718562-05,2026-07-17 19:22:27.718562-05,script_generator,
225,45,3,FAC-PROV-2026-00000225,2025-12-03 02:55:43.940578-05,1615.29,242.29,1857.59,2026-07-17 19:22:27.718562-05,2026-07-17 19:22:27.718562-05,script_generator,
1344,45,3,FAC-PROV-2026-00001344,2026-07-13 20:05:30.661865-05,2643.60,396.54,3040.14,2026-07-17 19:22:27.718562-05,2026-07-17 19:22:27.718562-05,script_generator,
333,45,3,FAC-PROV-2026-00000333,2024-08-14 09:17:08.275956-05,1415.78,212.37,1628.14,2026-07-17 19:22:27.718562-05,2026-07-17 19:22:27.718562-05,script_generator,
1496,45,3,FAC-PROV-2026-00001496,2025-11-03 04:03:36.273904-05,2310.32,346.55,2656.87,2026-07-17 19:22:27.718562-05,2026-07-17 19:22:27.718562-05,script_generator,
1446,45,3,FAC-PROV-2026-00001446,2025-02-11 21:56:04.228772-05,1686.60,252.99,1939.59,2026-07-17 19:22:27.718562-05,2026-07-17 19:22:27.718562-05,script_generator,
174,45,3,FAC-PROV-2026-00000174,2024-05-10 02:16:47.693627-05,1227.39,184.11,1411.49,2026-07-17 19:22:27.718562-05,2026-07-17 19:22:27.718562-05,script_generator,
45,45,3,FAC-PROV-2026-00000045,2026-03-09 04:27:39.576797-05,1067.31,160.10,1227.41,2026-07-17 19:22:27.718562-05,2026-07-17 19:22:27.718562-05,script_generator,
1375,45,3,FAC-PROV-2026-00001375,2024-12-08 18:11:36.960217-05,2298.89,344.83,2643.72,2026-07-17 19:22:27.718562-05,2026-07-17 19:22:27.718562-05,script_generator,
891,45,3,FAC-PROV-2026-00000891,2025-07-29 23:23:38.933346-05,1137.79,170.67,1308.46,2026-07-17 19:22:27.718562-05,2026-07-17 19:22:27.718562-05,script_generator,
134,45,3,FAC-PROV-2026-00000134,2026-05-16 07:19:32.708288-05,2592.54,388.88,2981.42,2026-07-17 19:22:27.718562-05,2026-07-17 19:22:27.718562-05,script_generator,
1430,45,3,FAC-PROV-2026-00001430,2024-09-13 07:02:30.612542-05,2036.81,305.52,2342.33,2026-07-17 19:22:27.718562-05,2026-07-17 19:22:27.718562-05,script_generator,
1419,45,3,FAC-PROV-2026-00001419,2025-02-20 14:51:07.225464-05,1786.42,267.96,2054.39,2026-07-17 19:22:27.718562-05,2026-07-17 19:22:27.718562-05,script_generator,
1241,45,3,FAC-PROV-2026-00001241,2025-10-14 10:03:52.835704-05,2525.28,378.79,2904.07,2026-07-17 19:22:27.718562-05,2026-07-17 19:22:27.718562-05,script_generator,
1790,45,3,FAC-PROV-2026-00001790,2024-07-26 01:40:29.608105-05,855.24,128.29,983.52,2026-07-17 19:22:27.718562-05,2026-07-17 19:22:27.718562-05,script_generator,
1577,45,3,FAC-PROV-2026-00001577,2025-11-09 16:13:30.484045-05,1558.94,233.84,1792.78,2026-07-17 19:22:27.718562-05,2026-07-17 19:22:27.718562-05,script_generator,
975,45,3,FAC-PROV-2026-00000975,2024-05-29 15:49:59.495883-05,587.67,88.15,675.83,2026-07-17 19:22:27.718562-05,2026-07-17 19:22:27.718562-05,script_generator,
36,45,3,FAC-PROV-2026-00000036,2024-03-12 15:47:42.173332-05,2057.18,308.58,2365.76,2026-07-17 19:22:27.718562-05,2026-07-17 19:22:27.718562-05,script_generator,
1802,45,3,FAC-PROV-2026-00001802,2025-04-06 20:46:55.727757-05,3153.33,473.00,3626.33,2026-07-17 19:22:27.718562-05,2026-07-17 19:22:27.718562-05,script_generator,
102,45,3,FAC-PROV-2026-00000102,2024-04-20 19:53:57.367219-05,2791.81,418.77,3210.58,2026-07-17 19:22:27.718562-05,2026-07-17 19:22:27.718562-05,script_generator,
1292,45,3,FAC-PROV-2026-00001292,2025-03-11 12:39:01.81856-05,1381.88,207.28,1589.16,2026-07-17 19:22:27.718562-05,2026-07-17 19:22:27.718562-05,script_generator,
533,45,3,FAC-PROV-2026-00000533,2026-03-07 09:46:00.41179-05,2299.86,344.98,2644.84,2026-07-17 19:22:27.718562-05,2026-07-17 19:22:27.718562-05,script_generator,
915,45,3,FAC-PROV-2026-00000915,2025-03-09 12:37:04.860137-05,2716.60,407.49,3124.09,2026-07-17 19:22:27.718562-05,2026-07-17 19:22:27.718562-05,script_generator,
1677,45,3,FAC-PROV-2026-00001677,2025-11-13 04:55:05.930102-05,2890.13,433.52,3323.65,2026-07-17 19:22:27.718562-05,2026-07-17 19:22:27.718562-05,script_generator,
207,45,3,FAC-PROV-2026-00000207,2024-09-21 06:26:49.646063-05,2809.16,421.37,3230.53,2026-07-17 19:22:27.718562-05,2026-07-17 19:22:27.718562-05,script_generator,
979,45,3,FAC-PROV-2026-00000979,2025-05-23 12:00:06.496787-05,1000.91,150.14,1151.05,2026-07-17 19:22:27.718562-05,2026-07-17 19:22:27.718562-05,script_generator,
1901,45,3,FAC-PROV-2026-00001901,2025-11-01 15:37:47.046879-05,2646.27,396.94,3043.22,2026-07-17 19:22:27.718562-05,2026-07-17 19:22:27.718562-05,script_generator,
1884,45,3,FAC-PROV-2026-00001884,2024-01-10 15:53:00.869767-05,2671.67,400.75,3072.42,2026-07-17 19:22:27.718562-05,2026-07-17 19:22:27.718562-05,script_generator,
871,45,3,FAC-PROV-2026-00000871,2024-11-19 09:46:44.658718-05,905.89,135.88,1041.77,2026-07-17 19:22:27.718562-05,2026-07-17 19:22:27.718562-05,script_generator,
1410,45,3,FAC-PROV-2026-00001410,2025-11-07 20:12:51.381326-05,1139.82,170.97,1310.79,2026-07-17 19:22:27.718562-05,2026-07-17 19:22:27.718562-05,script_generator,
1758,45,3,FAC-PROV-2026-00001758,2026-01-21 01:51:57.698392-05,2189.76,328.46,2518.23,2026-07-17 19:22:27.718562-05,2026-07-17 19:22:27.718562-05,script_generator,
1996,45,3,FAC-PROV-2026-00001996,2025-04-19 05:08:56.860518-05,2229.73,334.46,2564.19,2026-07-17 19:22:27.718562-05,2026-07-17 19:22:27.718562-05,script_generator,
1442,45,3,FAC-PROV-2026-00001442,2024-03-01 23:33:26.662969-05,1043.11,156.47,1199.57,2026-07-17 19:22:27.718562-05,2026-07-17 19:22:27.718562-05,script_generator,
365,45,3,FAC-PROV-2026-00000365,2024-07-20 13:46:10.66526-05,1181.11,177.17,1358.27,2026-07-17 19:22:27.718562-05,2026-07-17 19:22:27.718562-05,script_generator,
704,45,3,FAC-PROV-2026-00000704,2024-03-18 15:20:35.26926-05,2277.70,341.66,2619.36,2026-07-17 19:22:27.718562-05,2026-07-17 19:22:27.718562-05,script_generator,
157,45,3,FAC-PROV-2026-00000157,2025-01-16 06:00:54.085558-05,1142.83,171.42,1314.25,2026-07-17 19:22:27.718562-05,2026-07-17 19:22:27.718562-05,script_generator,
1559,45,3,FAC-PROV-2026-00001559,2024-08-30 09:51:32.69924-05,1324.75,198.71,1523.47,2026-07-17 19:22:27.718562-05,2026-07-17 19:22:27.718562-05,script_generator,
1909,45,3,FAC-PROV-2026-00001909,2024-11-23 19:52:11.450831-05,2638.59,395.79,3034.38,2026-07-17 19:22:27.718562-05,2026-07-17 19:22:27.718562-05,script_generator,
618,45,3,FAC-PROV-2026-00000618,2024-06-21 07:14:16.95486-05,2011.75,301.76,2313.51,2026-07-17 19:22:27.718562-05,2026-07-17 19:22:27.718562-05,script_generator,
1851,45,3,FAC-PROV-2026-00001851,2025-07-02 04:33:53.108967-05,2907.80,436.17,3343.97,2026-07-17 19:22:27.718562-05,2026-07-17 19:22:27.718562-05,script_generator,
313,45,3,FAC-PROV-2026-00000313,2026-05-28 12:03:19.062272-05,1391.09,208.66,1599.76,2026-07-17 19:22:27.718562-05,2026-07-17 19:22:27.718562-05,script_generator,
1080,45,3,FAC-PROV-2026-00001080,2025-03-30 06:44:48.991095-05,2083.34,312.50,2395.84,2026-07-17 19:22:27.718562-05,2026-07-17 19:22:27.718562-05,script_generator,
140,45,3,FAC-PROV-2026-00000140,2026-03-01 14:18:35.675675-05,1902.90,285.43,2188.33,2026-07-17 19:22:27.718562-05,2026-07-17 19:22:27.718562-05,script_generator,
137,45,3,FAC-PROV-2026-00000137,2024-06-10 20:33:44.343842-05,2588.67,388.30,2976.97,2026-07-17 19:22:27.718562-05,2026-07-17 19:22:27.718562-05,script_generator,
392,45,3,FAC-PROV-2026-00000392,2025-04-17 04:07:01.892458-05,2608.21,391.23,2999.45,2026-07-17 19:22:27.718562-05,2026-07-17 19:22:27.718562-05,script_generator,
191,45,3,FAC-PROV-2026-00000191,2025-08-04 21:41:45.868083-05,1566.53,234.98,1801.51,2026-07-17 19:22:27.718562-05,2026-07-17 19:22:27.718562-05,script_generator,
1972,45,3,FAC-PROV-2026-00001972,2024-03-04 23:08:35.241287-05,1763.97,264.59,2028.56,2026-07-17 19:22:27.718562-05,2026-07-17 19:22:27.718562-05,script_generator,
760,45,3,FAC-PROV-2026-00000760,2026-05-28 04:05:08.188311-05,1235.16,185.27,1420.43,2026-07-17 19:22:27.718562-05,2026-07-17 19:22:27.718562-05,script_generator,
1539,45,3,FAC-PROV-2026-00001539,2024-11-26 15:02:21.248689-05,1348.63,202.29,1550.92,2026-07-17 19:22:27.718562-05,2026-07-17 19:22:27.718562-05,script_generator,
218,45,3,FAC-PROV-2026-00000218,2026-04-18 05:11:02.958882-05,1424.14,213.62,1637.76,2026-07-17 19:22:27.718562-05,2026-07-17 19:22:27.718562-05,script_generator,
1515,45,3,FAC-PROV-2026-00001515,2024-08-26 13:58:03.948293-05,1644.66,246.70,1891.36,2026-07-17 19:22:27.718562-05,2026-07-17 19:22:27.718562-05,script_generator,
1500,45,3,FAC-PROV-2026-00001500,2025-10-25 09:04:51.042119-05,2199.41,329.91,2529.32,2026-07-17 19:22:27.718562-05,2026-07-17 19:22:27.718562-05,script_generator,
1736,45,3,FAC-PROV-2026-00001736,2024-11-30 01:20:01.540458-05,2599.33,389.90,2989.23,2026-07-17 19:22:27.718562-05,2026-07-17 19:22:27.718562-05,script_generator,
671,45,3,FAC-PROV-2026-00000671,2024-03-30 00:35:18.949393-05,2179.89,326.98,2506.87,2026-07-17 19:22:27.718562-05,2026-07-17 19:22:27.718562-05,script_generator,
580,45,3,FAC-PROV-2026-00000580,2025-10-09 17:22:22.316444-05,1476.25,221.44,1697.69,2026-07-17 19:22:27.718562-05,2026-07-17 19:22:27.718562-05,script_generator,
1131,45,3,FAC-PROV-2026-00001131,2025-04-05 11:41:41.160918-05,1251.13,187.67,1438.79,2026-07-17 19:22:27.718562-05,2026-07-17 19:22:27.718562-05,script_generator,
1625,45,3,FAC-PROV-2026-00001625,2024-02-10 02:43:53.914499-05,1172.26,175.84,1348.10,2026-07-17 19:22:27.718562-05,2026-07-17 19:22:27.718562-05,script_generator,
742,45,3,FAC-PROV-2026-00000742,2025-04-03 23:17:26.951601-05,2287.20,343.08,2630.27,2026-07-17 19:22:27.718562-05,2026-07-17 19:22:27.718562-05,script_generator,
912,45,3,FAC-PROV-2026-00000912,2024-12-04 23:24:44.200226-05,2549.05,382.36,2931.41,2026-07-17 19:22:27.718562-05,2026-07-17 19:22:27.718562-05,script_generator,
1478,45,3,FAC-PROV-2026-00001478,2024-01-20 19:34:46.890418-05,2303.14,345.47,2648.61,2026-07-17 19:22:27.718562-05,2026-07-17 19:22:27.718562-05,script_generator,
1964,45,3,FAC-PROV-2026-00001964,2024-06-01 21:17:33.424355-05,1823.61,273.54,2097.15,2026-07-17 19:22:27.718562-05,2026-07-17 19:22:27.718562-05,script_generator,
938,45,3,FAC-PROV-2026-00000938,2024-06-09 19:51:49.067436-05,1657.49,248.62,1906.11,2026-07-17 19:22:27.718562-05,2026-07-17 19:22:27.718562-05,script_generator,
1158,45,3,FAC-PROV-2026-00001158,2025-01-26 11:09:46.732688-05,1740.90,261.13,2002.03,2026-07-17 19:22:27.718562-05,2026-07-17 19:22:27.718562-05,script_generator,
1037,45,3,FAC-PROV-2026-00001037,2025-02-26 22:47:48.279243-05,2093.52,314.03,2407.55,2026-07-17 19:22:27.718562-05,2026-07-17 19:22:27.718562-05,script_generator,
184,45,3,FAC-PROV-2026-00000184,2026-05-29 18:39:05.331116-05,1006.33,150.95,1157.28,2026-07-17 19:22:27.718562-05,2026-07-17 19:22:27.718562-05,script_generator,
87,45,3,FAC-PROV-2026-00000087,2026-05-24 09:52:31.657724-05,828.90,124.34,953.24,2026-07-17 19:22:27.718562-05,2026-07-17 19:22:27.718562-05,script_generator,
753,45,3,FAC-PROV-2026-00000753,2025-07-12 17:50:57.840987-05,2675.14,401.27,3076.41,2026-07-17 19:22:27.718562-05,2026-07-17 19:22:27.718562-05,script_generator,
1300,45,3,FAC-PROV-2026-00001300,2025-05-29 16:01:15.873199-05,2625.30,393.80,3019.10,2026-07-17 19:22:27.718562-05,2026-07-17 19:22:27.718562-05,script_generator,
550,45,3,FAC-PROV-2026-00000550,2024-07-17 18:56:49.38357-05,2462.81,369.42,2832.24,2026-07-17 19:22:27.718562-05,2026-07-17 19:22:27.718562-05,script_generator,
394,45,3,FAC-PROV-2026-00000394,2025-08-08 13:33:14.238592-05,1610.14,241.52,1851.66,2026-07-17 19:22:27.718562-05,2026-07-17 19:22:27.718562-05,script_generator,
272,45,3,FAC-PROV-2026-00000272,2024-07-01 01:10:19.543875-05,2218.61,332.79,2551.40,2026-07-17 19:22:27.718562-05,2026-07-17 19:22:27.718562-05,script_generator,
1437,45,3,FAC-PROV-2026-00001437,2024-09-02 00:10:49.602812-05,2659.96,398.99,3058.95,2026-07-17 19:22:27.718562-05,2026-07-17 19:22:27.718562-05,script_generator,
867,45,3,FAC-PROV-2026-00000867,2025-06-03 20:18:50.210551-05,2311.28,346.69,2657.98,2026-07-17 19:22:27.718562-05,2026-07-17 19:22:27.718562-05,script_generator,
190,45,3,FAC-PROV-2026-00000190,2024-03-21 19:25:48.091476-05,2215.77,332.37,2548.13,2026-07-17 19:22:27.718562-05,2026-07-17 19:22:27.718562-05,script_generator,
554,45,3,FAC-PROV-2026-00000554,2026-01-04 15:52:10.069106-05,2872.51,430.88,3303.39,2026-07-17 19:22:27.718562-05,2026-07-17 19:22:27.718562-05,script_generator,
424,45,3,FAC-PROV-2026-00000424,2024-03-03 10:17:02.195913-05,1830.03,274.50,2104.53,2026-07-17 19:22:27.718562-05,2026-07-17 19:22:27.718562-05,script_generator,
670,45,3,FAC-PROV-2026-00000670,2025-07-18 15:02:41.917989-05,2170.24,325.54,2495.78,2026-07-17 19:22:27.718562-05,2026-07-17 19:22:27.718562-05,script_generator,
1933,45,3,FAC-PROV-2026-00001933,2026-01-11 11:20:07.395947-05,2650.01,397.50,3047.51,2026-07-17 19:22:27.718562-05,2026-07-17 19:22:27.718562-05,script_generator,
309,45,3,FAC-PROV-2026-00000309,2024-09-10 06:14:56.294227-05,2285.18,342.78,2627.95,2026-07-17 19:22:27.718562-05,2026-07-17 19:22:27.718562-05,script_generator,
1612,45,3,FAC-PROV-2026-00001612,2026-01-29 15:10:07.33658-05,2730.28,409.54,3139.82,2026-07-17 19:22:27.718562-05,2026-07-17 19:22:27.718562-05,script_generator,
1854,45,3,FAC-PROV-2026-00001854,2025-08-23 13:32:13.70022-05,1265.99,189.90,1455.89,2026-07-17 19:22:27.718562-05,2026-07-17 19:22:27.718562-05,script_generator,
509,45,3,FAC-PROV-2026-00000509,2025-04-24 12:41:09.80938-05,962.58,144.39,1106.97,2026-07-17 19:22:27.718562-05,2026-07-17 19:22:27.718562-05,script_generator,
1366,45,3,FAC-PROV-2026-00001366,2026-05-26 05:04:51.331891-05,879.77,131.97,1011.73,2026-07-17 19:22:27.718562-05,2026-07-17 19:22:27.718562-05,script_generator,
1067,45,3,FAC-PROV-2026-00001067,2025-08-26 09:38:13.598367-05,1614.27,242.14,1856.41,2026-07-17 19:22:27.718562-05,2026-07-17 19:22:27.718562-05,script_generator,
156,45,3,FAC-PROV-2026-00000156,2026-03-11 08:38:06.775823-05,1035.23,155.28,1190.52,2026-07-17 19:22:27.718562-05,2026-07-17 19:22:27.718562-05,script_generator,
1599,45,3,FAC-PROV-2026-00001599,2025-11-08 05:30:50.199763-05,1305.88,195.88,1501.76,2026-07-17 19:22:27.718562-05,2026-07-17 19:22:27.718562-05,script_generator,
1408,45,3,FAC-PROV-2026-00001408,2025-11-19 00:40:12.795581-05,979.57,146.94,1126.50,2026-07-17 19:22:27.718562-05,2026-07-17 19:22:27.718562-05,script_generator,
641,45,3,FAC-PROV-2026-00000641,2024-03-26 12:19:50.80765-05,2856.71,428.51,3285.22,2026-07-17 19:22:27.718562-05,2026-07-17 19:22:27.718562-05,script_generator,
475,45,3,FAC-PROV-2026-00000475,2024-09-01 09:57:42.138213-05,1715.92,257.39,1973.31,2026-07-17 19:22:27.718562-05,2026-07-17 19:22:27.718562-05,script_generator,
1475,45,3,FAC-PROV-2026-00001475,2025-12-12 23:05:29.316121-05,1724.52,258.68,1983.20,2026-07-17 19:22:27.718562-05,2026-07-17 19:22:27.718562-05,script_generator,
888,45,3,FAC-PROV-2026-00000888,2026-03-21 01:17:45.461809-05,1108.75,166.31,1275.06,2026-07-17 19:22:27.718562-05,2026-07-17 19:22:27.718562-05,script_generator,
1235,45,3,FAC-PROV-2026-00001235,2024-09-13 08:28:37.890039-05,1245.79,186.87,1432.66,2026-07-17 19:22:27.718562-05,2026-07-17 19:22:27.718562-05,script_generator,
282,45,3,FAC-PROV-2026-00000282,2024-05-23 00:53:33.135978-05,2206.10,330.91,2537.01,2026-07-17 19:22:27.718562-05,2026-07-17 19:22:27.718562-05,script_generator,
1604,45,3,FAC-PROV-2026-00001604,2024-05-25 01:03:23.363334-05,2341.82,351.27,2693.09,2026-07-17 19:22:27.718562-05,2026-07-17 19:22:27.718562-05,script_generator,
502,45,3,FAC-PROV-2026-00000502,2025-05-31 21:12:35.734287-05,1856.42,278.46,2134.88,2026-07-17 19:22:27.718562-05,2026-07-17 19:22:27.718562-05,script_generator,
1872,45,3,FAC-PROV-2026-00001872,2025-12-25 10:58:06.585626-05,1741.83,261.27,2003.10,2026-07-17 19:22:27.718562-05,2026-07-17 19:22:27.718562-05,script_generator,
117,45,3,FAC-PROV-2026-00000117,2026-01-19 04:47:33.029227-05,1249.69,187.45,1437.14,2026-07-17 19:22:27.718562-05,2026-07-17 19:22:27.718562-05,script_generator,
257,45,3,FAC-PROV-2026-00000257,2024-11-01 09:10:41.939467-05,2677.26,401.59,3078.85,2026-07-17 19:22:27.718562-05,2026-07-17 19:22:27.718562-05,script_generator,
40,45,3,FAC-PROV-2026-00000040,2026-07-03 17:09:00.351597-05,913.19,136.98,1050.16,2026-07-17 19:22:27.718562-05,2026-07-17 19:22:27.718562-05,script_generator,
1122,45,3,FAC-PROV-2026-00001122,2024-08-08 16:27:05.954098-05,2153.09,322.96,2476.05,2026-07-17 19:22:27.718562-05,2026-07-17 19:22:27.718562-05,script_generator,
1485,45,3,FAC-PROV-2026-00001485,2025-06-20 05:14:57.430114-05,2012.40,301.86,2314.26,2026-07-17 19:22:27.718562-05,2026-07-17 19:22:27.718562-05,script_generator,
1258,45,3,FAC-PROV-2026-00001258,2025-08-11 17:21:42.728252-05,2659.26,398.89,3058.15,2026-07-17 19:22:27.718562-05,2026-07-17 19:22:27.718562-05,script_generator,
1166,45,3,FAC-PROV-2026-00001166,2026-03-27 07:41:03.95074-05,1641.92,246.29,1888.21,2026-07-17 19:22:27.718562-05,2026-07-17 19:22:27.718562-05,script_generator,
1637,45,3,FAC-PROV-2026-00001637,2024-03-25 04:41:25.460316-05,2574.30,386.15,2960.45,2026-07-17 19:22:27.718562-05,2026-07-17 19:22:27.718562-05,script_generator,
1519,45,3,FAC-PROV-2026-00001519,2024-05-15 04:59:27.535074-05,1158.96,173.84,1332.80,2026-07-17 19:22:27.718562-05,2026-07-17 19:22:27.718562-05,script_generator,
914,45,3,FAC-PROV-2026-00000914,2025-02-27 17:47:35.081961-05,1214.50,182.18,1396.68,2026-07-17 19:22:27.718562-05,2026-07-17 19:22:27.718562-05,script_generator,
728,45,3,FAC-PROV-2026-00000728,2025-07-12 23:27:06.945098-05,2439.48,365.92,2805.41,2026-07-17 19:22:27.718562-05,2026-07-17 19:22:27.718562-05,script_generator,
1150,45,3,FAC-PROV-2026-00001150,2024-09-25 02:45:46.027777-05,2752.99,412.95,3165.94,2026-07-17 19:22:27.718562-05,2026-07-17 19:22:27.718562-05,script_generator,
1119,45,3,FAC-PROV-2026-00001119,2024-07-18 23:42:28.377379-05,1057.79,158.67,1216.46,2026-07-17 19:22:27.718562-05,2026-07-17 19:22:27.718562-05,script_generator,
506,45,3,FAC-PROV-2026-00000506,2025-06-17 16:42:13.825514-05,1999.19,299.88,2299.07,2026-07-17 19:22:27.718562-05,2026-07-17 19:22:27.718562-05,script_generator,
1501,45,3,FAC-PROV-2026-00001501,2025-06-18 05:15:23.751477-05,1889.59,283.44,2173.03,2026-07-17 19:22:27.718562-05,2026-07-17 19:22:27.718562-05,script_generator,
331,45,3,FAC-PROV-2026-00000331,2024-07-31 10:16:27.998095-05,1899.50,284.93,2184.43,2026-07-17 19:22:27.718562-05,2026-07-17 19:22:27.718562-05,script_generator,
1578,45,3,FAC-PROV-2026-00001578,2025-05-08 15:34:17.297198-05,776.36,116.45,892.82,2026-07-17 19:22:27.718562-05,2026-07-17 19:22:27.718562-05,script_generator,
913,45,3,FAC-PROV-2026-00000913,2026-06-14 20:59:01.208303-05,1613.47,242.02,1855.49,2026-07-17 19:22:27.718562-05,2026-07-17 19:22:27.718562-05,script_generator,
599,45,3,FAC-PROV-2026-00000599,2024-09-25 16:45:18.095667-05,2878.02,431.70,3309.72,2026-07-17 19:22:27.718562-05,2026-07-17 19:22:27.718562-05,script_generator,
1468,45,3,FAC-PROV-2026-00001468,2025-09-11 03:30:47.203956-05,1668.39,250.26,1918.65,2026-07-17 19:22:27.718562-05,2026-07-17 19:22:27.718562-05,script_generator,
1464,45,3,FAC-PROV-2026-00001464,2025-06-20 16:54:41.838571-05,2275.13,341.27,2616.40,2026-07-17 19:22:27.718562-05,2026-07-17 19:22:27.718562-05,script_generator,
1486,45,3,FAC-PROV-2026-00001486,2024-06-17 01:31:54.331472-05,1276.22,191.43,1467.65,2026-07-17 19:22:27.718562-05,2026-07-17 19:22:27.718562-05,script_generator,
1461,45,3,FAC-PROV-2026-00001461,2026-05-15 23:41:50.381905-05,2651.55,397.73,3049.29,2026-07-17 19:22:27.718562-05,2026-07-17 19:22:27.718562-05,script_generator,
1525,45,3,FAC-PROV-2026-00001525,2025-09-16 02:12:28.676363-05,1600.52,240.08,1840.60,2026-07-17 19:22:27.718562-05,2026-07-17 19:22:27.718562-05,script_generator,
698,45,3,FAC-PROV-2026-00000698,2026-04-17 08:02:07.309092-05,2317.32,347.60,2664.92,2026-07-17 19:22:27.718562-05,2026-07-17 19:22:27.718562-05,script_generator,
466,45,3,FAC-PROV-2026-00000466,2024-11-09 23:41:25.063874-05,2686.66,403.00,3089.66,2026-07-17 19:22:27.718562-05,2026-07-17 19:22:27.718562-05,script_generator,
201,45,3,FAC-PROV-2026-00000201,2025-03-07 08:06:26.474489-05,1064.67,159.70,1224.37,2026-07-17 19:22:27.718562-05,2026-07-17 19:22:27.718562-05,script_generator,
1617,45,3,FAC-PROV-2026-00001617,2026-07-05 06:15:10.65259-05,2123.75,318.56,2442.31,2026-07-17 19:22:27.718562-05,2026-07-17 19:22:27.718562-05,script_generator,
1201,45,3,FAC-PROV-2026-00001201,2025-11-09 19:36:02.673266-05,1064.76,159.71,1224.48,2026-07-17 19:22:27.718562-05,2026-07-17 19:22:27.718562-05,script_generator,
1778,45,3,FAC-PROV-2026-00001778,2024-05-31 01:42:56.673192-05,2142.07,321.31,2463.38,2026-07-17 19:22:27.718562-05,2026-07-17 19:22:27.718562-05,script_generator,
1314,45,3,FAC-PROV-2026-00001314,2026-06-02 20:34:54.79882-05,2760.29,414.04,3174.33,2026-07-17 19:22:27.718562-05,2026-07-17 19:22:27.718562-05,script_generator,
1196,45,3,FAC-PROV-2026-00001196,2025-09-20 21:46:25.050849-05,1072.55,160.88,1233.43,2026-07-17 19:22:27.718562-05,2026-07-17 19:22:27.718562-05,script_generator,
446,45,3,FAC-PROV-2026-00000446,2024-11-17 02:36:01.62749-05,2055.93,308.39,2364.32,2026-07-17 19:22:27.718562-05,2026-07-17 19:22:27.718562-05,script_generator,
749,45,3,FAC-PROV-2026-00000749,2025-11-13 12:52:06.402337-05,2670.96,400.64,3071.60,2026-07-17 19:22:27.718562-05,2026-07-17 19:22:27.718562-05,script_generator,
86,45,3,FAC-PROV-2026-00000086,2026-04-03 11:34:14.68924-05,1340.91,201.14,1542.05,2026-07-17 19:22:27.718562-05,2026-07-17 19:22:27.718562-05,script_generator,
920,45,3,FAC-PROV-2026-00000920,2026-04-13 16:27:34.896652-05,1801.75,270.26,2072.01,2026-07-17 19:22:27.718562-05,2026-07-17 19:22:27.718562-05,script_generator,
1843,45,3,FAC-PROV-2026-00001843,2025-05-05 16:16:10.879194-05,1639.94,245.99,1885.93,2026-07-17 19:22:27.718562-05,2026-07-17 19:22:27.718562-05,script_generator,
1058,45,3,FAC-PROV-2026-00001058,2025-12-26 02:34:20.04646-05,1044.54,156.68,1201.22,2026-07-17 19:22:27.718562-05,2026-07-17 19:22:27.718562-05,script_generator,
219,45,3,FAC-PROV-2026-00000219,2026-01-25 23:48:57.242218-05,1668.86,250.33,1919.18,2026-07-17 19:22:27.718562-05,2026-07-17 19:22:27.718562-05,script_generator,
231,45,3,FAC-PROV-2026-00000231,2025-11-26 21:53:31.272808-05,1440.71,216.11,1656.81,2026-07-17 19:22:27.718562-05,2026-07-17 19:22:27.718562-05,script_generator,
1213,45,3,FAC-PROV-2026-00001213,2024-10-25 10:58:46.060242-05,1182.01,177.30,1359.31,2026-07-17 19:22:27.718562-05,2026-07-17 19:22:27.718562-05,script_generator,
873,45,3,FAC-PROV-2026-00000873,2025-01-23 16:53:45.825839-05,2436.96,365.54,2802.50,2026-07-17 19:22:27.718562-05,2026-07-17 19:22:27.718562-05,script_generator,
1803,45,3,FAC-PROV-2026-00001803,2025-02-28 03:57:05.880734-05,2200.65,330.10,2530.75,2026-07-17 19:22:27.718562-05,2026-07-17 19:22:27.718562-05,script_generator,
1505,45,3,FAC-PROV-2026-00001505,2024-10-26 02:14:44.768473-05,2299.06,344.86,2643.92,2026-07-17 19:22:27.718562-05,2026-07-17 19:22:27.718562-05,script_generator,
1311,45,3,FAC-PROV-2026-00001311,2025-05-26 07:00:26.326785-05,1511.81,226.77,1738.58,2026-07-17 19:22:27.718562-05,2026-07-17 19:22:27.718562-05,script_generator,
414,45,3,FAC-PROV-2026-00000414,2026-02-10 06:31:59.294631-05,1106.11,165.92,1272.02,2026-07-17 19:22:27.718562-05,2026-07-17 19:22:27.718562-05,script_generator,
640,45,3,FAC-PROV-2026-00000640,2025-09-26 23:11:31.828732-05,1883.41,282.51,2165.92,2026-07-17 19:22:27.718562-05,2026-07-17 19:22:27.718562-05,script_generator,
1053,45,3,FAC-PROV-2026-00001053,2024-04-25 06:00:53.286606-05,3174.86,476.23,3651.09,2026-07-17 19:22:27.718562-05,2026-07-17 19:22:27.718562-05,script_generator,
1452,45,3,FAC-PROV-2026-00001452,2024-09-14 16:32:35.702468-05,1092.98,163.95,1256.93,2026-07-17 19:22:27.718562-05,2026-07-17 19:22:27.718562-05,script_generator,
735,45,3,FAC-PROV-2026-00000735,2026-02-15 17:48:33.208562-05,1004.76,150.71,1155.47,2026-07-17 19:22:27.718562-05,2026-07-17 19:22:27.718562-05,script_generator,
1813,45,3,FAC-PROV-2026-00001813,2025-08-08 00:31:13.820907-05,2902.30,435.35,3337.65,2026-07-17 19:22:27.718562-05,2026-07-17 19:22:27.718562-05,script_generator,
166,45,3,FAC-PROV-2026-00000166,2024-11-17 04:40:21.732372-05,1547.61,232.14,1779.76,2026-07-17 19:22:27.718562-05,2026-07-17 19:22:27.718562-05,script_generator,
1846,45,3,FAC-PROV-2026-00001846,2026-05-30 21:23:58.479478-05,3043.68,456.55,3500.23,2026-07-17 19:22:27.718562-05,2026-07-17 19:22:27.718562-05,script_generator,
1648,45,3,FAC-PROV-2026-00001648,2025-03-12 04:54:06.408958-05,2680.30,402.05,3082.35,2026-07-17 19:22:27.718562-05,2026-07-17 19:22:27.718562-05,script_generator,
410,45,3,FAC-PROV-2026-00000410,2024-03-12 03:10:23.674883-05,2783.66,417.55,3201.21,2026-07-17 19:22:27.718562-05,2026-07-17 19:22:27.718562-05,script_generator,
1381,45,3,FAC-PROV-2026-00001381,2025-02-07 02:04:15.17725-05,2057.71,308.66,2366.37,2026-07-17 19:22:27.718562-05,2026-07-17 19:22:27.718562-05,script_generator,
381,45,3,FAC-PROV-2026-00000381,2026-02-22 18:19:35.48613-05,1053.82,158.07,1211.89,2026-07-17 19:22:27.718562-05,2026-07-17 19:22:27.718562-05,script_generator,
597,45,3,FAC-PROV-2026-00000597,2025-06-14 06:37:11.369312-05,1439.48,215.92,1655.40,2026-07-17 19:22:27.718562-05,2026-07-17 19:22:27.718562-05,script_generator,
1291,45,3,FAC-PROV-2026-00001291,2026-07-01 18:25:33.176411-05,2032.28,304.84,2337.12,2026-07-17 19:22:27.718562-05,2026-07-17 19:22:27.718562-05,script_generator,
193,45,3,FAC-PROV-2026-00000193,2025-02-22 18:42:26.026366-05,2698.77,404.82,3103.58,2026-07-17 19:22:27.718562-05,2026-07-17 19:22:27.718562-05,script_generator,
1435,45,3,FAC-PROV-2026-00001435,2024-10-12 19:40:36.300327-05,1966.34,294.95,2261.29,2026-07-17 19:22:27.718562-05,2026-07-17 19:22:27.718562-05,script_generator,
1012,45,3,FAC-PROV-2026-00001012,2025-03-28 11:34:40.581863-05,2470.66,370.60,2841.26,2026-07-17 19:22:27.718562-05,2026-07-17 19:22:27.718562-05,script_generator,
730,45,3,FAC-PROV-2026-00000730,2025-04-14 10:26:38.149428-05,2060.28,309.04,2369.33,2026-07-17 19:22:27.718562-05,2026-07-17 19:22:27.718562-05,script_generator,
548,45,3,FAC-PROV-2026-00000548,2025-10-10 12:02:44.391579-05,2993.72,449.06,3442.77,2026-07-17 19:22:27.718562-05,2026-07-17 19:22:27.718562-05,script_generator,
1087,45,3,FAC-PROV-2026-00001087,2024-07-28 17:20:15.503551-05,3101.12,465.17,3566.28,2026-07-17 19:22:27.718562-05,2026-07-17 19:22:27.718562-05,script_generator,
1769,45,3,FAC-PROV-2026-00001769,2026-06-19 00:23:31.212072-05,1676.14,251.42,1927.56,2026-07-17 19:22:27.718562-05,2026-07-17 19:22:27.718562-05,script_generator,
1457,45,3,FAC-PROV-2026-00001457,2026-05-25 10:48:06.068624-05,2408.68,361.30,2769.98,2026-07-17 19:22:27.718562-05,2026-07-17 19:22:27.718562-05,script_generator,
1902,45,3,FAC-PROV-2026-00001902,2024-03-30 08:03:47.113497-05,2667.01,400.05,3067.06,2026-07-17 19:22:27.718562-05,2026-07-17 19:22:27.718562-05,script_generator,
1635,45,3,FAC-PROV-2026-00001635,2024-04-29 23:02:59.404485-05,855.41,128.31,983.72,2026-07-17 19:22:27.718562-05,2026-07-17 19:22:27.718562-05,script_generator,
709,45,3,FAC-PROV-2026-00000709,2024-02-11 14:29:44.868742-05,1897.91,284.69,2182.60,2026-07-17 19:22:27.718562-05,2026-07-17 19:22:27.718562-05,script_generator,
47,45,3,FAC-PROV-2026-00000047,2026-05-05 04:27:33.687495-05,1101.33,165.20,1266.53,2026-07-17 19:22:27.718562-05,2026-07-17 19:22:27.718562-05,script_generator,
1105,45,3,FAC-PROV-2026-00001105,2024-07-23 07:51:14.830157-05,852.13,127.82,979.95,2026-07-17 19:22:27.718562-05,2026-07-17 19:22:27.718562-05,script_generator,
886,45,3,FAC-PROV-2026-00000886,2024-05-15 00:14:58.134775-05,939.96,140.99,1080.95,2026-07-17 19:22:27.718562-05,2026-07-17 19:22:27.718562-05,script_generator,
177,45,3,FAC-PROV-2026-00000177,2025-01-23 16:20:21.061005-05,2128.93,319.34,2448.27,2026-07-17 19:22:27.718562-05,2026-07-17 19:22:27.718562-05,script_generator,
727,45,3,FAC-PROV-2026-00000727,2024-12-18 05:27:21.254313-05,1198.27,179.74,1378.01,2026-07-17 19:22:27.718562-05,2026-07-17 19:22:27.718562-05,script_generator,
1405,45,3,FAC-PROV-2026-00001405,2025-05-29 10:51:48.614152-05,1193.81,179.07,1372.88,2026-07-17 19:22:27.718562-05,2026-07-17 19:22:27.718562-05,script_generator,
810,45,3,FAC-PROV-2026-00000810,2024-10-31 11:11:00.671331-05,925.00,138.75,1063.75,2026-07-17 19:22:27.718562-05,2026-07-17 19:22:27.718562-05,script_generator,
1231,45,3,FAC-PROV-2026-00001231,2024-06-06 03:11:21.742744-05,2354.67,353.20,2707.87,2026-07-17 19:22:27.718562-05,2026-07-17 19:22:27.718562-05,script_generator,
1276,45,3,FAC-PROV-2026-00001276,2025-02-09 15:32:08.406218-05,1959.34,293.90,2253.24,2026-07-17 19:22:27.718562-05,2026-07-17 19:22:27.718562-05,script_generator,
1117,45,3,FAC-PROV-2026-00001117,2025-07-30 12:31:37.467-05,2115.29,317.29,2432.59,2026-07-17 19:22:27.718562-05,2026-07-17 19:22:27.718562-05,script_generator,
110,45,3,FAC-PROV-2026-00000110,2024-12-19 00:04:53.059864-05,1730.29,259.54,1989.84,2026-07-17 19:22:27.718562-05,2026-07-17 19:22:27.718562-05,script_generator,
1710,45,3,FAC-PROV-2026-00001710,2024-04-26 06:29:25.164129-05,2009.68,301.45,2311.13,2026-07-17 19:22:27.718562-05,2026-07-17 19:22:27.718562-05,script_generator,
145,45,3,FAC-PROV-2026-00000145,2024-09-16 08:49:23.742081-05,2435.42,365.31,2800.74,2026-07-17 19:22:27.718562-05,2026-07-17 19:22:27.718562-05,script_generator,
557,45,3,FAC-PROV-2026-00000557,2024-09-04 04:39:19.68171-05,788.11,118.22,906.33,2026-07-17 19:22:27.718562-05,2026-07-17 19:22:27.718562-05,script_generator,
485,45,3,FAC-PROV-2026-00000485,2024-08-30 19:37:07.004296-05,1669.92,250.49,1920.41,2026-07-17 19:22:27.718562-05,2026-07-17 19:22:27.718562-05,script_generator,
1439,45,3,FAC-PROV-2026-00001439,2025-01-26 13:23:41.818771-05,2281.84,342.28,2624.11,2026-07-17 19:22:27.718562-05,2026-07-17 19:22:27.718562-05,script_generator,
1388,45,3,FAC-PROV-2026-00001388,2026-07-12 03:00:08.692693-05,2538.37,380.76,2919.12,2026-07-17 19:22:27.718562-05,2026-07-17 19:22:27.718562-05,script_generator,
1081,45,3,FAC-PROV-2026-00001081,2025-06-19 19:12:19.824629-05,1563.38,234.51,1797.89,2026-07-17 19:22:27.718562-05,2026-07-17 19:22:27.718562-05,script_generator,
1315,45,3,FAC-PROV-2026-00001315,2024-01-21 12:32:21.819691-05,1475.23,221.29,1696.52,2026-07-17 19:22:27.718562-05,2026-07-17 19:22:27.718562-05,script_generator,
1102,45,3,FAC-PROV-2026-00001102,2024-04-22 10:53:23.568212-05,1636.84,245.53,1882.36,2026-07-17 19:22:27.718562-05,2026-07-17 19:22:27.718562-05,script_generator,
1453,45,3,FAC-PROV-2026-00001453,2026-05-08 09:10:23.444383-05,1139.21,170.88,1310.09,2026-07-17 19:22:27.718562-05,2026-07-17 19:22:27.718562-05,script_generator,
1198,45,3,FAC-PROV-2026-00001198,2024-08-12 16:20:45.670626-05,2658.61,398.79,3057.40,2026-07-17 19:22:27.718562-05,2026-07-17 19:22:27.718562-05,script_generator,
341,45,3,FAC-PROV-2026-00000341,2024-10-07 15:28:22.883292-05,2431.42,364.71,2796.13,2026-07-17 19:22:27.718562-05,2026-07-17 19:22:27.718562-05,script_generator,
1506,45,3,FAC-PROV-2026-00001506,2025-08-16 04:51:14.880915-05,2021.43,303.21,2324.64,2026-07-17 19:22:27.718562-05,2026-07-17 19:22:27.718562-05,script_generator,
1195,45,3,FAC-PROV-2026-00001195,2024-10-09 11:12:04.662329-05,2000.05,300.01,2300.06,2026-07-17 19:22:27.718562-05,2026-07-17 19:22:27.718562-05,script_generator,
170,45,3,FAC-PROV-2026-00000170,2025-07-08 22:34:08.388758-05,1849.00,277.35,2126.35,2026-07-17 19:22:27.718562-05,2026-07-17 19:22:27.718562-05,script_generator,
712,45,3,FAC-PROV-2026-00000712,2024-01-28 22:55:07.726391-05,2303.41,345.51,2648.92,2026-07-17 19:22:27.718562-05,2026-07-17 19:22:27.718562-05,script_generator,
192,45,3,FAC-PROV-2026-00000192,2025-11-30 06:09:44.932573-05,2574.27,386.14,2960.41,2026-07-17 19:22:27.718562-05,2026-07-17 19:22:27.718562-05,script_generator,
1696,45,3,FAC-PROV-2026-00001696,2024-06-13 11:13:59.739076-05,3158.61,473.79,3632.41,2026-07-17 19:22:27.718562-05,2026-07-17 19:22:27.718562-05,script_generator,
1174,45,3,FAC-PROV-2026-00001174,2024-03-08 07:49:21.464799-05,2143.19,321.48,2464.67,2026-07-17 19:22:27.718562-05,2026-07-17 19:22:27.718562-05,script_generator,
1740,45,3,FAC-PROV-2026-00001740,2024-01-18 20:02:02.181322-05,2611.78,391.77,3003.55,2026-07-17 19:22:27.718562-05,2026-07-17 19:22:27.718562-05,script_generator,
513,45,3,FAC-PROV-2026-00000513,2024-02-08 04:02:24.282724-05,3088.31,463.25,3551.55,2026-07-17 19:22:27.718562-05,2026-07-17 19:22:27.718562-05,script_generator,
101,45,3,FAC-PROV-2026-00000101,2024-06-17 22:13:16.540863-05,3014.32,452.15,3466.46,2026-07-17 19:22:27.718562-05,2026-07-17 19:22:27.718562-05,script_generator,
473,45,3,FAC-PROV-2026-00000473,2026-07-02 17:42:04.615051-05,2423.29,363.49,2786.78,2026-07-17 19:22:27.718562-05,2026-07-17 19:22:27.718562-05,script_generator,
1824,45,3,FAC-PROV-2026-00001824,2026-01-01 16:04:03.974586-05,1914.71,287.21,2201.92,2026-07-17 19:22:27.718562-05,2026-07-17 19:22:27.718562-05,script_generator,
1575,45,3,FAC-PROV-2026-00001575,2024-08-12 11:19:28.481194-05,1893.09,283.96,2177.06,2026-07-17 19:22:27.718562-05,2026-07-17 19:22:27.718562-05,script_generator,
415,45,3,FAC-PROV-2026-00000415,2025-05-10 11:30:13.218146-05,2778.99,416.85,3195.84,2026-07-17 19:22:27.718562-05,2026-07-17 19:22:27.718562-05,script_generator,
1835,45,3,FAC-PROV-2026-00001835,2024-08-20 03:28:24.746479-05,2515.36,377.30,2892.66,2026-07-17 19:22:27.718562-05,2026-07-17 19:22:27.718562-05,script_generator,
1376,45,3,FAC-PROV-2026-00001376,2025-07-19 20:54:04.964741-05,2175.02,326.25,2501.28,2026-07-17 19:22:27.718562-05,2026-07-17 19:22:27.718562-05,script_generator,
1365,45,3,FAC-PROV-2026-00001365,2024-10-04 00:05:17.15098-05,2184.44,327.67,2512.11,2026-07-17 19:22:27.718562-05,2026-07-17 19:22:27.718562-05,script_generator,
1897,45,3,FAC-PROV-2026-00001897,2024-08-03 13:48:34.786685-05,820.76,123.11,943.87,2026-07-17 19:22:27.718562-05,2026-07-17 19:22:27.718562-05,script_generator,
689,45,3,FAC-PROV-2026-00000689,2025-11-03 04:34:59.025599-05,1305.34,195.80,1501.14,2026-07-17 19:22:27.718562-05,2026-07-17 19:22:27.718562-05,script_generator,
522,45,3,FAC-PROV-2026-00000522,2026-01-04 14:35:31.030742-05,837.67,125.65,963.32,2026-07-17 19:22:27.718562-05,2026-07-17 19:22:27.718562-05,script_generator,
1806,45,3,FAC-PROV-2026-00001806,2024-02-01 14:58:49.045369-05,2661.86,399.28,3061.14,2026-07-17 19:22:27.718562-05,2026-07-17 19:22:27.718562-05,script_generator,
674,45,3,FAC-PROV-2026-00000674,2024-12-31 01:37:36.699779-05,903.61,135.54,1039.16,2026-07-17 19:22:27.718562-05,2026-07-17 19:22:27.718562-05,script_generator,
630,45,3,FAC-PROV-2026-00000630,2024-07-14 04:28:59.891738-05,1940.17,291.02,2231.19,2026-07-17 19:22:27.718562-05,2026-07-17 19:22:27.718562-05,script_generator,
1723,45,3,FAC-PROV-2026-00001723,2026-05-04 00:20:58.525241-05,1599.01,239.85,1838.87,2026-07-17 19:22:27.718562-05,2026-07-17 19:22:27.718562-05,script_generator,
1704,45,3,FAC-PROV-2026-00001704,2025-03-03 10:46:51.573239-05,2452.91,367.94,2820.84,2026-07-17 19:22:27.718562-05,2026-07-17 19:22:27.718562-05,script_generator,
575,45,3,FAC-PROV-2026-00000575,2026-02-08 16:16:29.34987-05,2495.38,374.31,2869.69,2026-07-17 19:22:27.718562-05,2026-07-17 19:22:27.718562-05,script_generator,
1492,45,3,FAC-PROV-2026-00001492,2024-03-17 04:12:05.568828-05,2861.85,429.28,3291.13,2026-07-17 19:22:27.718562-05,2026-07-17 19:22:27.718562-05,script_generator,
401,45,3,FAC-PROV-2026-00000401,2024-09-23 12:16:30.892717-05,2645.77,396.87,3042.64,2026-07-17 19:22:27.718562-05,2026-07-17 19:22:27.718562-05,script_generator,
1701,45,3,FAC-PROV-2026-00001701,2024-05-30 21:43:40.068592-05,3015.00,452.25,3467.25,2026-07-17 19:22:27.718562-05,2026-07-17 19:22:27.718562-05,script_generator,
1456,45,3,FAC-PROV-2026-00001456,2024-01-07 02:11:28.692313-05,2224.61,333.69,2558.31,2026-07-17 19:22:27.718562-05,2026-07-17 19:22:27.718562-05,script_generator,
1483,45,3,FAC-PROV-2026-00001483,2025-03-09 07:00:40.67042-05,1761.65,264.25,2025.90,2026-07-17 19:22:27.718562-05,2026-07-17 19:22:27.718562-05,script_generator,
739,45,3,FAC-PROV-2026-00000739,2026-04-14 04:12:24.979565-05,1452.27,217.84,1670.12,2026-07-17 19:22:27.718562-05,2026-07-17 19:22:27.718562-05,script_generator,
1094,45,3,FAC-PROV-2026-00001094,2024-04-15 20:55:52.10807-05,1069.26,160.39,1229.65,2026-07-17 19:22:27.718562-05,2026-07-17 19:22:27.718562-05,script_generator,
1948,45,3,FAC-PROV-2026-00001948,2024-01-29 03:28:08.423746-05,1612.89,241.93,1854.83,2026-07-17 19:22:27.718562-05,2026-07-17 19:22:27.718562-05,script_generator,
1110,45,3,FAC-PROV-2026-00001110,2026-01-29 16:11:33.885564-05,1054.25,158.14,1212.39,2026-07-17 19:22:27.718562-05,2026-07-17 19:22:27.718562-05,script_generator,
1743,45,3,FAC-PROV-2026-00001743,2025-01-25 12:44:12.409173-05,1074.17,161.13,1235.29,2026-07-17 19:22:27.718562-05,2026-07-17 19:22:27.718562-05,script_generator,
741,45,3,FAC-PROV-2026-00000741,2026-04-19 12:37:18.543799-05,1499.95,224.99,1724.94,2026-07-17 19:22:27.718562-05,2026-07-17 19:22:27.718562-05,script_generator,
716,45,3,FAC-PROV-2026-00000716,2025-03-17 12:00:24.748227-05,1330.68,199.60,1530.29,2026-07-17 19:22:27.718562-05,2026-07-17 19:22:27.718562-05,script_generator,
897,45,3,FAC-PROV-2026-00000897,2026-06-25 05:05:06.815435-05,2177.07,326.56,2503.63,2026-07-17 19:22:27.718562-05,2026-07-17 19:22:27.718562-05,script_generator,
543,45,3,FAC-PROV-2026-00000543,2026-05-29 12:56:03.345317-05,2190.56,328.58,2519.15,2026-07-17 19:22:27.718562-05,2026-07-17 19:22:27.718562-05,script_generator,
1562,45,3,FAC-PROV-2026-00001562,2025-08-27 05:03:24.288869-05,2657.02,398.55,3055.57,2026-07-17 19:22:27.718562-05,2026-07-17 19:22:27.718562-05,script_generator,
1473,45,3,FAC-PROV-2026-00001473,2026-07-13 05:16:18.722871-05,1624.95,243.74,1868.69,2026-07-17 19:22:27.718562-05,2026-07-17 19:22:27.718562-05,script_generator,
1130,45,3,FAC-PROV-2026-00001130,2025-02-10 12:06:37.754072-05,1968.50,295.27,2263.77,2026-07-17 19:22:27.718562-05,2026-07-17 19:22:27.718562-05,script_generator,
85,45,3,FAC-PROV-2026-00000085,2024-11-17 06:51:43.528296-05,2151.92,322.79,2474.71,2026-07-17 19:22:27.718562-05,2026-07-17 19:22:27.718562-05,script_generator,
1440,45,3,FAC-PROV-2026-00001440,2024-08-27 02:50:33.618446-05,2485.51,372.83,2858.34,2026-07-17 19:22:27.718562-05,2026-07-17 19:22:27.718562-05,script_generator,
281,45,3,FAC-PROV-2026-00000281,2025-07-09 15:58:07.080394-05,1469.78,220.47,1690.25,2026-07-17 19:22:27.718562-05,2026-07-17 19:22:27.718562-05,script_generator,
687,45,3,FAC-PROV-2026-00000687,2025-06-06 11:12:43.984504-05,1881.76,282.26,2164.02,2026-07-17 19:22:27.718562-05,2026-07-17 19:22:27.718562-05,script_generator,
288,45,3,FAC-PROV-2026-00000288,2025-12-22 22:30:57.125658-05,2755.06,413.26,3168.31,2026-07-17 19:22:27.718562-05,2026-07-17 19:22:27.718562-05,script_generator,
21,45,3,FAC-PROV-2026-00000021,2024-08-15 13:37:14.400014-05,2937.86,440.68,3378.53,2026-07-17 19:22:27.718562-05,2026-07-17 19:22:27.718562-05,script_generator,
1814,45,3,FAC-PROV-2026-00001814,2025-07-08 15:04:05.380468-05,930.41,139.56,1069.97,2026-07-17 19:22:27.718562-05,2026-07-17 19:22:27.718562-05,script_generator,
622,45,3,FAC-PROV-2026-00000622,2024-05-05 19:57:23.915712-05,2851.42,427.71,3279.13,2026-07-17 19:22:27.718562-05,2026-07-17 19:22:27.718562-05,script_generator,
1765,45,3,FAC-PROV-2026-00001765,2026-05-18 01:59:03.680346-05,2892.61,433.89,3326.50,2026-07-17 19:22:27.718562-05,2026-07-17 19:22:27.718562-05,script_generator,
1027,45,3,FAC-PROV-2026-00001027,2025-06-06 15:05:05.080742-05,2011.81,301.77,2313.58,2026-07-17 19:22:27.718562-05,2026-07-17 19:22:27.718562-05,script_generator,
1479,45,3,FAC-PROV-2026-00001479,2026-02-10 22:22:01.601732-05,1666.19,249.93,1916.12,2026-07-17 19:22:27.718562-05,2026-07-17 19:22:27.718562-05,script_generator,
1593,45,3,FAC-PROV-2026-00001593,2025-11-28 20:32:33.950108-05,1358.46,203.77,1562.23,2026-07-17 19:22:27.718562-05,2026-07-17 19:22:27.718562-05,script_generator,
1926,45,3,FAC-PROV-2026-00001926,2024-10-29 13:04:06.380988-05,1749.98,262.50,2012.47,2026-07-17 19:22:27.718562-05,2026-07-17 19:22:27.718562-05,script_generator,
1832,45,3,FAC-PROV-2026-00001832,2026-06-28 17:10:27.596064-05,1158.79,173.82,1332.61,2026-07-17 19:22:27.718562-05,2026-07-17 19:22:27.718562-05,script_generator,
635,45,3,FAC-PROV-2026-00000635,2024-01-29 17:48:41.212889-05,1975.59,296.34,2271.93,2026-07-17 19:22:27.718562-05,2026-07-17 19:22:27.718562-05,script_generator,
1672,45,3,FAC-PROV-2026-00001672,2025-09-14 10:34:47.297859-05,2547.82,382.17,2929.99,2026-07-17 19:22:27.718562-05,2026-07-17 19:22:27.718562-05,script_generator,
388,45,3,FAC-PROV-2026-00000388,2024-05-12 00:18:15.548548-05,1461.63,219.24,1680.88,2026-07-17 19:22:27.718562-05,2026-07-17 19:22:27.718562-05,script_generator,
151,45,3,FAC-PROV-2026-00000151,2026-03-27 21:53:43.274319-05,2967.54,445.13,3412.67,2026-07-17 19:22:27.718562-05,2026-07-17 19:22:27.718562-05,script_generator,
1346,45,3,FAC-PROV-2026-00001346,2024-07-16 14:47:58.05264-05,2440.78,366.12,2806.90,2026-07-17 19:22:27.718562-05,2026-07-17 19:22:27.718562-05,script_generator,
620,45,3,FAC-PROV-2026-00000620,2025-05-23 04:39:24.100859-05,2964.21,444.63,3408.84,2026-07-17 19:22:27.718562-05,2026-07-17 19:22:27.718562-05,script_generator,
205,45,3,FAC-PROV-2026-00000205,2026-01-28 00:40:46.22241-05,2204.88,330.73,2535.62,2026-07-17 19:22:27.718562-05,2026-07-17 19:22:27.718562-05,script_generator,
67,45,3,FAC-PROV-2026-00000067,2024-02-28 08:12:45.29219-05,1555.17,233.28,1788.44,2026-07-17 19:22:27.718562-05,2026-07-17 19:22:27.718562-05,script_generator,
325,45,3,FAC-PROV-2026-00000325,2025-04-27 18:27:34.836803-05,1301.06,195.16,1496.21,2026-07-17 19:22:27.718562-05,2026-07-17 19:22:27.718562-05,script_generator,
895,45,3,FAC-PROV-2026-00000895,2025-06-28 03:52:08.333421-05,1508.41,226.26,1734.67,2026-07-17 19:22:27.718562-05,2026-07-17 19:22:27.718562-05,script_generator,
673,45,3,FAC-PROV-2026-00000673,2025-07-08 12:43:48.584082-05,833.06,124.96,958.02,2026-07-17 19:22:27.718562-05,2026-07-17 19:22:27.718562-05,script_generator,
1377,45,3,FAC-PROV-2026-00001377,2026-05-12 11:52:33.988414-05,3294.89,494.23,3789.12,2026-07-17 19:22:27.718562-05,2026-07-17 19:22:27.718562-05,script_generator,
1638,45,3,FAC-PROV-2026-00001638,2026-06-16 13:25:21.531369-05,2192.99,328.95,2521.94,2026-07-17 19:22:27.718562-05,2026-07-17 19:22:27.718562-05,script_generator,
783,45,3,FAC-PROV-2026-00000783,2024-08-20 17:52:09.724732-05,2586.84,388.03,2974.87,2026-07-17 19:22:27.718562-05,2026-07-17 19:22:27.718562-05,script_generator,
1794,45,3,FAC-PROV-2026-00001794,2024-11-07 11:38:55.970247-05,2284.23,342.63,2626.86,2026-07-17 19:22:27.718562-05,2026-07-17 19:22:27.718562-05,script_generator,
334,45,3,FAC-PROV-2026-00000334,2025-07-16 10:37:54.249263-05,1709.96,256.49,1966.46,2026-07-17 19:22:27.718562-05,2026-07-17 19:22:27.718562-05,script_generator,
1071,45,3,FAC-PROV-2026-00001071,2024-03-17 07:29:45.141611-05,1061.62,159.24,1220.86,2026-07-17 19:22:27.718562-05,2026-07-17 19:22:27.718562-05,script_generator,
540,45,3,FAC-PROV-2026-00000540,2024-08-30 01:23:35.216631-05,1831.38,274.71,2106.09,2026-07-17 19:22:27.718562-05,2026-07-17 19:22:27.718562-05,script_generator,
1739,45,3,FAC-PROV-2026-00001739,2024-03-20 07:28:42.414481-05,1403.01,210.45,1613.46,2026-07-17 19:22:27.718562-05,2026-07-17 19:22:27.718562-05,script_generator,
464,45,3,FAC-PROV-2026-00000464,2026-04-06 06:54:38.21645-05,2622.59,393.39,3015.97,2026-07-17 19:22:27.718562-05,2026-07-17 19:22:27.718562-05,script_generator,
1109,45,3,FAC-PROV-2026-00001109,2026-05-28 06:49:40.175739-05,1179.27,176.89,1356.16,2026-07-17 19:22:27.718562-05,2026-07-17 19:22:27.718562-05,script_generator,
277,45,3,FAC-PROV-2026-00000277,2024-04-28 02:59:20.364352-05,2176.96,326.54,2503.51,2026-07-17 19:22:27.718562-05,2026-07-17 19:22:27.718562-05,script_generator,
1777,45,3,FAC-PROV-2026-00001777,2024-10-20 22:48:07.919172-05,2464.55,369.68,2834.23,2026-07-17 19:22:27.718562-05,2026-07-17 19:22:27.718562-05,script_generator,
1980,45,3,FAC-PROV-2026-00001980,2024-08-27 04:31:37.320589-05,2482.19,372.33,2854.51,2026-07-17 19:22:27.718562-05,2026-07-17 19:22:27.718562-05,script_generator,
1842,45,3,FAC-PROV-2026-00001842,2024-08-11 01:01:08.300583-05,2609.63,391.44,3001.08,2026-07-17 19:22:27.718562-05,2026-07-17 19:22:27.718562-05,script_generator,
300,45,3,FAC-PROV-2026-00000300,2026-06-22 18:41:05.294863-05,2098.56,314.78,2413.34,2026-07-17 19:22:27.718562-05,2026-07-17 19:22:27.718562-05,script_generator,
662,45,3,FAC-PROV-2026-00000662,2024-10-20 01:23:58.97794-05,722.98,108.45,831.43,2026-07-17 19:22:27.718562-05,2026-07-17 19:22:27.718562-05,script_generator,
284,45,3,FAC-PROV-2026-00000284,2026-05-15 21:32:38.350977-05,2936.93,440.54,3377.46,2026-07-17 19:22:27.718562-05,2026-07-17 19:22:27.718562-05,script_generator,
1254,45,3,FAC-PROV-2026-00001254,2025-10-27 15:00:55.727696-05,1462.04,219.31,1681.35,2026-07-17 19:22:27.718562-05,2026-07-17 19:22:27.718562-05,script_generator,
342,45,3,FAC-PROV-2026-00000342,2025-11-07 17:04:15.094098-05,909.09,136.36,1045.45,2026-07-17 19:22:27.718562-05,2026-07-17 19:22:27.718562-05,script_generator,
1133,45,3,FAC-PROV-2026-00001133,2024-08-15 06:51:12.622352-05,2968.77,445.32,3414.09,2026-07-17 19:22:27.718562-05,2026-07-17 19:22:27.718562-05,script_generator,
1271,45,3,FAC-PROV-2026-00001271,2024-05-15 05:08:49.654143-05,1281.31,192.20,1473.51,2026-07-17 19:22:27.718562-05,2026-07-17 19:22:27.718562-05,script_generator,
1073,45,3,FAC-PROV-2026-00001073,2024-10-08 20:15:03.405016-05,1989.60,298.44,2288.05,2026-07-17 19:22:27.718562-05,2026-07-17 19:22:27.718562-05,script_generator,
588,45,3,FAC-PROV-2026-00000588,2024-02-23 15:29:09.58267-05,2011.35,301.70,2313.06,2026-07-17 19:22:27.718562-05,2026-07-17 19:22:27.718562-05,script_generator,
1019,45,3,FAC-PROV-2026-00001019,2025-10-07 12:42:43.861471-05,860.91,129.14,990.05,2026-07-17 19:22:27.718562-05,2026-07-17 19:22:27.718562-05,script_generator,
439,45,3,FAC-PROV-2026-00000439,2025-01-08 19:42:28.034895-05,2808.89,421.33,3230.22,2026-07-17 19:22:27.718562-05,2026-07-17 19:22:27.718562-05,script_generator,
206,45,3,FAC-PROV-2026-00000206,2025-04-11 23:21:22.711522-05,2338.10,350.71,2688.81,2026-07-17 19:22:27.718562-05,2026-07-17 19:22:27.718562-05,script_generator,
46,45,3,FAC-PROV-2026-00000046,2024-09-19 17:00:07.954-05,2035.64,305.35,2340.99,2026-07-17 19:22:27.718562-05,2026-07-17 19:22:27.718562-05,script_generator,
1773,45,3,FAC-PROV-2026-00001773,2024-02-24 13:35:38.204235-05,1468.53,220.28,1688.81,2026-07-17 19:22:27.718562-05,2026-07-17 19:22:27.718562-05,script_generator,
586,45,3,FAC-PROV-2026-00000586,2025-05-25 16:00:27.758728-05,1981.91,297.29,2279.20,2026-07-17 19:22:27.718562-05,2026-07-17 19:22:27.718562-05,script_generator,
53,45,3,FAC-PROV-2026-00000053,2025-02-15 07:38:10.313119-05,1814.47,272.17,2086.64,2026-07-17 19:22:27.718562-05,2026-07-17 19:22:27.718562-05,script_generator,
336,45,3,FAC-PROV-2026-00000336,2026-05-05 14:26:22.087182-05,1385.32,207.80,1593.11,2026-07-17 19:22:27.718562-05,2026-07-17 19:22:27.718562-05,script_generator,
275,45,3,FAC-PROV-2026-00000275,2025-10-02 11:03:59.760391-05,1775.03,266.25,2041.28,2026-07-17 19:22:27.718562-05,2026-07-17 19:22:27.718562-05,script_generator,
1801,45,3,FAC-PROV-2026-00001801,2024-10-29 06:31:43.839018-05,1219.71,182.96,1402.67,2026-07-17 19:22:27.718562-05,2026-07-17 19:22:27.718562-05,script_generator,
1412,45,3,FAC-PROV-2026-00001412,2024-01-09 05:47:45.001325-05,2836.11,425.42,3261.52,2026-07-17 19:22:27.718562-05,2026-07-17 19:22:27.718562-05,script_generator,
260,45,3,FAC-PROV-2026-00000260,2025-07-26 05:21:10.363079-05,2566.48,384.97,2951.45,2026-07-17 19:22:27.718562-05,2026-07-17 19:22:27.718562-05,script_generator,
136,45,3,FAC-PROV-2026-00000136,2025-03-15 11:11:45.44798-05,1097.82,164.67,1262.49,2026-07-17 19:22:27.718562-05,2026-07-17 19:22:27.718562-05,script_generator,
139,45,3,FAC-PROV-2026-00000139,2025-03-18 20:33:35.330682-05,1027.82,154.17,1181.99,2026-07-17 19:22:27.718562-05,2026-07-17 19:22:27.718562-05,script_generator,
1459,45,3,FAC-PROV-2026-00001459,2024-09-12 08:32:03.587783-05,2569.43,385.41,2954.84,2026-07-17 19:22:27.718562-05,2026-07-17 19:22:27.718562-05,script_generator,
1537,45,3,FAC-PROV-2026-00001537,2024-08-02 12:26:49.928089-05,1637.61,245.64,1883.26,2026-07-17 19:22:27.718562-05,2026-07-17 19:22:27.718562-05,script_generator,
1033,45,3,FAC-PROV-2026-00001033,2026-07-01 04:59:50.645487-05,1935.56,290.33,2225.89,2026-07-17 19:22:27.718562-05,2026-07-17 19:22:27.718562-05,script_generator,
1868,45,3,FAC-PROV-2026-00001868,2025-02-03 14:26:42.735158-05,884.97,132.75,1017.72,2026-07-17 19:22:27.718562-05,2026-07-17 19:22:27.718562-05,script_generator,
425,45,3,FAC-PROV-2026-00000425,2025-10-04 23:59:39.751409-05,2223.01,333.45,2556.46,2026-07-17 19:22:27.718562-05,2026-07-17 19:22:27.718562-05,script_generator,
1499,45,3,FAC-PROV-2026-00001499,2024-08-13 03:10:44.634113-05,799.38,119.91,919.29,2026-07-17 19:22:27.718562-05,2026-07-17 19:22:27.718562-05,script_generator,
1734,45,3,FAC-PROV-2026-00001734,2025-05-23 10:17:05.631501-05,1329.54,199.43,1528.98,2026-07-17 19:22:27.718562-05,2026-07-17 19:22:27.718562-05,script_generator,
825,45,3,FAC-PROV-2026-00000825,2024-02-14 17:20:21.469491-05,1168.65,175.30,1343.95,2026-07-17 19:22:27.718562-05,2026-07-17 19:22:27.718562-05,script_generator,
1040,45,3,FAC-PROV-2026-00001040,2025-07-27 21:27:45.84151-05,2755.35,413.30,3168.66,2026-07-17 19:22:27.718562-05,2026-07-17 19:22:27.718562-05,script_generator,
731,45,3,FAC-PROV-2026-00000731,2026-03-30 21:01:14.562103-05,1773.16,265.97,2039.14,2026-07-17 19:22:27.718562-05,2026-07-17 19:22:27.718562-05,script_generator,
403,45,3,FAC-PROV-2026-00000403,2026-02-19 21:59:17.177191-05,2431.97,364.80,2796.77,2026-07-17 19:22:27.718562-05,2026-07-17 19:22:27.718562-05,script_generator,
1597,45,3,FAC-PROV-2026-00001597,2025-08-08 02:01:36.65105-05,2362.50,354.38,2716.88,2026-07-17 19:22:27.718562-05,2026-07-17 19:22:27.718562-05,script_generator,
1350,45,3,FAC-PROV-2026-00001350,2025-07-23 20:16:49.866156-05,1509.48,226.42,1735.90,2026-07-17 19:22:27.718562-05,2026-07-17 19:22:27.718562-05,script_generator,
654,45,3,FAC-PROV-2026-00000654,2024-01-05 11:01:28.068744-05,3035.43,455.31,3490.74,2026-07-17 19:22:27.718562-05,2026-07-17 19:22:27.718562-05,script_generator,
33,45,3,FAC-PROV-2026-00000033,2026-01-18 16:44:26.608327-05,2844.60,426.69,3271.29,2026-07-17 19:22:27.718562-05,2026-07-17 19:22:27.718562-05,script_generator,
1643,45,3,FAC-PROV-2026-00001643,2025-02-24 20:17:31.214106-05,2046.34,306.95,2353.30,2026-07-17 19:22:27.718562-05,2026-07-17 19:22:27.718562-05,script_generator,
549,45,3,FAC-PROV-2026-00000549,2025-04-23 07:57:09.772836-05,804.47,120.67,925.14,2026-07-17 19:22:27.718562-05,2026-07-17 19:22:27.718562-05,script_generator,
1858,45,3,FAC-PROV-2026-00001858,2024-11-15 00:23:53.016392-05,2097.14,314.57,2411.71,2026-07-17 19:22:27.718562-05,2026-07-17 19:22:27.718562-05,script_generator,
653,45,3,FAC-PROV-2026-00000653,2025-07-04 22:29:16.322239-05,3006.77,451.02,3457.79,2026-07-17 19:22:27.718562-05,2026-07-17 19:22:27.718562-05,script_generator,
380,45,3,FAC-PROV-2026-00000380,2024-10-09 23:14:10.75681-05,954.88,143.23,1098.11,2026-07-17 19:22:27.718562-05,2026-07-17 19:22:27.718562-05,script_generator,
1339,45,3,FAC-PROV-2026-00001339,2025-03-23 23:06:25.375479-05,2954.50,443.17,3397.67,2026-07-17 19:22:27.718562-05,2026-07-17 19:22:27.718562-05,script_generator,
130,45,3,FAC-PROV-2026-00000130,2025-05-10 04:38:09.788582-05,1618.41,242.76,1861.17,2026-07-17 19:22:27.718562-05,2026-07-17 19:22:27.718562-05,script_generator,
23,45,3,FAC-PROV-2026-00000023,2025-02-16 17:30:52.7676-05,2012.11,301.82,2313.92,2026-07-17 19:22:27.718562-05,2026-07-17 19:22:27.718562-05,script_generator,
612,45,3,FAC-PROV-2026-00000612,2024-08-16 03:33:55.047589-05,1110.44,166.57,1277.01,2026-07-17 19:22:27.718562-05,2026-07-17 19:22:27.718562-05,script_generator,
486,45,3,FAC-PROV-2026-00000486,2025-04-22 12:16:40.682153-05,2007.17,301.08,2308.24,2026-07-17 19:22:27.718562-05,2026-07-17 19:22:27.718562-05,script_generator,
1521,45,3,FAC-PROV-2026-00001521,2024-11-03 20:19:26.529773-05,1390.05,208.51,1598.56,2026-07-17 19:22:27.718562-05,2026-07-17 19:22:27.718562-05,script_generator,
1528,45,3,FAC-PROV-2026-00001528,2024-10-12 05:05:48.113698-05,1647.13,247.07,1894.20,2026-07-17 19:22:27.718562-05,2026-07-17 19:22:27.718562-05,script_generator,
765,45,3,FAC-PROV-2026-00000765,2026-04-12 12:40:57.53958-05,1298.43,194.76,1493.19,2026-07-17 19:22:27.718562-05,2026-07-17 19:22:27.718562-05,script_generator,
1277,45,3,FAC-PROV-2026-00001277,2025-08-05 17:30:03.242054-05,2491.58,373.74,2865.31,2026-07-17 19:22:27.718562-05,2026-07-17 19:22:27.718562-05,script_generator,
1855,45,3,FAC-PROV-2026-00001855,2024-02-29 14:23:25.856126-05,3009.21,451.38,3460.59,2026-07-17 19:22:27.718562-05,2026-07-17 19:22:27.718562-05,script_generator,
552,45,3,FAC-PROV-2026-00000552,2025-08-05 15:23:51.124263-05,1896.13,284.42,2180.55,2026-07-17 19:22:27.718562-05,2026-07-17 19:22:27.718562-05,script_generator,
887,45,3,FAC-PROV-2026-00000887,2026-07-07 18:23:24.534028-05,3051.36,457.70,3509.06,2026-07-17 19:22:27.718562-05,2026-07-17 19:22:27.718562-05,script_generator,
1772,45,3,FAC-PROV-2026-00001772,2024-10-05 23:37:31.310538-05,1316.85,197.53,1514.37,2026-07-17 19:22:27.718562-05,2026-07-17 19:22:27.718562-05,script_generator,
1669,45,3,FAC-PROV-2026-00001669,2024-02-11 14:25:21.071185-05,1470.43,220.56,1691.00,2026-07-17 19:22:27.718562-05,2026-07-17 19:22:27.718562-05,script_generator,
959,45,3,FAC-PROV-2026-00000959,2025-09-15 16:26:09.463979-05,996.19,149.43,1145.62,2026-07-17 19:22:27.718562-05,2026-07-17 19:22:27.718562-05,script_generator,
1983,45,3,FAC-PROV-2026-00001983,2025-08-08 19:59:11.079697-05,2152.93,322.94,2475.86,2026-07-17 19:22:27.718562-05,2026-07-17 19:22:27.718562-05,script_generator,
386,45,3,FAC-PROV-2026-00000386,2026-06-07 06:24:51.401414-05,2631.59,394.74,3026.32,2026-07-17 19:22:27.718562-05,2026-07-17 19:22:27.718562-05,script_generator,
1797,45,3,FAC-PROV-2026-00001797,2024-10-13 15:49:11.344596-05,1327.95,199.19,1527.14,2026-07-17 19:22:27.718562-05,2026-07-17 19:22:27.718562-05,script_generator,
433,45,3,FAC-PROV-2026-00000433,2026-05-08 22:04:30.087199-05,1248.95,187.34,1436.30,2026-07-17 19:22:27.718562-05,2026-07-17 19:22:27.718562-05,script_generator,
364,45,3,FAC-PROV-2026-00000364,2025-05-27 15:46:05.607724-05,2336.08,350.41,2686.49,2026-07-17 19:22:27.718562-05,2026-07-17 19:22:27.718562-05,script_generator,
1187,45,3,FAC-PROV-2026-00001187,2025-03-29 16:02:08.495818-05,1095.87,164.38,1260.25,2026-07-17 19:22:27.718562-05,2026-07-17 19:22:27.718562-05,script_generator,
1123,45,3,FAC-PROV-2026-00001123,2024-09-05 07:22:26.798639-05,1229.81,184.47,1414.28,2026-07-17 19:22:27.718562-05,2026-07-17 19:22:27.718562-05,script_generator,
345,45,3,FAC-PROV-2026-00000345,2024-12-24 08:52:17.026704-05,2468.40,370.26,2838.66,2026-07-17 19:22:27.718562-05,2026-07-17 19:22:27.718562-05,script_generator,
92,45,3,FAC-PROV-2026-00000092,2026-05-23 14:19:57.502511-05,2660.59,399.09,3059.68,2026-07-17 19:22:27.718562-05,2026-07-17 19:22:27.718562-05,script_generator,
541,45,3,FAC-PROV-2026-00000541,2024-09-09 03:19:48.407725-05,2314.59,347.19,2661.78,2026-07-17 19:22:27.718562-05,2026-07-17 19:22:27.718562-05,script_generator,
1517,45,3,FAC-PROV-2026-00001517,2025-03-22 06:40:50.25811-05,1103.97,165.59,1269.56,2026-07-17 19:22:27.718562-05,2026-07-17 19:22:27.718562-05,script_generator,
1598,45,3,FAC-PROV-2026-00001598,2026-06-02 20:09:07.290106-05,1043.82,156.57,1200.40,2026-07-17 19:22:27.718562-05,2026-07-17 19:22:27.718562-05,script_generator,
437,45,3,FAC-PROV-2026-00000437,2026-07-12 04:02:21.561147-05,2609.63,391.44,3001.07,2026-07-17 19:22:27.718562-05,2026-07-17 19:22:27.718562-05,script_generator,
957,45,3,FAC-PROV-2026-00000957,2025-01-03 13:45:04.642441-05,997.70,149.66,1147.36,2026-07-17 19:22:27.718562-05,2026-07-17 19:22:27.718562-05,script_generator,
1065,45,3,FAC-PROV-2026-00001065,2025-09-30 21:00:45.5119-05,887.34,133.10,1020.44,2026-07-17 19:22:27.718562-05,2026-07-17 19:22:27.718562-05,script_generator,
998,45,3,FAC-PROV-2026-00000998,2026-02-12 08:14:51.786934-05,3165.13,474.77,3639.90,2026-07-17 19:22:27.718562-05,2026-07-17 19:22:27.718562-05,script_generator,
1795,45,3,FAC-PROV-2026-00001795,2024-10-04 02:41:25.852701-05,1988.71,298.31,2287.02,2026-07-17 19:22:27.718562-05,2026-07-17 19:22:27.718562-05,script_generator,
1719,45,3,FAC-PROV-2026-00001719,2025-07-16 20:48:51.679141-05,1509.27,226.39,1735.66,2026-07-17 19:22:27.718562-05,2026-07-17 19:22:27.718562-05,script_generator,
197,45,3,FAC-PROV-2026-00000197,2026-01-20 00:15:52.264681-05,2336.89,350.53,2687.42,2026-07-17 19:22:27.718562-05,2026-07-17 19:22:27.718562-05,script_generator,
999,45,3,FAC-PROV-2026-00000999,2024-09-24 19:39:49.543327-05,2994.65,449.20,3443.85,2026-07-17 19:22:27.718562-05,2026-07-17 19:22:27.718562-05,script_generator,
493,45,3,FAC-PROV-2026-00000493,2025-12-27 18:30:10.886052-05,2149.17,322.38,2471.54,2026-07-17 19:22:27.718562-05,2026-07-17 19:22:27.718562-05,script_generator,
1536,45,3,FAC-PROV-2026-00001536,2025-10-17 14:22:20.480646-05,1435.14,215.27,1650.41,2026-07-17 19:22:27.718562-05,2026-07-17 19:22:27.718562-05,script_generator,
707,45,3,FAC-PROV-2026-00000707,2024-06-13 16:28:36.567005-05,1027.28,154.09,1181.37,2026-07-17 19:22:27.718562-05,2026-07-17 19:22:27.718562-05,script_generator,
665,45,3,FAC-PROV-2026-00000665,2025-11-20 16:32:32.350489-05,1729.33,259.40,1988.73,2026-07-17 19:22:27.718562-05,2026-07-17 19:22:27.718562-05,script_generator,
759,45,3,FAC-PROV-2026-00000759,2025-02-27 05:25:35.866459-05,1006.84,151.03,1157.87,2026-07-17 19:22:27.718562-05,2026-07-17 19:22:27.718562-05,script_generator,
482,45,3,FAC-PROV-2026-00000482,2025-08-28 02:36:17.169031-05,2635.68,395.35,3031.03,2026-07-17 19:22:27.718562-05,2026-07-17 19:22:27.718562-05,script_generator,
1547,45,3,FAC-PROV-2026-00001547,2024-03-23 10:07:55.756512-05,2031.35,304.70,2336.05,2026-07-17 19:22:27.718562-05,2026-07-17 19:22:27.718562-05,script_generator,
311,45,3,FAC-PROV-2026-00000311,2025-08-28 00:32:25.081598-05,2076.48,311.47,2387.95,2026-07-17 19:22:27.718562-05,2026-07-17 19:22:27.718562-05,script_generator,
103,45,3,FAC-PROV-2026-00000103,2025-01-25 17:18:38.909244-05,1191.59,178.74,1370.33,2026-07-17 19:22:27.718562-05,2026-07-17 19:22:27.718562-05,script_generator,
1252,45,3,FAC-PROV-2026-00001252,2026-03-09 15:32:41.832539-05,2136.59,320.49,2457.08,2026-07-17 19:22:27.718562-05,2026-07-17 19:22:27.718562-05,script_generator,
1236,45,3,FAC-PROV-2026-00001236,2024-05-02 05:16:06.554354-05,1768.43,265.26,2033.69,2026-07-17 19:22:27.718562-05,2026-07-17 19:22:27.718562-05,script_generator,
875,45,3,FAC-PROV-2026-00000875,2025-02-04 21:10:46.937869-05,2213.49,332.02,2545.51,2026-07-17 19:22:27.718562-05,2026-07-17 19:22:27.718562-05,script_generator,
1255,45,3,FAC-PROV-2026-00001255,2026-07-08 03:34:56.635589-05,2470.50,370.57,2841.07,2026-07-17 19:22:27.718562-05,2026-07-17 19:22:27.718562-05,script_generator,
420,45,3,FAC-PROV-2026-00000420,2024-04-19 21:46:06.231797-05,2005.69,300.85,2306.54,2026-07-17 19:22:27.718562-05,2026-07-17 19:22:27.718562-05,script_generator,
1651,45,3,FAC-PROV-2026-00001651,2026-01-17 19:22:57.40802-05,2360.96,354.14,2715.10,2026-07-17 19:22:27.718562-05,2026-07-17 19:22:27.718562-05,script_generator,
1722,45,3,FAC-PROV-2026-00001722,2024-02-07 14:17:20.108907-05,2015.76,302.36,2318.13,2026-07-17 19:22:27.718562-05,2026-07-17 19:22:27.718562-05,script_generator,
1322,45,3,FAC-PROV-2026-00001322,2024-07-30 08:55:31.909597-05,1366.42,204.96,1571.38,2026-07-17 19:22:27.718562-05,2026-07-17 19:22:27.718562-05,script_generator,
845,45,3,FAC-PROV-2026-00000845,2024-07-01 16:16:53.402804-05,1005.36,150.80,1156.17,2026-07-17 19:22:27.718562-05,2026-07-17 19:22:27.718562-05,script_generator,
1985,45,3,FAC-PROV-2026-00001985,2026-01-28 13:13:18.882228-05,1152.78,172.92,1325.70,2026-07-17 19:22:27.718562-05,2026-07-17 19:22:27.718562-05,script_generator,
1761,45,3,FAC-PROV-2026-00001761,2025-03-27 05:21:32.700335-05,915.31,137.30,1052.60,2026-07-17 19:22:27.718562-05,2026-07-17 19:22:27.718562-05,script_generator,
196,45,3,FAC-PROV-2026-00000196,2026-05-14 12:04:56.332871-05,695.75,104.36,800.11,2026-07-17 19:22:27.718562-05,2026-07-17 19:22:27.718562-05,script_generator,
291,45,3,FAC-PROV-2026-00000291,2025-11-12 01:07:42.069264-05,1036.48,155.47,1191.95,2026-07-17 19:22:27.718562-05,2026-07-17 19:22:27.718562-05,script_generator,
1069,45,3,FAC-PROV-2026-00001069,2025-12-15 05:00:30.744577-05,2846.25,426.94,3273.19,2026-07-17 19:22:27.718562-05,2026-07-17 19:22:27.718562-05,script_generator,
1361,45,3,FAC-PROV-2026-00001361,2026-05-01 19:27:02.985023-05,1983.42,297.51,2280.93,2026-07-17 19:22:27.718562-05,2026-07-17 19:22:27.718562-05,script_generator,
61,45,3,FAC-PROV-2026-00000061,2025-12-30 00:46:07.075979-05,1147.10,172.06,1319.16,2026-07-17 19:22:27.718562-05,2026-07-17 19:22:27.718562-05,script_generator,
1043,45,3,FAC-PROV-2026-00001043,2024-01-10 15:27:37.20552-05,2165.57,324.84,2490.41,2026-07-17 19:22:27.718562-05,2026-07-17 19:22:27.718562-05,script_generator,
602,45,3,FAC-PROV-2026-00000602,2024-11-16 21:12:02.882837-05,1095.72,164.36,1260.08,2026-07-17 19:22:27.718562-05,2026-07-17 19:22:27.718562-05,script_generator,
691,45,3,FAC-PROV-2026-00000691,2026-02-24 12:50:35.991491-05,1948.82,292.32,2241.14,2026-07-17 19:22:27.718562-05,2026-07-17 19:22:27.718562-05,script_generator,
697,45,3,FAC-PROV-2026-00000697,2025-11-01 12:51:11.324014-05,793.39,119.01,912.39,2026-07-17 19:22:27.718562-05,2026-07-17 19:22:27.718562-05,script_generator,
705,45,3,FAC-PROV-2026-00000705,2025-11-02 15:54:39.732717-05,1883.83,282.57,2166.40,2026-07-17 19:22:27.718562-05,2026-07-17 19:22:27.718562-05,script_generator,
104,45,3,FAC-PROV-2026-00000104,2024-01-29 14:44:13.187789-05,1516.31,227.45,1743.76,2026-07-17 19:22:27.718562-05,2026-07-17 19:22:27.718562-05,script_generator,
1032,45,3,FAC-PROV-2026-00001032,2024-08-26 23:35:16.839955-05,1182.59,177.39,1359.98,2026-07-17 19:22:27.718562-05,2026-07-17 19:22:27.718562-05,script_generator,
171,45,3,FAC-PROV-2026-00000171,2024-09-11 07:59:57.591813-05,917.70,137.66,1055.36,2026-07-17 19:22:27.718562-05,2026-07-17 19:22:27.718562-05,script_generator,
1591,45,3,FAC-PROV-2026-00001591,2025-04-18 01:43:50.702934-05,2447.50,367.12,2814.62,2026-07-17 19:22:27.718562-05,2026-07-17 19:22:27.718562-05,script_generator,
1729,45,3,FAC-PROV-2026-00001729,2024-10-30 23:51:54.796347-05,641.55,96.23,737.79,2026-07-17 19:22:27.718562-05,2026-07-17 19:22:27.718562-05,script_generator,
1988,45,3,FAC-PROV-2026-00001988,2025-02-26 20:42:05.772952-05,1780.42,267.06,2047.48,2026-07-17 19:22:27.718562-05,2026-07-17 19:22:27.718562-05,script_generator,
397,45,3,FAC-PROV-2026-00000397,2025-05-20 09:33:32.461455-05,2969.87,445.48,3415.35,2026-07-17 19:22:27.718562-05,2026-07-17 19:22:27.718562-05,script_generator,
604,45,3,FAC-PROV-2026-00000604,2025-06-16 14:06:40.176488-05,1524.37,228.65,1753.02,2026-07-17 19:22:27.718562-05,2026-07-17 19:22:27.718562-05,script_generator,
427,45,3,FAC-PROV-2026-00000427,2024-06-06 19:21:50.593215-05,964.92,144.74,1109.66,2026-07-17 19:22:27.718562-05,2026-07-17 19:22:27.718562-05,script_generator,
347,45,3,FAC-PROV-2026-00000347,2024-04-15 09:45:24.738458-05,1152.12,172.82,1324.94,2026-07-17 19:22:27.718562-05,2026-07-17 19:22:27.718562-05,script_generator,
179,45,3,FAC-PROV-2026-00000179,2024-01-20 14:55:58.655289-05,1353.64,203.05,1556.69,2026-07-17 19:22:27.718562-05,2026-07-17 19:22:27.718562-05,script_generator,
562,45,3,FAC-PROV-2026-00000562,2026-04-22 10:28:11.207093-05,1120.95,168.14,1289.09,2026-07-17 19:22:27.718562-05,2026-07-17 19:22:27.718562-05,script_generator,
636,45,3,FAC-PROV-2026-00000636,2025-11-10 10:46:51.033652-05,1902.69,285.40,2188.09,2026-07-17 19:22:27.718562-05,2026-07-17 19:22:27.718562-05,script_generator,
1228,45,3,FAC-PROV-2026-00001228,2025-05-26 23:28:27.882517-05,2613.53,392.03,3005.56,2026-07-17 19:22:27.718562-05,2026-07-17 19:22:27.718562-05,script_generator,
1652,45,3,FAC-PROV-2026-00001652,2025-02-07 19:03:12.4475-05,1252.52,187.88,1440.40,2026-07-17 19:22:27.718562-05,2026-07-17 19:22:27.718562-05,script_generator,
1518,45,3,FAC-PROV-2026-00001518,2024-07-31 01:28:46.587785-05,2344.81,351.72,2696.54,2026-07-17 19:22:27.718562-05,2026-07-17 19:22:27.718562-05,script_generator,
1387,45,3,FAC-PROV-2026-00001387,2024-01-13 16:05:16.727743-05,3086.30,462.94,3549.24,2026-07-17 19:22:27.718562-05,2026-07-17 19:22:27.718562-05,script_generator,
1819,45,3,FAC-PROV-2026-00001819,2025-07-19 15:27:25.549843-05,1411.80,211.77,1623.57,2026-07-17 19:22:27.718562-05,2026-07-17 19:22:27.718562-05,script_generator,
445,45,3,FAC-PROV-2026-00000445,2025-06-30 12:44:25.319909-05,2103.52,315.53,2419.05,2026-07-17 19:22:27.718562-05,2026-07-17 19:22:27.718562-05,script_generator,
889,45,3,FAC-PROV-2026-00000889,2025-09-25 04:29:28.813821-05,1252.71,187.91,1440.62,2026-07-17 19:22:27.718562-05,2026-07-17 19:22:27.718562-05,script_generator,
1611,45,3,FAC-PROV-2026-00001611,2024-05-08 12:02:56.371577-05,1140.09,171.01,1311.11,2026-07-17 19:22:27.718562-05,2026-07-17 19:22:27.718562-05,script_generator,
1724,45,3,FAC-PROV-2026-00001724,2024-03-18 12:30:05.611998-05,1680.38,252.06,1932.43,2026-07-17 19:22:27.718562-05,2026-07-17 19:22:27.718562-05,script_generator,
1746,45,3,FAC-PROV-2026-00001746,2024-05-28 20:17:45.631309-05,1884.98,282.75,2167.73,2026-07-17 19:22:27.718562-05,2026-07-17 19:22:27.718562-05,script_generator,
253,45,3,FAC-PROV-2026-00000253,2026-03-21 02:50:30.396178-05,2925.72,438.86,3364.57,2026-07-17 19:22:27.718562-05,2026-07-17 19:22:27.718562-05,script_generator,
1369,45,3,FAC-PROV-2026-00001369,2025-07-29 01:49:12.727829-05,2518.05,377.71,2895.75,2026-07-17 19:22:27.718562-05,2026-07-17 19:22:27.718562-05,script_generator,
692,45,3,FAC-PROV-2026-00000692,2025-05-03 03:18:51.864977-05,2809.34,421.40,3230.74,2026-07-17 19:22:27.718562-05,2026-07-17 19:22:27.718562-05,script_generator,
581,45,3,FAC-PROV-2026-00000581,2024-04-27 03:06:12.347069-05,3156.60,473.49,3630.09,2026-07-17 19:22:27.718562-05,2026-07-17 19:22:27.718562-05,script_generator,
14,45,3,FAC-PROV-2026-00000014,2026-06-05 04:52:58.049943-05,2963.87,444.58,3408.45,2026-07-17 19:22:27.718562-05,2026-07-17 19:22:27.718562-05,script_generator,
109,45,3,FAC-PROV-2026-00000109,2025-01-18 20:27:38.829482-05,1472.82,220.92,1693.75,2026-07-17 19:22:27.718562-05,2026-07-17 19:22:27.718562-05,script_generator,
133,45,3,FAC-PROV-2026-00000133,2025-08-28 07:19:18.668627-05,1065.71,159.86,1225.57,2026-07-17 19:22:27.718562-05,2026-07-17 19:22:27.718562-05,script_generator,
1134,45,3,FAC-PROV-2026-00001134,2025-11-19 09:46:24.648424-05,1514.10,227.11,1741.21,2026-07-17 19:22:27.718562-05,2026-07-17 19:22:27.718562-05,script_generator,
1237,45,3,FAC-PROV-2026-00001237,2026-03-26 22:04:06.844251-05,1813.25,271.99,2085.24,2026-07-17 19:22:27.718562-05,2026-07-17 19:22:27.718562-05,script_generator,
1511,45,3,FAC-PROV-2026-00001511,2024-11-27 19:50:18.143382-05,2143.99,321.60,2465.59,2026-07-17 19:22:27.718562-05,2026-07-17 19:22:27.718562-05,script_generator,
1818,45,3,FAC-PROV-2026-00001818,2024-05-11 18:59:19.491494-05,2139.94,320.99,2460.93,2026-07-17 19:22:27.718562-05,2026-07-17 19:22:27.718562-05,script_generator,
603,45,3,FAC-PROV-2026-00000603,2025-09-09 09:46:56.869145-05,977.38,146.61,1123.98,2026-07-17 19:22:27.718562-05,2026-07-17 19:22:27.718562-05,script_generator,
383,45,3,FAC-PROV-2026-00000383,2025-12-31 01:40:08.127403-05,1546.52,231.98,1778.50,2026-07-17 19:22:27.718562-05,2026-07-17 19:22:27.718562-05,script_generator,
301,45,3,FAC-PROV-2026-00000301,2025-03-06 12:46:54.715581-05,1165.32,174.80,1340.12,2026-07-17 19:22:27.718562-05,2026-07-17 19:22:27.718562-05,script_generator,
7,45,3,FAC-PROV-2026-00000007,2024-09-04 05:12:04.829315-05,709.82,106.47,816.29,2026-07-17 19:22:27.718562-05,2026-07-17 19:22:27.718562-05,script_generator,
1011,45,3,FAC-PROV-2026-00001011,2025-04-07 16:23:57.633343-05,2381.28,357.19,2738.48,2026-07-17 19:22:27.718562-05,2026-07-17 19:22:27.718562-05,script_generator,
757,45,3,FAC-PROV-2026-00000757,2025-11-02 10:02:32.671012-05,1280.36,192.05,1472.41,2026-07-17 19:22:27.718562-05,2026-07-17 19:22:27.718562-05,script_generator,
1600,45,3,FAC-PROV-2026-00001600,2024-01-12 17:35:48.673192-05,1475.10,221.27,1696.37,2026-07-17 19:22:27.718562-05,2026-07-17 19:22:27.718562-05,script_generator,
771,45,3,FAC-PROV-2026-00000771,2025-05-27 10:43:15.27806-05,975.84,146.38,1122.22,2026-07-17 19:22:27.718562-05,2026-07-17 19:22:27.718562-05,script_generator,
1497,45,3,FAC-PROV-2026-00001497,2025-12-23 20:16:21.019462-05,1744.61,261.69,2006.30,2026-07-17 19:22:27.718562-05,2026-07-17 19:22:27.718562-05,script_generator,
1875,45,3,FAC-PROV-2026-00001875,2025-06-01 17:57:20.181508-05,1193.99,179.10,1373.09,2026-07-17 19:22:27.718562-05,2026-07-17 19:22:27.718562-05,script_generator,
1618,45,3,FAC-PROV-2026-00001618,2025-06-26 01:55:55.466419-05,2323.74,348.56,2672.30,2026-07-17 19:22:27.718562-05,2026-07-17 19:22:27.718562-05,script_generator,
1402,45,3,FAC-PROV-2026-00001402,2025-10-11 02:55:23.627951-05,2183.18,327.48,2510.65,2026-07-17 19:22:27.718562-05,2026-07-17 19:22:27.718562-05,script_generator,
432,45,3,FAC-PROV-2026-00000432,2024-08-26 05:32:50.958606-05,2500.45,375.07,2875.52,2026-07-17 19:22:27.718562-05,2026-07-17 19:22:27.718562-05,script_generator,
1582,45,3,FAC-PROV-2026-00001582,2024-07-08 04:54:20.813595-05,2005.77,300.87,2306.63,2026-07-17 19:22:27.718562-05,2026-07-17 19:22:27.718562-05,script_generator,
1763,45,3,FAC-PROV-2026-00001763,2024-09-04 23:18:57.127386-05,2370.70,355.61,2726.31,2026-07-17 19:22:27.718562-05,2026-07-17 19:22:27.718562-05,script_generator,
1347,45,3,FAC-PROV-2026-00001347,2025-06-09 21:39:51.129086-05,2990.71,448.61,3439.31,2026-07-17 19:22:27.718562-05,2026-07-17 19:22:27.718562-05,script_generator,
1061,45,3,FAC-PROV-2026-00001061,2024-08-04 06:15:56.03932-05,1049.41,157.41,1206.82,2026-07-17 19:22:27.718562-05,2026-07-17 19:22:27.718562-05,script_generator,
319,45,3,FAC-PROV-2026-00000319,2026-07-01 09:55:09.527881-05,1424.77,213.72,1638.49,2026-07-17 19:22:27.718562-05,2026-07-17 19:22:27.718562-05,script_generator,
1417,45,3,FAC-PROV-2026-00001417,2025-11-12 18:16:30.424066-05,2325.77,348.87,2674.64,2026-07-17 19:22:27.718562-05,2026-07-17 19:22:27.718562-05,script_generator,
1,45,3,FAC-PROV-2026-00000001,2024-06-30 01:03:06.300443-05,2767.65,415.15,3182.79,2026-07-17 19:22:27.718562-05,2026-07-17 19:22:27.718562-05,script_generator,
76,45,3,FAC-PROV-2026-00000076,2024-11-01 00:23:07.143763-05,1258.60,188.79,1447.40,2026-07-17 19:22:27.718562-05,2026-07-17 19:22:27.718562-05,script_generator,
1392,45,3,FAC-PROV-2026-00001392,2026-02-18 19:05:11.344106-05,2068.04,310.21,2378.25,2026-07-17 19:22:27.718562-05,2026-07-17 19:22:27.718562-05,script_generator,
346,45,3,FAC-PROV-2026-00000346,2026-02-25 15:21:49.970171-05,2177.24,326.59,2503.83,2026-07-17 19:22:27.718562-05,2026-07-17 19:22:27.718562-05,script_generator,
71,45,3,FAC-PROV-2026-00000071,2026-04-22 18:33:34.668143-05,2108.27,316.24,2424.51,2026-07-17 19:22:27.718562-05,2026-07-17 19:22:27.718562-05,script_generator,
267,45,3,FAC-PROV-2026-00000267,2024-07-02 20:02:11.698575-05,1467.65,220.15,1687.80,2026-07-17 19:22:27.718562-05,2026-07-17 19:22:27.718562-05,script_generator,
68,45,3,FAC-PROV-2026-00000068,2026-05-27 19:57:04.889542-05,3061.25,459.19,3520.44,2026-07-17 19:22:27.718562-05,2026-07-17 19:22:27.718562-05,script_generator,
1002,45,3,FAC-PROV-2026-00001002,2024-11-10 06:15:35.145599-05,1943.15,291.47,2234.62,2026-07-17 19:22:27.718562-05,2026-07-17 19:22:27.718562-05,script_generator,
773,45,3,FAC-PROV-2026-00000773,2026-02-27 00:11:36.08245-05,1108.60,166.29,1274.89,2026-07-17 19:22:27.718562-05,2026-07-17 19:22:27.718562-05,script_generator,
1817,45,3,FAC-PROV-2026-00001817,2025-12-31 05:53:26.058409-05,2388.61,358.29,2746.90,2026-07-17 19:22:27.718562-05,2026-07-17 19:22:27.718562-05,script_generator,
146,45,3,FAC-PROV-2026-00000146,2024-10-28 06:06:52.454356-05,2078.76,311.81,2390.58,2026-07-17 19:22:27.718562-05,2026-07-17 19:22:27.718562-05,script_generator,
80,45,3,FAC-PROV-2026-00000080,2025-03-28 22:06:15.622776-05,1493.14,223.97,1717.11,2026-07-17 19:22:27.718562-05,2026-07-17 19:22:27.718562-05,script_generator,
861,45,3,FAC-PROV-2026-00000861,2024-09-12 06:08:41.412428-05,950.78,142.62,1093.39,2026-07-17 19:22:27.718562-05,2026-07-17 19:22:27.718562-05,script_generator,
162,45,3,FAC-PROV-2026-00000162,2024-03-10 20:04:31.787242-05,2513.04,376.96,2889.99,2026-07-17 19:22:27.718562-05,2026-07-17 19:22:27.718562-05,script_generator,
738,45,3,FAC-PROV-2026-00000738,2024-10-14 00:53:31.567915-05,1394.08,209.11,1603.19,2026-07-17 19:22:27.718562-05,2026-07-17 19:22:27.718562-05,script_generator,
797,45,3,FAC-PROV-2026-00000797,2025-03-18 20:55:05.928217-05,1207.28,181.09,1388.38,2026-07-17 19:22:27.718562-05,2026-07-17 19:22:27.718562-05,script_generator,
1633,45,3,FAC-PROV-2026-00001633,2024-07-17 02:31:16.027562-05,879.20,131.88,1011.08,2026-07-17 19:22:27.718562-05,2026-07-17 19:22:27.718562-05,script_generator,
582,45,3,FAC-PROV-2026-00000582,2025-01-19 18:07:36.331969-05,866.10,129.91,996.01,2026-07-17 19:22:27.718562-05,2026-07-17 19:22:27.718562-05,script_generator,
1676,45,3,FAC-PROV-2026-00001676,2025-11-05 22:03:11.578386-05,2369.56,355.43,2724.99,2026-07-17 19:22:27.718562-05,2026-07-17 19:22:27.718562-05,script_generator,
1095,45,3,FAC-PROV-2026-00001095,2024-09-17 01:25:49.118134-05,2046.48,306.97,2353.45,2026-07-17 19:22:27.718562-05,2026-07-17 19:22:27.718562-05,script_generator,
1958,45,3,FAC-PROV-2026-00001958,2025-08-22 17:56:25.803127-05,1254.49,188.17,1442.67,2026-07-17 19:22:27.718562-05,2026-07-17 19:22:27.718562-05,script_generator,
1973,45,3,FAC-PROV-2026-00001973,2024-11-25 14:16:15.1078-05,2616.34,392.45,3008.79,2026-07-17 19:22:27.718562-05,2026-07-17 19:22:27.718562-05,script_generator,
1386,45,3,FAC-PROV-2026-00001386,2024-12-10 17:33:51.823084-05,2488.33,373.25,2861.57,2026-07-17 19:22:27.718562-05,2026-07-17 19:22:27.718562-05,script_generator,
751,45,3,FAC-PROV-2026-00000751,2024-08-12 19:06:48.485642-05,906.51,135.98,1042.49,2026-07-17 19:22:27.718562-05,2026-07-17 19:22:27.718562-05,script_generator,
237,45,3,FAC-PROV-2026-00000237,2024-01-19 02:37:17.719658-05,2087.59,313.14,2400.73,2026-07-17 19:22:27.718562-05,2026-07-17 19:22:27.718562-05,script_generator,
1892,45,3,FAC-PROV-2026-00001892,2024-05-28 00:28:48.154822-05,1334.21,200.13,1534.35,2026-07-17 19:22:27.718562-05,2026-07-17 19:22:27.718562-05,script_generator,
262,45,3,FAC-PROV-2026-00000262,2024-02-07 19:21:37.650482-05,1499.61,224.94,1724.55,2026-07-17 19:22:27.718562-05,2026-07-17 19:22:27.718562-05,script_generator,
337,45,3,FAC-PROV-2026-00000337,2024-06-14 07:30:34.843494-05,2883.16,432.47,3315.63,2026-07-17 19:22:27.718562-05,2026-07-17 19:22:27.718562-05,script_generator,
1997,45,3,FAC-PROV-2026-00001997,2025-02-06 21:24:34.713628-05,1231.37,184.70,1416.07,2026-07-17 19:22:27.718562-05,2026-07-17 19:22:27.718562-05,script_generator,
1689,45,3,FAC-PROV-2026-00001689,2025-02-19 23:25:19.678352-05,1031.65,154.75,1186.40,2026-07-17 19:22:27.718562-05,2026-07-17 19:22:27.718562-05,script_generator,
504,45,3,FAC-PROV-2026-00000504,2024-12-29 14:09:51.6214-05,1179.02,176.85,1355.88,2026-07-17 19:22:27.718562-05,2026-07-17 19:22:27.718562-05,script_generator,
1504,45,3,FAC-PROV-2026-00001504,2025-11-07 15:07:21.597802-05,953.25,142.99,1096.23,2026-07-17 19:22:27.718562-05,2026-07-17 19:22:27.718562-05,script_generator,
399,45,3,FAC-PROV-2026-00000399,2025-11-26 16:45:19.378237-05,1494.61,224.19,1718.81,2026-07-17 19:22:27.718562-05,2026-07-17 19:22:27.718562-05,script_generator,
238,45,3,FAC-PROV-2026-00000238,2025-04-26 09:41:56.635289-05,2127.32,319.10,2446.42,2026-07-17 19:22:27.718562-05,2026-07-17 19:22:27.718562-05,script_generator,
1699,45,3,FAC-PROV-2026-00001699,2025-03-05 09:40:02.608172-05,1021.77,153.27,1175.04,2026-07-17 19:22:27.718562-05,2026-07-17 19:22:27.718562-05,script_generator,
547,45,3,FAC-PROV-2026-00000547,2025-03-23 12:52:05.729308-05,2746.02,411.90,3157.92,2026-07-17 19:22:27.718562-05,2026-07-17 19:22:27.718562-05,script_generator,
818,45,3,FAC-PROV-2026-00000818,2024-02-17 09:07:36.824815-05,2295.06,344.26,2639.32,2026-07-17 19:22:27.718562-05,2026-07-17 19:22:27.718562-05,script_generator,
737,45,3,FAC-PROV-2026-00000737,2026-03-05 21:36:03.133162-05,2134.23,320.13,2454.37,2026-07-17 19:22:27.718562-05,2026-07-17 19:22:27.718562-05,script_generator,
569,45,3,FAC-PROV-2026-00000569,2024-08-01 05:00:58.957556-05,2797.49,419.62,3217.11,2026-07-17 19:22:27.718562-05,2026-07-17 19:22:27.718562-05,script_generator,
124,45,3,FAC-PROV-2026-00000124,2025-04-04 18:12:25.961699-05,2612.72,391.91,3004.63,2026-07-17 19:22:27.718562-05,2026-07-17 19:22:27.718562-05,script_generator,
452,45,3,FAC-PROV-2026-00000452,2025-12-18 08:55:05.011245-05,1558.91,233.84,1792.75,2026-07-17 19:22:27.718562-05,2026-07-17 19:22:27.718562-05,script_generator,
798,45,3,FAC-PROV-2026-00000798,2025-10-12 00:45:38.146454-05,1143.74,171.56,1315.30,2026-07-17 19:22:27.718562-05,2026-07-17 19:22:27.718562-05,script_generator,
200,45,3,FAC-PROV-2026-00000200,2025-09-29 13:53:21.939216-05,1794.99,269.25,2064.24,2026-07-17 19:22:27.718562-05,2026-07-17 19:22:27.718562-05,script_generator,
1623,45,3,FAC-PROV-2026-00001623,2026-07-17 02:31:04.153268-05,3270.84,490.63,3761.46,2026-07-17 19:22:27.718562-05,2026-07-17 19:22:27.718562-05,script_generator,
990,45,3,FAC-PROV-2026-00000990,2026-04-10 09:03:52.722645-05,1463.33,219.50,1682.83,2026-07-17 19:22:27.718562-05,2026-07-17 19:22:27.718562-05,script_generator,
685,45,3,FAC-PROV-2026-00000685,2025-08-07 06:14:16.696879-05,2536.74,380.51,2917.26,2026-07-17 19:22:27.718562-05,2026-07-17 19:22:27.718562-05,script_generator,
905,45,3,FAC-PROV-2026-00000905,2024-11-14 21:33:31.55803-05,1332.67,199.90,1532.57,2026-07-17 19:22:27.718562-05,2026-07-17 19:22:27.718562-05,script_generator,
1379,45,3,FAC-PROV-2026-00001379,2025-12-07 21:07:01.514662-05,2066.34,309.95,2376.29,2026-07-17 19:22:27.718562-05,2026-07-17 19:22:27.718562-05,script_generator,
973,45,3,FAC-PROV-2026-00000973,2024-01-28 21:12:12.339929-05,1890.57,283.59,2174.16,2026-07-17 19:22:27.718562-05,2026-07-17 19:22:27.718562-05,script_generator,
79,45,3,FAC-PROV-2026-00000079,2026-04-10 09:08:54.981662-05,718.18,107.73,825.91,2026-07-17 19:22:27.718562-05,2026-07-17 19:22:27.718562-05,script_generator,
1532,45,3,FAC-PROV-2026-00001532,2024-01-05 06:13:26.200661-05,670.18,100.53,770.70,2026-07-17 19:22:27.718562-05,2026-07-17 19:22:27.718562-05,script_generator,
1925,45,3,FAC-PROV-2026-00001925,2024-02-19 05:25:30.465386-05,1010.69,151.60,1162.29,2026-07-17 19:22:27.718562-05,2026-07-17 19:22:27.718562-05,script_generator,
1895,45,3,FAC-PROV-2026-00001895,2024-04-17 05:52:24.72368-05,1711.84,256.78,1968.62,2026-07-17 19:22:27.718562-05,2026-07-17 19:22:27.718562-05,script_generator,
1448,45,3,FAC-PROV-2026-00001448,2025-11-09 10:13:11.575175-05,2748.34,412.25,3160.59,2026-07-17 19:22:27.718562-05,2026-07-17 19:22:27.718562-05,script_generator,
17,45,3,FAC-PROV-2026-00000017,2026-03-03 14:33:54.595671-05,1940.44,291.07,2231.51,2026-07-17 19:22:27.718562-05,2026-07-17 19:22:27.718562-05,script_generator,
1116,45,3,FAC-PROV-2026-00001116,2024-12-02 06:43:37.828951-05,2130.08,319.51,2449.59,2026-07-17 19:22:27.718562-05,2026-07-17 19:22:27.718562-05,script_generator,
1290,45,3,FAC-PROV-2026-00001290,2025-10-26 04:52:57.247499-05,1597.57,239.64,1837.21,2026-07-17 19:22:27.718562-05,2026-07-17 19:22:27.718562-05,script_generator,
1070,45,3,FAC-PROV-2026-00001070,2024-11-24 15:18:04.908911-05,928.37,139.26,1067.63,2026-07-17 19:22:27.718562-05,2026-07-17 19:22:27.718562-05,script_generator,
404,45,3,FAC-PROV-2026-00000404,2025-12-20 16:56:36.37147-05,2047.89,307.18,2355.07,2026-07-17 19:22:27.718562-05,2026-07-17 19:22:27.718562-05,script_generator,
997,45,3,FAC-PROV-2026-00000997,2025-12-08 16:07:59.689748-05,2797.81,419.67,3217.49,2026-07-17 19:22:27.718562-05,2026-07-17 19:22:27.718562-05,script_generator,
1280,45,3,FAC-PROV-2026-00001280,2024-05-09 22:57:49.765149-05,2005.47,300.82,2306.29,2026-07-17 19:22:27.718562-05,2026-07-17 19:22:27.718562-05,script_generator,
1029,45,3,FAC-PROV-2026-00001029,2024-05-13 11:26:33.767805-05,1377.44,206.62,1584.06,2026-07-17 19:22:27.718562-05,2026-07-17 19:22:27.718562-05,script_generator,
1068,45,3,FAC-PROV-2026-00001068,2025-11-24 23:17:34.355047-05,2798.29,419.74,3218.03,2026-07-17 19:22:27.718562-05,2026-07-17 19:22:27.718562-05,script_generator,
1245,45,3,FAC-PROV-2026-00001245,2024-01-11 23:25:59.285801-05,1423.67,213.55,1637.22,2026-07-17 19:22:27.718562-05,2026-07-17 19:22:27.718562-05,script_generator,
616,45,3,FAC-PROV-2026-00000616,2026-01-05 01:15:52.240052-05,2497.87,374.68,2872.55,2026-07-17 19:22:27.718562-05,2026-07-17 19:22:27.718562-05,script_generator,
1211,45,3,FAC-PROV-2026-00001211,2025-12-22 03:22:02.450633-05,958.51,143.78,1102.29,2026-07-17 19:22:27.718562-05,2026-07-17 19:22:27.718562-05,script_generator,
1393,45,3,FAC-PROV-2026-00001393,2024-07-17 17:03:52.828359-05,1643.00,246.45,1889.45,2026-07-17 19:22:27.718562-05,2026-07-17 19:22:27.718562-05,script_generator,
83,45,3,FAC-PROV-2026-00000083,2025-01-27 06:27:50.471398-05,2053.81,308.07,2361.88,2026-07-17 19:22:27.718562-05,2026-07-17 19:22:27.718562-05,script_generator,
63,45,3,FAC-PROV-2026-00000063,2024-11-05 04:11:56.804885-05,1940.29,291.04,2231.33,2026-07-17 19:22:27.718562-05,2026-07-17 19:22:27.718562-05,script_generator,
516,45,3,FAC-PROV-2026-00000516,2025-05-14 15:33:43.24049-05,2652.61,397.89,3050.51,2026-07-17 19:22:27.718562-05,2026-07-17 19:22:27.718562-05,script_generator,
542,45,3,FAC-PROV-2026-00000542,2024-07-18 21:31:12.11838-05,2499.86,374.98,2874.84,2026-07-17 19:22:27.718562-05,2026-07-17 19:22:27.718562-05,script_generator,
395,45,3,FAC-PROV-2026-00000395,2024-07-19 03:48:37.069441-05,2159.16,323.87,2483.03,2026-07-17 19:22:27.718562-05,2026-07-17 19:22:27.718562-05,script_generator,
1294,45,3,FAC-PROV-2026-00001294,2024-01-25 22:00:03.883972-05,1760.27,264.04,2024.32,2026-07-17 19:22:27.718562-05,2026-07-17 19:22:27.718562-05,script_generator,
882,45,3,FAC-PROV-2026-00000882,2025-07-04 13:14:11.37998-05,3165.00,474.75,3639.75,2026-07-17 19:22:27.718562-05,2026-07-17 19:22:27.718562-05,script_generator,
955,45,3,FAC-PROV-2026-00000955,2025-04-29 19:18:12.344126-05,2307.13,346.07,2653.20,2026-07-17 19:22:27.718562-05,2026-07-17 19:22:27.718562-05,script_generator,
274,45,3,FAC-PROV-2026-00000274,2026-05-08 17:22:54.961032-05,2762.57,414.38,3176.95,2026-07-17 19:22:27.718562-05,2026-07-17 19:22:27.718562-05,script_generator,
1876,45,3,FAC-PROV-2026-00001876,2024-05-01 13:09:08.418859-05,1482.44,222.37,1704.80,2026-07-17 19:22:27.718562-05,2026-07-17 19:22:27.718562-05,script_generator,
1304,45,3,FAC-PROV-2026-00001304,2025-07-07 14:08:12.262466-05,2561.30,384.19,2945.49,2026-07-17 19:22:27.718562-05,2026-07-17 19:22:27.718562-05,script_generator,
1590,45,3,FAC-PROV-2026-00001590,2024-02-24 08:15:21.385843-05,738.97,110.85,849.82,2026-07-17 19:22:27.718562-05,2026-07-17 19:22:27.718562-05,script_generator,
1904,45,3,FAC-PROV-2026-00001904,2024-06-25 20:26:28.214539-05,1244.02,186.60,1430.63,2026-07-17 19:22:27.718562-05,2026-07-17 19:22:27.718562-05,script_generator,
801,45,3,FAC-PROV-2026-00000801,2025-04-02 13:37:48.527142-05,746.99,112.05,859.04,2026-07-17 19:22:27.718562-05,2026-07-17 19:22:27.718562-05,script_generator,
163,45,3,FAC-PROV-2026-00000163,2024-11-08 21:08:26.242716-05,2593.19,388.98,2982.17,2026-07-17 19:22:27.718562-05,2026-07-17 19:22:27.718562-05,script_generator,
1302,45,3,FAC-PROV-2026-00001302,2026-05-03 08:00:49.733926-05,1515.20,227.28,1742.47,2026-07-17 19:22:27.718562-05,2026-07-17 19:22:27.718562-05,script_generator,
1103,45,3,FAC-PROV-2026-00001103,2026-01-22 07:51:57.27243-05,801.15,120.17,921.33,2026-07-17 19:22:27.718562-05,2026-07-17 19:22:27.718562-05,script_generator,
669,45,3,FAC-PROV-2026-00000669,2024-11-17 06:25:55.484356-05,2289.34,343.40,2632.74,2026-07-17 19:22:27.718562-05,2026-07-17 19:22:27.718562-05,script_generator,
223,45,3,FAC-PROV-2026-00000223,2024-01-15 19:43:55.745829-05,916.41,137.46,1053.88,2026-07-17 19:22:27.718562-05,2026-07-17 19:22:27.718562-05,script_generator,
352,45,3,FAC-PROV-2026-00000352,2024-04-06 05:10:45.728635-05,1634.72,245.21,1879.93,2026-07-17 19:22:27.718562-05,2026-07-17 19:22:27.718562-05,script_generator,
1512,45,3,FAC-PROV-2026-00001512,2024-10-27 09:34:50.573239-05,1096.10,164.41,1260.51,2026-07-17 19:22:27.718562-05,2026-07-17 19:22:27.718562-05,script_generator,
362,45,3,FAC-PROV-2026-00000362,2025-07-17 19:46:30.338706-05,1417.51,212.63,1630.14,2026-07-17 19:22:27.718562-05,2026-07-17 19:22:27.718562-05,script_generator,
221,45,3,FAC-PROV-2026-00000221,2025-10-10 08:30:24.436977-05,2465.31,369.80,2835.10,2026-07-17 19:22:27.718562-05,2026-07-17 19:22:27.718562-05,script_generator,
688,45,3,FAC-PROV-2026-00000688,2026-03-26 04:22:59.520219-05,1087.07,163.06,1250.13,2026-07-17 19:22:27.718562-05,2026-07-17 19:22:27.718562-05,script_generator,
1288,45,3,FAC-PROV-2026-00001288,2026-03-13 23:22:18.392234-05,738.64,110.80,849.44,2026-07-17 19:22:27.718562-05,2026-07-17 19:22:27.718562-05,script_generator,
1207,45,3,FAC-PROV-2026-00001207,2024-03-06 17:25:07.67398-05,2491.24,373.69,2864.93,2026-07-17 19:22:27.718562-05,2026-07-17 19:22:27.718562-05,script_generator,
111,45,3,FAC-PROV-2026-00000111,2025-09-05 03:09:58.195492-05,1720.48,258.07,1978.55,2026-07-17 19:22:27.718562-05,2026-07-17 19:22:27.718562-05,script_generator,
1093,45,3,FAC-PROV-2026-00001093,2025-10-11 05:03:37.077-05,1704.38,255.66,1960.04,2026-07-17 19:22:27.718562-05,2026-07-17 19:22:27.718562-05,script_generator,
1076,45,3,FAC-PROV-2026-00001076,2025-04-07 21:19:28.840585-05,2465.96,369.89,2835.85,2026-07-17 19:22:27.718562-05,2026-07-17 19:22:27.718562-05,script_generator,
1709,45,3,FAC-PROV-2026-00001709,2026-01-16 00:35:53.64715-05,1258.40,188.76,1447.16,2026-07-17 19:22:27.718562-05,2026-07-17 19:22:27.718562-05,script_generator,
968,45,3,FAC-PROV-2026-00000968,2026-05-22 05:25:57.524803-05,2000.98,300.15,2301.12,2026-07-17 19:22:27.718562-05,2026-07-17 19:22:27.718562-05,script_generator,
16,45,3,FAC-PROV-2026-00000016,2025-04-28 18:02:24.878671-05,1682.52,252.38,1934.90,2026-07-17 19:22:27.718562-05,2026-07-17 19:22:27.718562-05,script_generator,
1659,45,3,FAC-PROV-2026-00001659,2024-07-11 13:38:31.038071-05,2889.67,433.45,3323.12,2026-07-17 19:22:27.718562-05,2026-07-17 19:22:27.718562-05,script_generator,
326,45,3,FAC-PROV-2026-00000326,2024-04-09 17:02:48.86409-05,915.70,137.35,1053.05,2026-07-17 19:22:27.718562-05,2026-07-17 19:22:27.718562-05,script_generator,
1879,45,3,FAC-PROV-2026-00001879,2024-04-16 03:54:46.842377-05,1990.31,298.55,2288.86,2026-07-17 19:22:27.718562-05,2026-07-17 19:22:27.718562-05,script_generator,
371,45,3,FAC-PROV-2026-00000371,2024-05-31 01:24:29.989074-05,2069.17,310.38,2379.55,2026-07-17 19:22:27.718562-05,2026-07-17 19:22:27.718562-05,script_generator,
1939,45,3,FAC-PROV-2026-00001939,2025-04-16 13:22:29.203187-05,3114.83,467.23,3582.06,2026-07-17 19:22:27.718562-05,2026-07-17 19:22:27.718562-05,script_generator,
655,45,3,FAC-PROV-2026-00000655,2025-05-12 02:59:20.845992-05,1979.89,296.98,2276.88,2026-07-17 19:22:27.718562-05,2026-07-17 19:22:27.718562-05,script_generator,
1327,45,3,FAC-PROV-2026-00001327,2025-08-09 10:13:16.967302-05,2722.91,408.44,3131.34,2026-07-17 19:22:27.718562-05,2026-07-17 19:22:27.718562-05,script_generator,
1450,45,3,FAC-PROV-2026-00001450,2025-07-25 06:21:22.538642-05,1777.74,266.66,2044.40,2026-07-17 19:22:27.718562-05,2026-07-17 19:22:27.718562-05,script_generator,
183,45,3,FAC-PROV-2026-00000183,2025-05-12 21:21:30.267627-05,2727.12,409.07,3136.19,2026-07-17 19:22:27.718562-05,2026-07-17 19:22:27.718562-05,script_generator,
1225,45,3,FAC-PROV-2026-00001225,2024-05-03 14:13:47.677144-05,1075.93,161.39,1237.32,2026-07-17 19:22:27.718562-05,2026-07-17 19:22:27.718562-05,script_generator,
150,45,3,FAC-PROV-2026-00000150,2026-02-18 01:42:07.894642-05,912.76,136.91,1049.67,2026-07-17 19:22:27.718562-05,2026-07-17 19:22:27.718562-05,script_generator,
656,45,3,FAC-PROV-2026-00000656,2024-12-18 10:41:10.621387-05,1180.40,177.06,1357.46,2026-07-17 19:22:27.718562-05,2026-07-17 19:22:27.718562-05,script_generator,
1731,45,3,FAC-PROV-2026-00001731,2026-04-10 11:46:12.033867-05,1085.17,162.78,1247.94,2026-07-17 19:22:27.718562-05,2026-07-17 19:22:27.718562-05,script_generator,
122,45,3,FAC-PROV-2026-00000122,2024-11-07 10:45:29.245435-05,1752.84,262.93,2015.77,2026-07-17 19:22:27.718562-05,2026-07-17 19:22:27.718562-05,script_generator,
1355,45,3,FAC-PROV-2026-00001355,2024-06-13 17:02:31.223294-05,741.61,111.24,852.86,2026-07-17 19:22:27.718562-05,2026-07-17 19:22:27.718562-05,script_generator,
648,45,3,FAC-PROV-2026-00000648,2024-11-20 18:38:14.395257-05,2623.90,393.58,3017.48,2026-07-17 19:22:27.718562-05,2026-07-17 19:22:27.718562-05,script_generator,
570,45,3,FAC-PROV-2026-00000570,2025-07-18 06:10:50.42533-05,2309.69,346.45,2656.15,2026-07-17 19:22:27.718562-05,2026-07-17 19:22:27.718562-05,script_generator,
923,45,3,FAC-PROV-2026-00000923,2025-09-17 18:00:32.652462-05,2610.81,391.62,3002.44,2026-07-17 19:22:27.718562-05,2026-07-17 19:22:27.718562-05,script_generator,
995,45,3,FAC-PROV-2026-00000995,2026-04-17 11:24:42.109189-05,3026.32,453.95,3480.27,2026-07-17 19:22:27.718562-05,2026-07-17 19:22:27.718562-05,script_generator,
1867,45,3,FAC-PROV-2026-00001867,2024-12-06 03:17:08.433017-05,936.98,140.55,1077.52,2026-07-17 19:22:27.718562-05,2026-07-17 19:22:27.718562-05,script_generator,
1014,45,3,FAC-PROV-2026-00001014,2026-05-07 08:42:08.915703-05,1581.69,237.25,1818.94,2026-07-17 19:22:27.718562-05,2026-07-17 19:22:27.718562-05,script_generator,
1125,45,3,FAC-PROV-2026-00001125,2024-09-20 05:25:09.739361-05,2738.78,410.82,3149.60,2026-07-17 19:22:27.718562-05,2026-07-17 19:22:27.718562-05,script_generator,
530,45,3,FAC-PROV-2026-00000530,2024-10-15 00:27:13.09939-05,2855.10,428.26,3283.36,2026-07-17 19:22:27.718562-05,2026-07-17 19:22:27.718562-05,script_generator,
928,45,3,FAC-PROV-2026-00000928,2024-05-09 07:26:11.880065-05,2810.38,421.56,3231.93,2026-07-17 19:22:27.718562-05,2026-07-17 19:22:27.718562-05,script_generator,
536,45,3,FAC-PROV-2026-00000536,2025-06-24 10:24:06.943568-05,3004.99,450.75,3455.74,2026-07-17 19:22:27.718562-05,2026-07-17 19:22:27.718562-05,script_generator,
1715,45,3,FAC-PROV-2026-00001715,2024-06-11 11:26:52.88772-05,1017.05,152.56,1169.60,2026-07-17 19:22:27.718562-05,2026-07-17 19:22:27.718562-05,script_generator,
520,45,3,FAC-PROV-2026-00000520,2025-06-16 08:02:42.276199-05,2436.02,365.40,2801.42,2026-07-17 19:22:27.718562-05,2026-07-17 19:22:27.718562-05,script_generator,
55,45,3,FAC-PROV-2026-00000055,2024-08-06 22:49:38.933023-05,901.90,135.28,1037.18,2026-07-17 19:22:27.718562-05,2026-07-17 19:22:27.718562-05,script_generator,
148,45,3,FAC-PROV-2026-00000148,2024-11-06 19:00:39.438205-05,1642.62,246.39,1889.01,2026-07-17 19:22:27.718562-05,2026-07-17 19:22:27.718562-05,script_generator,
790,45,3,FAC-PROV-2026-00000790,2025-11-16 19:26:17.618411-05,1283.44,192.52,1475.95,2026-07-17 19:22:27.718562-05,2026-07-17 19:22:27.718562-05,script_generator,
