id_inventario,id_sucursal,id_producto,stock_actual,creado_en,modificado_en,creado_por,modificado_por
1,1,1,400,2026-07-17 19:22:27.718562-05,2026-07-17 19:22:27.718562-05,script,
2,1,2,288.435,2026-07-17 19:22:27.718562-05,2026-07-17 19:22:27.718562-05,script,
3,1,3,194.496,2026-07-17 19:22:27.718562-05,2026-07-17 19:22:27.718562-05,script,
4,1,4,431.365,2026-07-17 19:22:27.718562-05,2026-07-17 19:22:27.718562-05,script,
5,1,5,304.790,2026-07-17 19:22:27.718562-05,2026-07-17 19:22:27.718562-05,script,
6,1,6,392.077,2026-07-17 19:22:27.718562-05,2026-07-17 19:22:27.718562-05,script,
7,1,7,520.354,2026-07-17 19:22:27.718562-05,2026-07-17 19:22:27.718562-05,script,
8,1,8,305.484,2026-07-17 19:22:27.718562-05,2026-07-17 19:22:27.718562-05,script,
9,1,9,305.125,2026-07-17 19:22:27.718562-05,2026-07-17 19:22:27.718562-05,script,
10,1,10,171.166,2026-07-17 19:22:27.718562-05,2026-07-17 19:22:27.718562-05,script,
11,1,11,274.885,2026-07-17 19:22:27.718562-05,2026-07-17 19:22:27.718562-05,script,
12,1,12,255.158,2026-07-17 19:22:27.718562-05,2026-07-17 19:22:27.718562-05,script,
13,1,13,422.169,2026-07-17 19:22:27.718562-05,2026-07-17 19:22:27.718562-05,script,
14,1,14,450,2026-07-17 19:22:27.718562-05,2026-07-17 19:22:27.718562-05,script,
15,1,15,464.308,2026-07-17 19:22:27.718562-05,2026-07-17 19:22:27.718562-05,script,
16,1,16,226.639,2026-07-17 19:22:27.718562-05,2026-07-17 19:22:27.718562-05,script,
17,1,17,405.036,2026-07-17 19:22:27.718562-05,2026-07-17 19:22:27.718562-05,script,
18,1,18,371.210,2026-07-17 19:22:27.718562-05,2026-07-17 19:22:27.718562-05,script,
19,1,19,189.224,2026-07-17 19:22:27.718562-05,2026-07-17 19:22:27.718562-05,script,
20,1,20,466.351,2026-07-17 19:22:27.718562-05,2026-07-17 19:22:27.718562-05,script,
21,1,21,502.326,2026-07-17 19:22:27.718562-05,2026-07-17 19:22:27.718562-05,script,
22,1,22,202.939,2026-07-17 19:22:27.718562-05,2026-07-17 19:22:27.718562-05,script,
23,1,23,313.089,2026-07-17 19:22:27.718562-05,2026-07-17 19:22:27.718562-05,script,
24,1,24,443.544,2026-07-17 19:22:27.718562-05,2026-07-17 19:22:27.718562-05,script,
25,1,25,167.871,2026-07-17 19:22:27.718562-05,2026-07-17 19:22:27.718562-05,script,
26,1,26,380,2026-07-17 19:22:27.718562-05,2026-07-17 19:22:27.718562-05,script,
27,1,27,372.488,2026-07-17 19:22:27.718562-05,2026-07-17 19:22:27.718562-05,script,
28,1,28,378.183,2026-07-17 19:22:27.718562-05,2026-07-17 19:22:27.718562-05,script,
29,1,29,222.079,2026-07-17 19:22:27.718562-05,2026-07-17 19:22:27.718562-05,script,
30,1,30,260,2026-07-17 19:22:27.718562-05,2026-07-17 19:22:27.718562-05,script,
31,1,31,265.553,2026-07-17 19:22:27.718562-05,2026-07-17 19:22:27.718562-05,script,
32,1,32,227.301,2026-07-17 19:22:27.718562-05,2026-07-17 19:22:27.718562-05,script,
33,1,33,187.842,2026-07-17 19:22:27.718562-05,2026-07-17 19:22:27.718562-05,script,
34,1,34,268.122,2026-07-17 19:22:27.718562-05,2026-07-17 19:22:27.718562-05,script,
35,1,35,210.493,2026-07-17 19:22:27.718562-05,2026-07-17 19:22:27.718562-05,script,
36,1,36,383.074,2026-07-17 19:22:27.718562-05,2026-07-17 19:22:27.718562-05,script,
37,1,37,476.790,2026-07-17 19:22:27.718562-05,2026-07-17 19:22:27.718562-05,script,
38,1,38,283.309,2026-07-17 19:22:27.718562-05,2026-07-17 19:22:27.718562-05,script,
39,1,39,354.068,2026-07-17 19:22:27.718562-05,2026-07-17 19:22:27.718562-05,script,
40,1,40,244.618,2026-07-17 19:22:27.718562-05,2026-07-17 19:22:27.718562-05,script,
41,1,41,299.513,2026-07-17 19:22:27.718562-05,2026-07-17 19:22:27.718562-05,script,
42,1,125,2026-07-17 19:22:27.718562-05,2026-07-17 19:22:27.718562-05,script,
43,1,43,166.582,2026-07-17 19:22:27.718562-05,2026-07-17 19:22:27.718562-05,script,
44,1,44,540.898,2026-07-17 19:22:27.718562-05,2026-07-17 19:22:27.718562-05,script,
45,1,45,475.129,2026-07-17 19:22:27.718562-05,2026-07-17 19:22:27.718562-05,script,
46,1,46,58,2026-07-17 19:22:27.718562-05,2026-07-17 19:22:27.718562-05,script,
47,1,47,424.182,2026-07-17 19:22:27.718562-05,2026-07-17 19:22:27.718562-05,script,
48,1,48,332.095,2026-07-17 19:22:27.718562-05,2026-07-17 19:22:27.718562-05,script,
49,1,49,523.788,2026-07-17 19:22:27.718562-05,2026-07-17 19:22:27.718562-05,script,
50,1,50,289.484,2026-07-17 19:22:27.718562-05,2026-07-17 19:22:27.718562-05,script,
51,1,51,549.086,2026-07-17 19:22:27.718562-05,2026-07-17 19:22:27.718562-05,script,
52,1,52,219.641,2026-07-17 19:22:27.718562-05,2026-07-17 19:22:27.718562-05,script,
53,1,53,447.346,2026-07-17 19:22:27.718562-05,2026-07-17 19:22:27.718562-05,script,
54,1,54,264.849,2026-07-17 19:22:27.718562-05,2026-07-17 19:22:27.718562-05,script,
55,1,55,233.519,2026-07-17 19:22:27.718562-05,2026-07-17 19:22:27.718562-05,script,
56,1,56,395.585,2026-07-17 19:22:27.718562-05,2026-07-17 19:22:27.718562-05,script,
57,1,57,508.925,2026-07-17 19:22:27.718562-05,2026-07-17 19:22:27.718562-05,script,
58,1,58,164.195,2026-07-17 19:22:27.718562-05,2026-07-17 19:22:27.718562-05,script,
59,1,59,155.582,2026-07-17 19:22:27.718562-05,2026-07-17 19:22:27.718562-05,script,
60,1,60,269.623,2026-07-17 19:22:27.718562-05,2026-07-17 19:22:27.718562-05,script,
61,1,61,248.151,2026-07-17 19:22:27.718562-05,2026-07-17 19:22:27.718562-05,script,
62,1,62,477.251,2026-07-17 19:22:27.718562-05,2026-07-17 19:22:27.718562-05,script,
63,1,63,311.949,2026-07-17 19:22:27.718562-05,2026-07-17 19:22:27.718562-05,script,
64,1,64,165.043,2026-07-17 19:22:27.718562-05,2026-07-17 19:22:27.718562-05,script,
65,1,65,250.312,2026-07-17 19:22:27.718562-05,2026-07-17 19:22:27.718562-05,script,
66,1,66,200.905,2026-07-17 19:22:27.718562-05,2026-07-17 19:22:27.718562-05,script,
67,1,67,394.019,2026-07-17 19:22:27.718562-05,2026-07-17 19:22:27.718562-05,script,
68,1,68,394.814,2026-07-17 19:22:27.718562-05,2026-07-17 19:22:27.718562-05,script,
69,1,69,487.437,2026-07-17 19:22:27.718562-05,2026-07-17 19:22:27.718562-05,script,
70,1,70,424.839,2026-07-17 19:22:27.718562-05,2026-07-17 19:22:27.718562-05,script,
71,1,71,177.813,2026-07-17 19:22:27.718562-05,2026-07-17 19:22:27.718562-05,script,
72,1,72,479.725,2026-07-17 19:22:27.718562-05,2026-07-17 19:22:27.718562-05,script,
73,1,73,320.411,2026-07-17 19:22:27.718562-05,2026-07-17 19:22:27.718562-05,script,
74,1,74,213.646,2026-07-17 19:22:27.718562-05,2026-07-17 19:22:27.718562-05,script,
75,1,75,337.132,2026-07-17 19:22:27.718562-05,2026-07-17 19:22:27.718562-05,script,
76,1,76,25.012,2026-07-17 19:22:27.718562-05,2026-07-17 19:22:27.718562-05,script,
77,1,77,60.717,2026-07-17 19:22:27.718562-05,2026-07-17 19:22:27.718562-05,script,
78,1,78,51.355,2026-07-17 19:22:27.718562-05,2026-07-17 19:22:27.718562-05,script,
79,1,79,69.605,2026-07-17 19:22:27.718562-05,2026-07-17 19:22:27.718562-05,script,
80,1,80,52.325,2026-07-17 19:22:27.718562-05,2026-07-17 19:22:27.718562-05,script,
81,1,81,77.993,2026-07-17 19:22:27.718562-05,2026-07-17 19:22:27.718562-05,script,
82,1,82,60.260,2026-07-17 19:22:27.718562-05,2026-07-17 19:22:27.718562-05,script,
83,1,83,36.347,2026-07-17 19:22:27.718562-05,2026-07-17 19:22:27.718562-05,script,
84,1,84,39.268,2026-07-17 19:22:27.718562-05,2026-07-17 19:22:27.718562-05,script,
85,1,85,58.922,2026-07-17 19:22:27.718562-05,2026-07-17 19:22:27.718562-05,script,
86,1,86,15.651,2026-07-17 19:22:27.718562-05,2026-07-17 19:22:27.718562-05,script,
87,1,87,41.911,2026-07-17 19:22:27.718562-05,2026-07-17 19:22:27.718562-05,script,
88,1,88,50.422,2026-07-17 19:22:27.718562-05,2026-07-17 19:22:27.718562-05,script,
89,1,89,44.190,2026-07-17 19:22:27.718562-05,2026-07-17 19:22:27.718562-05,script,
90,1,90,42.988,2026-07-17 19:22:27.718562-05,2026-07-17 19:22:27.718562-05,script,
91,1,91,49.903,2026-07-17 19:22:27.718562-05,2026-07-17 19:22:27.718562-05,script,
92,1,92,72.692,2026-07-17 19:22:27.718562-05,2026-07-17 19:22:27.718562-05,script,
93,1,93,36.469,2026-07-17 19:22:27.718562-05,2026-07-17 19:22:27.718562-05,script,
94,1,94,17.049,2026-07-17 19:22:27.718562-05,2026-07-17 19:22:27.718562-05,script,
95,1,95,73.174,2026-07-17 19:22:27.718562-05,2026-07-17 19:22:27.718562-05,script,
96,1,96,19.523,2026-07-17 19:22:27.718562-05,2026-07-17 19:22:27.718562-05,script,
97,1,97,11.791,2026-07-17 19:22:27.718562-05,2026-07-17 19:22:27.718562-05,script,
98,1,98,34.037,2026-07-17 19:22:27.718562-05,2026-07-17 19:22:27.718562-05,script,
99,1,99,54.213,2026-07-17 19:22:27.718562-05,2026-07-17 19:22:27.718562-05,script,
100,1,100,43.573,2026-07-17 19:22:27.718562-05,2026-07-17 19:22:27.718562-05,script,
101,1,101,57.204,2026-07-17 19:22:27.718562-05,2026-07-17 19:22:27.718562-05,script,
102,1,102,220,2026-07-17 19:22:27.718562-05,2026-07-17 19:22:27.718562-05,script,
103,1,103,185,2026-07-17 19:22:27.718562-05,2026-07-17 19:22:27.718562-05,script,
104,1,104,11.301,2026-07-17 19:22:27.718562-05,2026-07-17 19:22:27.718562-05,script,
105,1,105,61.545,2026-07-17 19:22:27.718562-05,2026-07-17 19:22:27.718562-05,script,
106,1,106,16.912,2026-07-17 19:22:27.718562-05,2026-07-17 19:22:27.718562-05,script,
107,1,107,74.175,2026-07-17 19:22:27.718562-05,2026-07-17 19:22:27.718562-05,script,
108,1,108,39.632,2026-07-17 19:22:27.718562-05,2026-07-17 19:22:27.718562-05,script,
109,1,109,40.864,2026-07-17 19:22:27.718562-05,2026-07-17 19:22:27.718562-05,script,
110,1,110,36.869,2026-07-17 19:22:27.718562-05,2026-07-17 19:22:27.718562-05,script,
111,1,111,19.715,2026-07-17 19:22:27.718562-05,2026-07-17 19:22:27.718562-05,script,
112,1,112,36.870,2026-07-17 19:22:27.718562-05,2026-07-17 19:22:27.718562-05,script,
113,1,113,63.388,2026-07-17 19:22:27.718562-05,2026-07-17 19:22:27.718562-05,script,
114,1,114,17.952,2026-07-17 19:22:27.718562-05,2026-07-17 19:22:27.718562-05,script,
115,1,115,21.459,2026-07-17 19:22:27.718562-05,2026-07-17 19:22:27.718562-05,script,
116,1,116,17.337,2026-07-17 19:22:27.718562-05,2026-07-17 19:22:27.718562-05,script,
117,1,117,54.123,2026-07-17 19:22:27.718562-05,2026-07-17 19:22:27.718562-05,script,
118,1,118,10.316,2026-07-17 19:22:27.718562-05,2026-07-17 19:22:27.718562-05,script,
119,1,119,70.507,2026-07-17 19:22:27.718562-05,2026-07-17 19:22:27.718562-05,script,
120,1,120,43.312,2026-07-17 19:22:27.718562-05,2026-07-17 19:22:27.718562-05,script,
121,1,121,56.684,2026-07-17 19:22:27.718562-05,2026-07-17 19:22:27.718562-05,script,
122,1,122,43.823,2026-07-17 19:22:27.718562-05,2026-07-17 19:22:27.718562-05,script,
123,1,123,72.408,2026-07-17 19:22:27.718562-05,2026-07-17 19:22:27.718562-05,script,
124,1,124,45.789,2026-07-17 19:22:27.718562-05,2026-07-17 19:22:27.718562-05,script,
125,1,125,41.799,2026-07-17 19:22:27.718562-05,2026-07-17 19:22:27.718562-05,script,
126,1,126,77.954,2026-07-17 19:22:27.718562-05,2026-07-17 19:22:27.718562-05,script,
127,1,127,41.782,2026-07-17 19:22:27.718562-05,2026-07-17 19:22:27.718562-05,script,
128,1,128,43.734,2026-07-17 19:22:27.718562-05,2026-07-17 19:22:27.718562-05,script,
129,1,129,71.084,2026-07-17 19:22:27.718562-05,2026-07-17 19:22:27.718562-05,script,
130,1,130,47.099,2026-07-17 19:22:27.718562-05,2026-07-17 19:22:27.718562-05,script,
131,1,131,58.625,2026-07-17 19:22:27.718562-05,2026-07-17 19:22:27.718562-05,script,
132,1,132,15.479,2026-07-17 19:22:27.718562-05,2026-07-17 19:22:27.718562-05,script,
133,1,133,36.797,2026-07-17 19:22:27.718562-05,2026-07-17 19:22:27.718562-05,script,
134,1,134,69.009,2026-07-17 19:22:27.718562-05,2026-07-17 19:22:27.718562-05,script,
135,1,135,21.598,2026-07-17 19:22:27.718562-05,2026-07-17 19:22:27.718562-05,script,
136,1,136,70.825,2026-07-17 19:22:27.718562-05,2026-07-17 19:22:27.718562-05,script,
137,1,137,33.263,2026-07-17 19:22:27.718562-05,2026-07-17 19:22:27.718562-05,script,
138,1,138,37.498,2026-07-17 19:22:27.718562-05,2026-07-17 19:22:27.718562-05,script,
139,1,139,17.470,2026-07-17 19:22:27.718562-05,2026-07-17 19:22:27.718562-05,script,
140,1,140,55.013,2026-07-17 19:22:27.718562-05,2026-07-17 19:22:27.718562-05,script,
141,1,141,31.888,2026-07-17 19:22:27.718562-05,2026-07-17 19:22:27.718562-05,script,
142,1,142,71.488,2026-07-17 19:22:27.718562-05,2026-07-17 19:22:27.718562-05,script,
143,1,143,49.156,2026-07-17 19:22:27.718562-05,2026-07-17 19:22:27.718562-05,script,
144,1,144,52.523,2026-07-17 19:22:27.718562-05,2026-07-17 19:22:27.718562-05,script,
145,1,145,27.259,2026-07-17 19:22:27.718562-05,2026-07-17 19:22:27.718562-05,script,
146,1,146,58.406,2026-07-17 19:22:27.718562-05,2026-07-17 19:22:27.718562-05,script,
147,1,147,33.384,2026-07-17 19:22:27.718562-05,2026-07-17 19:22:27.718562-05,script,
148,1,148,50.711,2026-07-17 19:22:27.718562-05,2026-07-17 19:22:27.718562-05,script,
149,1,149,73.357,2026-07-17 19:22:27.718562-05,2026-07-17 19:22:27.718562-05,script,
150,1,150,72.026,2026-07-17 19:22:27.718562-05,2026-07-17 19:22:27.718562-05,script,
151,1,151,518.087,2026-07-17 19:22:27.718562-05,2026-07-17 19:22:27.718562-05,script,
152,1,152,445.006,2026-07-17 19:22:27.718562-05,2026-07-17 19:22:27.718562-05,script,
153,1,153,290.587,2026-07-17 19:22:27.718562-05,2026-07-17 19:22:27.718562-05,script,
154,1,154,420.614,2026-07-17 19:22:27.718562-05,2026-07-17 19:22:27.718562-05,script,
155,1,155,380.140,2026-07-17 19:22:27.718562-05,2026-07-17 19:22:27.718562-05,script,
156,1,156,509.149,2026-07-17 19:22:27.718562-05,2026-07-17 19:22:27.718562-05,script,
157,1,157,338,2026-07-17 19:22:27.718562-05,2026-07-17 19:22:27.718562-05,script,
158,1,158,543.430,2026-07-17 19:22:27.718562-05,2026-07-17 19:22:27.718562-05,script,
159,1,159,198.465,2026-07-17 19:22:27.718562-05,2026-07-17 19:22:27.718562-05,script,
160,1,160,448.225,2026-07-17 19:22:27.718562-05,2026-07-17 19:22:27.718562-05,script,
161,1,161,518.784,2026-07-17 19:22:27.718562-05,2026-07-17 19:22:27.718562-05,script,
162,1,162,487.985,2026-07-17 19:22:27.718562-05,2026-07-17 19:22:27.718562-05,script,
163,1,163,244.962,2026-07-17 19:22:27.718562-05,2026-07-17 19:22:27.718562-05,script,
164,1,164,305.425,2026-07-17 19:22:27.718562-05,2026-07-17 19:22:27.718562-05,script,
165,1,165,286.381,2026-07-17 19:22:27.718562-05,2026-07-17 19:22:27.718562-05,script,
166,1,166,235.833,2026-07-17 19:22:27.718562-05,2026-07-17 19:22:27.718562-05,script,
167,1,167,407.515,2026-07-17 19:22:27.718562-05,2026-07-17 19:22:27.718562-05,script,
168,1,168,364.055,2026-07-17 19:22:27.718562-05,2026-07-17 19:22:27.718562-05,script,
169,1,169,405.161,2026-07-17 19:22:27.718562-05,2026-07-17 19:22:27.718562-05,script,
170,1,170,276.449,2026-07-17 19:22:27.718562-05,2026-07-17 19:22:27.718562-05,script,
171,1,171,393.885,2026-07-17 19:22:27.718562-05,2026-07-17 19:22:27.718562-05,script,
172,1,172,211.931,2026-07-17 19:22:27.718562-05,2026-07-17 19:22:27.718562-05,script,
173,1,173,509.445,2026-07-17 19:22:27.718562-05,2026-07-17 19:22:27.718562-05,script,
174,1,174,251.923,2026-07-17 19:22:27.718562-05,2026-07-17 19:22:27.718562-05,script,
175,1,175,274.884,2026-07-17 19:22:27.718562-05,2026-07-17 19:22:27.718562-05,script,
176,1,176,541.167,2026-07-17 19:22:27.718562-05,2026-07-17 19:22:27.718562-05,script,
177,1,177,447.300,2026-07-17 19:22:27.718562-05,2026-07-17 19:22:27.718562-05,script,
178,1,178,334.631,2026-07-17 19:22:27.718562-05,2026-07-17 19:22:27.718562-05,script,
179,1,179,349.094,2026-07-17 19:22:27.718562-05,2026-07-17 19:22:27.718562-05,script,
180,1,180,220.651,2026-07-17 19:22:27.718562-05,2026-07-17 19:22:27.718562-05,script,
181,1,181,414.670,2026-07-17 19:22:27.718562-05,2026-07-17 19:22:27.718562-05,script,
182,1,182,225.334,2026-07-17 19:22:27.718562-05,2026-07-17 19:22:27.718562-05,script,
183,1,183,394.722,2026-07-17 19:22:27.718562-05,2026-07-17 19:22:27.718562-05,script,
184,1,184,242.538,2026-07-17 19:22:27.718562-05,2026-07-17 19:22:27.718562-05,script,
185,1,185,230.347,2026-07-17 19:22:27.718562-05,2026-07-17 19:22:27.718562-05,script,
186,1,186,398.880,2026-07-17 19:22:27.718562-05,2026-07-17 19:22:27.718562-05,script,
187,1,187,397.868,2026-07-17 19:22:27.718562-05,2026-07-17 19:22:27.718562-05,script,
188,1,188,347.751,2026-07-17 19:22:27.718562-05,2026-07-17 19:22:27.718562-05,script,
189,1,189,170.058,2026-07-17 19:22:27.718562-05,2026-07-17 19:22:27.718562-05,script,
190,1,190,314.990,2026-07-17 19:22:27.718562-05,2026-07-17 19:22:27.718562-05,script,
191,1,191,390.280,2026-07-17 19:22:27.718562-05,2026-07-17 19:22:27.718562-05,script,
192,1,192,200.804,2026-07-17 19:22:27.718562-05,2026-07-17 19:22:27.718562-05,script,
193,1,193,510.908,2026-07-17 19:22:27.718562-05,2026-07-17 19:22:27.718562-05,script,
194,1,194,296.235,2026-07-17 19:22:27.718562-05,2026-07-17 19:22:27.718562-05,script,
195,1,195,463.883,2026-07-17 19:22:27.718562-05,2026-07-17 19:22:27.718562-05,script,
196,1,196,343.652,2026-07-17 19:22:27.718562-05,2026-07-17 19:22:27.718562-05,script,
197,1,197,271.553,2026-07-17 19:22:27.718562-05,2026-07-17 19:22:27.718562-05,script,
198,1,198,389.754,2026-07-17 19:22:27.718562-05,2026-07-17 19:22:27.718562-05,script,
199,1,199,168.334,2026-07-17 19:22:27.718562-05,2026-07-17 19:22:27.718562-05,script,
200,1,200,181.681,2026-07-17 19:22:27.718562-05,2026-07-17 19:22:27.718562-05,script,
201,1,201,159.221,2026-07-17 19:22:27.718562-05,2026-07-17 19:22:27.718562-05,script,
202,1,202,272.986,2026-07-17 19:22:27.718562-05,2026-07-17 19:22:27.718562-05,script,
203,1,203,336.461,2026-07-17 19:22:27.718562-05,2026-07-17 19:22:27.718562-05,script,
204,1,204,508.535,2026-07-17 19:22:27.718562-05,2026-07-17 19:22:27.718562-05,script,
205,1,205,318.248,2026-07-17 19:22:27.718562-05,2026-07-17 19:22:27.718562-05,script,
206,1,206,293.297,2026-07-17 19:22:27.718562-05,2026-07-17 19:22:27.718562-05,script,
207,1,207,407.022,2026-07-17 19:22:27.718562-05,2026-07-17 19:22:27.718562-05,script,
208,1,208,440.598,2026-07-17 19:22:27.718562-05,2026-07-17 19:22:27.718562-05,script,
209,1,209,285.526,2026-07-17 19:22:27.718562-05,2026-07-17 19:22:27.718562-05,script,
210,1,210,235.952,2026-07-17 19:22:27.718562-05,2026-07-17 19:22:27.718562-05,script,
211,1,211,482.382,2026-07-17 19:22:27.718562-05,2026-07-17 19:22:27.718562-05,script,
212,1,212,189.220,2026-07-17 19:22:27.718562-05,2026-07-17 19:22:27.718562-05,script,
213,1,213,372.176,2026-07-17 19:22:27.718562-05,2026-07-17 19:22:27.718562-05,script,
214,1,214,164.753,2026-07-17 19:22:27.718562-05,2026-07-17 19:22:27.718562-05,script,
215,1,215,214.251,2026-07-17 19:22:27.718562-05,2026-07-17 19:22:27.718562-05,script,
216,1,216,246.921,2026-07-17 19:22:27.718562-05,2026-07-17 19:22:27.718562-05,script,
217,1,217,407.804,2026-07-17 19:22:27.718562-05,2026-07-17 19:22:27.718562-05,script,
218,1,218,486.958,2026-07-17 19:22:27.718562-05,2026-07-17 19:22:27.718562-05,script,
219,1,219,476.203,2026-07-17 19:22:27.718562-05,2026-07-17 19:22:27.718562-05,script,
220,1,220,206.842,2026-07-17 19:22:27.718562-05,2026-07-17 19:22:27.718562-05,script,
221,1,221,185.080,2026-07-17 19:22:27.718562-05,2026-07-17 19:22:27.718562-05,script,
222,1,222,322.645,2026-07-17 19:22:27.718562-05,2026-07-17 19:22:27.718562-05,script,
223,1,223,352.540,2026-07-17 19:22:27.718562-05,2026-07-17 19:22:27.718562-05,script,
224,1,224,490.452,2026-07-17 19:22:27.718562-05,2026-07-17 19:22:27.718562-05,script,
225,1,225,433.404,2026-07-17 19:22:27.718562-05,2026-07-17 19:22:27.718562-05,script,
226,1,226,145.958,2026-07-17 19:22:27.718562-05,2026-07-17 19:22:27.718562-05,script,
227,1,227,121.116,2026-07-17 19:22:27.718562-05,2026-07-17 19:22:27.718562-05,script,
228,1,228,100.656,2026-07-17 19:22:27.718562-05,2026-07-17 19:22:27.718562-05,script,
229,1,229,94.882,2026-07-17 19:22:27.718562-05,2026-07-17 19:22:27.718562-05,script,
230,1,230,67.762,2026-07-17 19:22:27.718562-05,2026-07-17 19:22:27.718562-05,script,
231,1,231,225.371,2026-07-17 19:22:27.718562-05,2026-07-17 19:22:27.718562-05,script,
232,1,232,135.407,2026-07-17 19:22:27.718562-05,2026-07-17 19:22:27.718562-05,script,
233,1,233,68.179,2026-07-17 19:22:27.718562-05,2026-07-17 19:22:27.718562-05,script,
234,1,234,160.415,2026-07-17 19:22:27.718562-05,2026-07-17 19:22:27.718562-05,script,
235,1,235,118.474,2026-07-17 19:22:27.718562-05,2026-07-17 19:22:27.718562-05,script,
236,1,236,171.685,2026-07-17 19:22:27.718562-05,2026-07-17 19:22:27.718562-05,script,
237,1,237,227.661,2026-07-17 19:22:27.718562-05,2026-07-17 19:22:27.718562-05,script,
238,1,238,84.096,2026-07-17 19:22:27.718562-05,2026-07-17 19:22:27.718562-05,script,
239,1,239,110.089,2026-07-17 19:22:27.718562-05,2026-07-17 19:22:27.718562-05,script,
240,1,240,90.918,2026-07-17 19:22:27.718562-05,2026-07-17 19:22:27.718562-05,script,
241,1,241,142.144,2026-07-17 19:22:27.718562-05,2026-07-17 19:22:27.718562-05,script,
242,1,242,207.069,2026-07-17 19:22:27.718562-05,2026-07-17 19:22:27.718562-05,script,
243,1,243,66.928,2026-07-17 19:22:27.718562-05,2026-07-17 19:22:27.718562-05,script,
244,1,244,181.127,2026-07-17 19:22:27.718562-05,2026-07-17 19:22:27.718562-05,script,
245,1,245,103.316,2026-07-17 19:22:27.718562-05,2026-07-17 19:22:27.718562-05,script,
246,1,246,177.697,2026-07-17 19:22:27.718562-05,2026-07-17 19:22:27.718562-05,script,
247,1,247,129.588,2026-07-17 19:22:27.718562-05,2026-07-17 19:22:27.718562-05,script,
248,1,248,234.068,2026-07-17 19:22:27.718562-05,2026-07-17 19:22:27.718562-05,script,
249,1,249,148.714,2026-07-17 19:22:27.718562-05,2026-07-17 19:22:27.718562-05,script,
250,1,250,100.724,2026-07-17 19:22:27.718562-05,2026-07-17 19:22:27.718562-05,script,
251,1,251,125.987,2026-07-17 19:22:27.718562-05,2026-07-17 19:22:27.718562-05,script,
252,1,252,171.939,2026-07-17 19:22:27.718562-05,2026-07-17 19:22:27.718562-05,script,
253,1,253,108.886,2026-07-17 19:22:27.718562-05,2026-07-17 19:22:27.718562-05,script,
254,1,254,143.071,2026-07-17 19:22:27.718562-05,2026-07-17 19:22:27.718562-05,script,
255,1,255,131.270,2026-07-17 19:22:27.718562-05,2026-07-17 19:22:27.718562-05,script,
256,1,256,81.083,2026-07-17 19:22:27.718562-05,2026-07-17 19:22:27.718562-05,script,
257,1,257,195.856,2026-07-17 19:22:27.718562-05,2026-07-17 19:22:27.718562-05,script,
258,1,258,208.200,2026-07-17 19:22:27.718562-05,2026-07-17 19:22:27.718562-05,script,
259,1,259,164.864,2026-07-17 19:22:27.718562-05,2026-07-17 19:22:27.718562-05,script,
260,1,260,94.454,2026-07-17 19:22:27.718562-05,2026-07-17 19:22:27.718562-05,script,
261,1,261,237.028,2026-07-17 19:22:27.718562-05,2026-07-17 19:22:27.718562-05,script,
262,1,262,155.811,2026-07-17 19:22:27.718562-05,2026-07-17 19:22:27.718562-05,script,
263,1,263,180.102,2026-07-17 19:22:27.718562-05,2026-07-17 19:22:27.718562-05,script,
264,1,264,166.593,2026-07-17 19:22:27.718562-05,2026-07-17 19:22:27.718562-05,script,
265,1,265,138.528,2026-07-17 19:22:27.718562-05,2026-07-17 19:22:27.718562-05,script,
266,1,266,82.503,2026-07-17 19:22:27.718562-05,2026-07-17 19:22:27.718562-05,script,
267,1,267,195.267,2026-07-17 19:22:27.718562-05,2026-07-17 19:22:27.718562-05,script,
268,1,268,232.276,2026-07-17 19:22:27.718562-05,2026-07-17 19:22:27.718562-05,script,
269,1,269,227.647,2026-07-17 19:22:27.718562-05,2026-07-17 19:22:27.718562-05,script,
270,1,270,228.813,2026-07-17 19:22:27.718562-05,2026-07-17 19:22:27.718562-05,script,
271,1,271,155.348,2026-07-17 19:22:27.718562-05,2026-07-17 19:22:27.718562-05,script,
272,1,272,201.464,2026-07-17 19:22:27.718562-05,2026-07-17 19:22:27.718562-05,script,
273,1,273,174.893,2026-07-17 19:22:27.718562-05,2026-07-17 19:22:27.718562-05,script,
274,1,274,178.468,2026-07-17 19:22:27.718562-05,2026-07-17 19:22:27.718562-05,script,
275,1,275,81.920,2026-07-17 19:22:27.718562-05,2026-07-17 19:22:27.718562-05,script,
276,1,276,102.520,2026-07-17 19:22:27.718562-05,2026-07-17 19:22:27.718562-05,script,
277,1,277,97.521,2026-07-17 19:22:27.718562-05,2026-07-17 19:22:27.718562-05,script,
278,1,278,174.653,2026-07-17 19:22:27.718562-05,2026-07-17 19:22:27.718562-05,script,
279,1,279,220.712,2026-07-17 19:22:27.718562-05,2026-07-17 19:22:27.718562-05,script,
280,1,280,74.748,2026-07-17 19:22:27.718562-05,2026-07-17 19:22:27.718562-05,script,
281,1,281,51.668,2026-07-17 19:22:27.718562-05,2026-07-17 19:22:27.718562-05,script,
282,1,282,30.889,2026-07-17 19:22:27.718562-05,2026-07-17 19:22:27.718562-05,script,
283,1,283,24.904,2026-07-17 19:22:27.718562-05,2026-07-17 19:22:27.718562-05,script,
284,1,284,53.919,2026-07-17 19:22:27.718562-05,2026-07-17 19:22:27.718562-05,script,
285,1,285,54.098,2026-07-17 19:22:27.718562-05,2026-07-17 19:22:27.718562-05,script,
286,1,286,19.401,2026-07-17 19:22:27.718562-05,2026-07-17 19:22:27.718562-05,script,
287,1,287,14.967,2026-07-17 19:22:27.718562-05,2026-07-17 19:22:27.718562-05,script,
288,1,288,56.870,2026-07-17 19:22:27.718562-05,2026-07-17 19:22:27.718562-05,script,
289,1,289,11.812,2026-07-17 19:22:27.718562-05,2026-07-17 19:22:27.718562-05,script,
290,1,290,68.722,2026-07-17 19:22:27.718562-05,2026-07-17 19:22:27.718562-05,script,
291,1,291,31.029,2026-07-17 19:22:27.718562-05,2026-07-17 19:22:27.718562-05,script,
292,1,292,38.230,2026-07-17 19:22:27.718562-05,2026-07-17 19:22:27.718562-05,script,
293,1,293,78.795,2026-07-17 19:22:27.718562-05,2026-07-17 19:22:27.718562-05,script,
294,1,294,16.746,2026-07-17 19:22:27.718562-05,2026-07-17 19:22:27.718562-05,script,
295,1,295,27.878,2026-07-17 19:22:27.718562-05,2026-07-17 19:22:27.718562-05,script,
296,1,296,55.889,2026-07-17 19:22:27.718562-05,2026-07-17 19:22:27.718562-05,script,
297,1,297,41.205,2026-07-17 19:22:27.718562-05,2026-07-17 19:22:27.718562-05,script,
298,1,298,33.460,2026-07-17 19:22:27.718562-05,2026-07-17 19:22:27.718562-05,script,
299,1,299,71.976,2026-07-17 19:22:27.718562-05,2026-07-17 19:22:27.718562-05,script,
300,1,300,68.814,2026-07-17 19:22:27.718562-05,2026-07-17 19:22:27.718562-05,script,
301,1,301,74.924,2026-07-17 19:22:27.718562-05,2026-07-17 19:22:27.718562-05,script,
302,1,302,39.591,2026-07-17 19:22:27.718562-05,2026-07-17 19:22:27.718562-05,script,
303,1,303,79.984,2026-07-17 19:22:27.718562-05,2026-07-17 19:22:27.718562-05,script,
304,1,304,42.322,2026-07-17 19:22:27.718562-05,2026-07-17 19:22:27.718562-05,script,
305,1,305,44.464,2026-07-17 19:22:27.718562-05,2026-07-17 19:22:27.718562-05,script,
306,1,306,74.937,2026-07-17 19:22:27.718562-05,2026-07-17 19:22:27.718562-05,script,
307,1,307,60.442,2026-07-17 19:22:27.718562-05,2026-07-17 19:22:27.718562-05,script,
308,1,308,44.148,2026-07-17 19:22:27.718562-05,2026-07-17 19:22:27.718562-05,script,
309,1,309,11.495,2026-07-17 19:22:27.718562-05,2026-07-17 19:22:27.718562-05,script,
310,1,310,47.578,2026-07-17 19:22:27.718562-05,2026-07-17 19:22:27.718562-05,script,
311,1,311,78.190,2026-07-17 19:22:27.718562-05,2026-07-17 19:22:27.718562-05,script,
312,1,312,38.502,2026-07-17 19:22:27.718562-05,2026-07-17 19:22:27.718562-05,script,
313,1,313,31.928,2026-07-17 19:22:27.718562-05,2026-07-17 19:22:27.718562-05,script,
314,1,314,10.913,2026-07-17 19:22:27.718562-05,2026-07-17 19:22:27.718562-05,script,
315,1,315,72.215,2026-07-17 19:22:27.718562-05,2026-07-17 19:22:27.718562-05,script,
316,1,316,25.758,2026-07-17 19:22:27.718562-05,2026-07-17 19:22:27.718562-05,script,
317,1,317,56.944,2026-07-17 19:22:27.718562-05,2026-07-17 19:22:27.718562-05,script,
318,1,318,41.247,2026-07-17 19:22:27.718562-05,2026-07-17 19:22:27.718562-05,script,
319,1,319,35.656,2026-07-17 19:22:27.718562-05,2026-07-17 19:22:27.718562-05,script,
320,1,320,69.673,2026-07-17 19:22:27.718562-05,2026-07-17 19:22:27.718562-05,script,
321,1,321,15.779,2026-07-17 19:22:27.718562-05,2026-07-17 19:22:27.718562-05,script,
322,1,322,69.175,2026-07-17 19:22:27.718562-05,2026-07-17 19:22:27.718562-05,script,
323,1,323,69.484,2026-07-17 19:22:27.718562-05,2026-07-17 19:22:27.718562-05,script,
324,1,324,26.491,2026-07-17 19:22:27.718562-05,2026-07-17 19:22:27.718562-05,script,
325,1,325,18.600,2026-07-17 19:22:27.718562-05,2026-07-17 19:22:27.718562-05,script,
326,1,326,21.308,2026-07-17 19:22:27.718562-05,2026-07-17 19:22:27.718562-05,script,
327,1,327,11.406,2026-07-17 19:22:27.718562-05,2026-07-17 19:22:27.718562-05,script,
328,1,328,73.668,2026-07-17 19:22:27.718562-05,2026-07-17 19:22:27.718562-05,script,
329,1,329,68.766,2026-07-17 19:22:27.718562-05,2026-07-17 19:22:27.718562-05,script,
330,1,330,37.115,2026-07-17 19:22:27.718562-05,2026-07-17 19:22:27.718562-05,script,
331,1,331,45.380,2026-07-17 19:22:27.718562-05,2026-07-17 19:22:27.718562-05,script,
332,1,332,38.275,2026-07-17 19:22:27.718562-05,2026-07-17 19:22:27.718562-05,script,
333,1,333,20.062,2026-07-17 19:22:27.718562-05,2026-07-17 19:22:27.718562-05,script,
334,1,334,75.965,2026-07-17 19:22:27.718562-05,2026-07-17 19:22:27.718562-05,script,
335,1,335,22.341,2026-07-17 19:22:27.718562-05,2026-07-17 19:22:27.718562-05,script,
336,1,336,17.867,2026-07-17 19:22:27.718562-05,2026-07-17 19:22:27.718562-05,script,
337,1,337,58.510,2026-07-17 19:22:27.718562-05,2026-07-17 19:22:27.718562-05,script,
338,1,338,17.651,2026-07-17 19:22:27.718562-05,2026-07-17 19:22:27.718562-05,script,
339,1,339,67.036,2026-07-17 19:22:27.718562-05,2026-07-17 19:22:27.718562-05,script,
340,1,340,64.929,2026-07-17 19:22:27.718562-05,2026-07-17 19:22:27.718562-05,script,
341,1,341,60.254,2026-07-17 19:22:27.718562-05,2026-07-17 19:22:27.718562-05,script,
342,1,342,44.947,2026-07-17 19:22:27.718562-05,2026-07-17 19:22:27.718562-05,script,
343,1,343,10.980,2026-07-17 19:22:27.718562-05,2026-07-17 19:22:27.718562-05,script,
344,1,344,41.332,2026-07-17 19:22:27.718562-05,2026-07-17 19:22:27.718562-05,script,
345,1,345,68.762,2026-07-17 19:22:27.718562-05,2026-07-17 19:22:27.718562-05,script,
346,1,346,78.125,2026-07-17 19:22:27.718562-05,2026-07-17 19:22:27.718562-05,script,
347,1,347,75.954,2026-07-17 19:22:27.718562-05,2026-07-17 19:22:27.718562-05,script,
348,1,348,76.760,2026-07-17 19:22:27.718562-05,2026-07-17 19:22:27.718562-05,script,
349,1,349,37.472,2026-07-17 19:22:27.718562-05,2026-07-17 19:22:27.718562-05,script,
350,1,350,25.636,2026-07-17 19:22:27.718562-05,2026-07-17 19:22:27.718562-05,script,
351,1,351,14.923,2026-07-17 19:22:27.718562-05,2026-07-17 19:22:27.718562-05,script,
352,1,352,54.695,2026-07-17 19:22:27.718562-05,2026-07-17 19:22:27.718562-05,script,
353,1,353,42.801,2026-07-17 19:22:27.718562-05,2026-07-17 19:22:27.718562-05,script,
354,1,354,79.966,2026-07-17 19:22:27.718562-05,2026-07-17 19:22:27.718562-05,script,
355,1,355,36.132,2026-07-17 19:22:27.718562-05,2026-07-17 19:22:27.718562-05,script,
356,1,356,27.325,2026-07-17 19:22:27.718562-05,2026-07-17 19:22:27.718562-05,script,
357,1,357,44.957,2026-07-17 19:22:27.718562-05,2026-07-17 19:22:27.718562-05,script,
358,1,358,69.854,2026-07-17 19:22:27.718562-05,2026-07-17 19:22:27.718562-05,script,
359,1,359,68.146,2026-07-17 19:22:27.718562-05,2026-07-17 19:22:27.718562-05,script,
360,1,360,16.178,2026-07-17 19:22:27.718562-05,2026-07-17 19:22:27.718562-05,script,
361,1,361,44.738,2026-07-17 19:22:27.718562-05,2026-07-17 19:22:27.718562-05,script,
362,1,362,63.829,2026-07-17 19:22:27.718562-05,2026-07-17 19:22:27.718562-05,script,
363,1,363,14.031,2026-07-17 19:22:27.718562-05,2026-07-17 19:22:27.718562-05,script,
364,1,364,54.167,2026-07-17 19:22:27.718562-05,2026-07-17 19:22:27.718562-05,script,
365,1,365,70.737,2026-07-17 19:22:27.718562-05,2026-07-17 19:22:27.718562-05,script,
366,1,366,41.472,2026-07-17 19:22:27.718562-05,2026-07-17 19:22:27.718562-05,script,
367,1,367,29.276,2026-07-17 19:22:27.718562-05,2026-07-17 19:22:27.718562-05,script,
368,1,368,58.724,2026-07-17 19:22:27.718562-05,2026-07-17 19:22:27.718562-05,script,
369,1,369,41.678,2026-07-17 19:22:27.718562-05,2026-07-17 19:22:27.718562-05,script,
370,1,370,58.066,2026-07-17 19:22:27.718562-05,2026-07-17 19:22:27.718562-05,script,
371,2,1,240,2026-07-17 19:22:27.718562-05,2026-07-17 19:22:27.718562-05,script,
372,2,2,461.501,2026-07-17 19:22:27.718562-05,2026-07-17 19:22:27.718562-05,script,
373,2,3,494.161,2026-07-17 19:22:27.718562-05,2026-07-17 19:22:27.718562-05,script,
374,2,4,457.769,2026-07-17 19:22:27.718562-05,2026-07-17 19:22:27.718562-05,script,
375,2,5,523.709,2026-07-17 19:22:27.718562-05,2026-07-17 19:22:27.718562-05,script,
376,2,6,451.147,2026-07-17 19:22:27.718562-05,2026-07-17 19:22:27.718562-05,script,
377,2,7,242.808,2026-07-17 19:22:27.718562-05,2026-07-17 19:22:27.718562-05,script,
378,2,8,408.920,2026-07-17 19:22:27.718562-05,2026-07-17 19:22:27.718562-05,script,
379,2,9,330.707,2026-07-17 19:22:27.718562-05,2026-07-17 19:22:27.718562-05,script,
380,2,10,220,2026-07-17 19:22:27.718562-05,2026-07-17 19:22:27.718562-05,script,
381,2,11,282.466,2026-07-17 19:22:27.718562-05,2026-07-17 19:22:27.718562-05,script,
382,2,12,410.730,2026-07-17 19:22:27.718562-05,2026-07-17 19:22:27.718562-05,script,
383,2,13,302.239,2026-07-17 19:22:27.718562-05,2026-07-17 19:22:27.718562-05,script,
384,2,14,150,2026-07-17 19:22:27.718562-05,2026-07-17 19:22:27.718562-05,script,
385,2,15,163.155,2026-07-17 19:22:27.718562-05,2026-07-17 19:22:27.718562-05,script,
386,2,16,410.604,2026-07-17 19:22:27.718562-05,2026-07-17 19:22:27.718562-05,script,
387,2,17,317.317,2026-07-17 19:22:27.718562-05,2026-07-17 19:22:27.718562-05,script,
388,2,18,154.916,2026-07-17 19:22:27.718562-05,2026-07-17 19:22:27.718562-05,script,
389,2,19,409.706,2026-07-17 19:22:27.718562-05,2026-07-17 19:22:27.718562-05,script,
390,2,20,486.826,2026-07-17 19:22:27.718562-05,2026-07-17 19:22:27.718562-05,script,
391,2,21,265.196,2026-07-17 19:22:27.718562-05,2026-07-17 19:22:27.718562-05,script,
392,2,22,358.973,2026-07-17 19:22:27.718562-05,2026-07-17 19:22:27.718562-05,script,
393,2,23,248.060,2026-07-17 19:22:27.718562-05,2026-07-17 19:22:27.718562-05,script,
394,2,24,328.509,2026-07-17 19:22:27.718562-05,2026-07-17 19:22:27.718562-05,script,
395,2,25,356,2026-07-17 19:22:27.718562-05,2026-07-17 19:22:27.718562-05,script,
396,2,26,365,2026-07-17 19:22:27.718562-05,2026-07-17 19:22:27.718562-05,script,
397,2,27,430.017,2026-07-17 19:22:27.718562-05,2026-07-17 19:22:27.718562-05,script,
398,2,28,415.482,2026-07-17 19:22:27.718562-05,2026-07-17 19:22:27.718562-05,script,
399,2,29,488.166,2026-07-17 19:22:27.718562-05,2026-07-17 19:22:27.718562-05,script,
400,2,30,537.129,2026-07-17 19:22:27.718562-05,2026-07-17 19:22:27.718562-05,script,
401,2,31,324.532,2026-07-17 19:22:27.718562-05,2026-07-17 19:22:27.718562-05,script,
402,2,32,471.107,2026-07-17 19:22:27.718562-05,2026-07-17 19:22:27.718562-05,script,
403,2,33,349.100,2026-07-17 19:22:27.718562-05,2026-07-17 19:22:27.718562-05,script,
404,2,34,200,2026-07-17 19:22:27.718562-05,2026-07-17 19:22:27.718562-05,script,
405,2,35,181,2026-07-17 19:22:27.718562-05,2026-07-17 19:22:27.718562-05,script,
406,2,36,383.416,2026-07-17 19:22:27.718562-05,2026-07-17 19:22:27.718562-05,script,
407,2,37,228.442,2026-07-17 19:22:27.718562-05,2026-07-17 19:22:27.718562-05,script,
408,2,38,234.263,2026-07-17 19:22:27.718562-05,2026-07-17 19:22:27.718562-05,script,
409,2,39,188.869,2026-07-17 19:22:27.718562-05,2026-07-17 19:22:27.718562-05,script,
410,2,40,218.858,2026-07-17 19:22:27.718562-05,2026-07-17 19:22:27.718562-05,script,
411,2,41,475.039,2026-07-17 19:22:27.718562-05,2026-07-17 19:22:27.718562-05,script,
412,2,42,145,2026-07-17 19:22:27.718562-05,2026-07-17 19:22:27.718562-05,script,
413,2,43,404.923,2026-07-17 19:22:27.718562-05,2026-07-17 19:22:27.718562-05,script,
414,2,44,283.282,2026-07-17 19:22:27.718562-05,2026-07-17 19:22:27.718562-05,script,
415,2,45,263.018,2026-07-17 19:22:27.718562-05,2026-07-17 19:22:27.718562-05,script,
416,2,46,197.034,2026-07-17 19:22:27.718562-05,2026-07-17 19:22:27.718562-05,script,
417,2,47,549.943,2026-07-17 19:22:27.718562-05,2026-07-17 19:22:27.718562-05,script,
418,2,48,210.680,2026-07-17 19:22:27.718562-05,2026-07-17 19:22:27.718562-05,script,
419,2,49,174.470,2026-07-17 19:22:27.718562-05,2026-07-17 19:22:27.718562-05,script,
420,2,50,170.542,2026-07-17 19:22:27.718562-05,2026-07-17 19:22:27.718562-05,script,
421,2,51,324.295,2026-07-17 19:22:27.718562-05,2026-07-17 19:22:27.718562-05,script,
422,2,52,471.210,2026-07-17 19:22:27.718562-05,2026-07-17 19:22:27.718562-05,script,
423,2,53,286.493,2026-07-17 19:22:27.718562-05,2026-07-17 19:22:27.718562-05,script,
424,2,54,476.117,2026-07-17 19:22:27.718562-05,2026-07-17 19:22:27.718562-05,script,
425,2,55,165.082,2026-07-17 19:22:27.718562-05,2026-07-17 19:22:27.718562-05,script,
426,2,56,440.754,2026-07-17 19:22:27.718562-05,2026-07-17 19:22:27.718562-05,script,
427,2,57,361.953,2026-07-17 19:22:27.718562-05,2026-07-17 19:22:27.718562-05,script,
428,2,58,429.757,2026-07-17 19:22:27.718562-05,2026-07-17 19:22:27.718562-05,script,
429,2,59,160.191,2026-07-17 19:22:27.718562-05,2026-07-17 19:22:27.718562-05,script,
430,2,60,212.184,2026-07-17 19:22:27.718562-05,2026-07-17 19:22:27.718562-05,script,
431,2,61,361.204,2026-07-17 19:22:27.718562-05,2026-07-17 19:22:27.718562-05,script,
432,2,62,418.097,2026-07-17 19:22:27.718562-05,2026-07-17 19:22:27.718562-05,script,
433,2,63,420.319,2026-07-17 19:22:27.718562-05,2026-07-17 19:22:27.718562-05,script,
434,2,64,391.775,2026-07-17 19:22:27.718562-05,2026-07-17 19:22:27.718562-05,script,
435,2,65,229.705,2026-07-17 19:22:27.718562-05,2026-07-17 19:22:27.718562-05,script,
436,2,66,236.158,2026-07-17 19:22:27.718562-05,2026-07-17 19:22:27.718562-05,script,
437,2,67,304.525,2026-07-17 19:22:27.718562-05,2026-07-17 19:22:27.718562-05,script,
438,2,68,300.061,2026-07-17 19:22:27.718562-05,2026-07-17 19:22:27.718562-05,script,
439,2,69,185.440,2026-07-17 19:22:27.718562-05,2026-07-17 19:22:27.718562-05,script,
440,2,70,257.254,2026-07-17 19:22:27.718562-05,2026-07-17 19:22:27.718562-05,script,
441,2,71,246.225,2026-07-17 19:22:27.718562-05,2026-07-17 19:22:27.718562-05,script,
442,2,72,462.193,2026-07-17 19:22:27.718562-05,2026-07-17 19:22:27.718562-05,script,
443,2,73,332.406,2026-07-17 19:22:27.718562-05,2026-07-17 19:22:27.718562-05,script,
444,2,74,441.645,2026-07-17 19:22:27.718562-05,2026-07-17 19:22:27.718562-05,script,
445,2,75,232.633,2026-07-17 19:22:27.718562-05,2026-07-17 19:22:27.718562-05,script,
446,2,76,71.228,2026-07-17 19:22:27.718562-05,2026-07-17 19:22:27.718562-05,script,
447,2,77,31.710,2026-07-17 19:22:27.718562-05,2026-07-17 19:22:27.718562-05,script,
448,2,78,72.931,2026-07-17 19:22:27.718562-05,2026-07-17 19:22:27.718562-05,script,
449,2,79,67.183,2026-07-17 19:22:27.718562-05,2026-07-17 19:22:27.718562-05,script,
450,2,80,37.231,2026-07-17 19:22:27.718562-05,2026-07-17 19:22:27.718562-05,script,
451,2,81,55.135,2026-07-17 19:22:27.718562-05,2026-07-17 19:22:27.718562-05,script,
452,2,82,69.063,2026-07-17 19:22:27.718562-05,2026-07-17 19:22:27.718562-05,script,
453,2,83,59.758,2026-07-17 19:22:27.718562-05,2026-07-17 19:22:27.718562-05,script,
454,2,84,61.517,2026-07-17 19:22:27.718562-05,2026-07-17 19:22:27.718562-05,script,
455,2,85,35.461,2026-07-17 19:22:27.718562-05,2026-07-17 19:22:27.718562-05,script,
456,2,86,72.886,2026-07-17 19:22:27.718562-05,2026-07-17 19:22:27.718562-05,script,
457,2,87,38.998,2026-07-17 19:22:27.718562-05,2026-07-17 19:22:27.718562-05,script,
458,2,88,69.785,2026-07-17 19:22:27.718562-05,2026-07-17 19:22:27.718562-05,script,
459,2,89,38.092,2026-07-17 19:22:27.718562-05,2026-07-17 19:22:27.718562-05,script,
460,2,90,39.302,2026-07-17 19:22:27.718562-05,2026-07-17 19:22:27.718562-05,script,
461,2,91,60.037,2026-07-17 19:22:27.718562-05,2026-07-17 19:22:27.718562-05,script,
462,2,92,63.495,2026-07-17 19:22:27.718562-05,2026-07-17 19:22:27.718562-05,script,
463,2,93,14.333,2026-07-17 19:22:27.718562-05,2026-07-17 19:22:27.718562-05,script,
464,2,94,20.072,2026-07-17 19:22:27.718562-05,2026-07-17 19:22:27.718562-05,script,
465,2,95,77.005,2026-07-17 19:22:27.718562-05,2026-07-17 19:22:27.718562-05,script,
466,2,96,27.628,2026-07-17 19:22:27.718562-05,2026-07-17 19:22:27.718562-05,script,
467,2,97,26.044,2026-07-17 19:22:27.718562-05,2026-07-17 19:22:27.718562-05,script,
468,2,98,51.837,2026-07-17 19:22:27.718562-05,2026-07-17 19:22:27.718562-05,script,
469,2,99,71.811,2026-07-17 19:22:27.718562-05,2026-07-17 19:22:27.718562-05,script,
470,2,100,31.980,2026-07-17 19:22:27.718562-05,2026-07-17 19:22:27.718562-05,script,
471,2,101,13.150,2026-07-17 19:22:27.718562-05,2026-07-17 19:22:27.718562-05,script,
472,2,102,70.179,2026-07-17 19:22:27.718562-05,2026-07-17 19:22:27.718562-05,script,
473,2,103,48.009,2026-07-17 19:22:27.718562-05,2026-07-17 19:22:27.718562-05,script,
474,2,104,37.299,2026-07-17 19:22:27.718562-05,2026-07-17 19:22:27.718562-05,script,
475,2,105,55.928,2026-07-17 19:22:27.718562-05,2026-07-17 19:22:27.718562-05,script,
476,2,106,19.152,2026-07-17 19:22:27.718562-05,2026-07-17 19:22:27.718562-05,script,
477,2,107,23.821,2026-07-17 19:22:27.718562-05,2026-07-17 19:22:27.718562-05,script,
478,2,108,54.535,2026-07-17 19:22:27.718562-05,2026-07-17 19:22:27.718562-05,script,
479,2,109,59.464,2026-07-17 19:22:27.718562-05,2026-07-17 19:22:27.718562-05,script,
480,2,110,57.988,2026-07-17 19:22:27.718562-05,2026-07-17 19:22:27.718562-05,script,
481,2,111,59.038,2026-07-17 19:22:27.718562-05,2026-07-17 19:22:27.718562-05,script,
482,2,112,66.223,2026-07-17 19:22:27.718562-05,2026-07-17 19:22:27.718562-05,script,
483,2,113,24.233,2026-07-17 19:22:27.718562-05,2026-07-17 19:22:27.718562-05,script,
484,2,114,68.280,2026-07-17 19:22:27.718562-05,2026-07-17 19:22:27.718562-05,script,
485,2,115,53.769,2026-07-17 19:22:27.718562-05,2026-07-17 19:22:27.718562-05,script,
486,2,116,45.417,2026-07-17 19:22:27.718562-05,2026-07-17 19:22:27.718562-05,script,
487,2,117,37.685,2026-07-17 19:22:27.718562-05,2026-07-17 19:22:27.718562-05,script,
488,2,118,11.200,2026-07-17 19:22:27.718562-05,2026-07-17 19:22:27.718562-05,script,
489,2,119,69.613,2026-07-17 19:22:27.718562-05,2026-07-17 19:22:27.718562-05,script,
490,2,120,45.748,2026-07-17 19:22:27.718562-05,2026-07-17 19:22:27.718562-05,script,
491,2,121,26.616,2026-07-17 19:22:27.718562-05,2026-07-17 19:22:27.718562-05,script,
492,2,122,28.902,2026-07-17 19:22:27.718562-05,2026-07-17 19:22:27.718562-05,script,
493,2,123,65.059,2026-07-17 19:22:27.718562-05,2026-07-17 19:22:27.718562-05,script,
494,2,124,73.485,2026-07-17 19:22:27.718562-05,2026-07-17 19:22:27.718562-05,script,
495,2,125,26.341,2026-07-17 19:22:27.718562-05,2026-07-17 19:22:27.718562-05,script,
496,2,126,62.244,2026-07-17 19:22:27.718562-05,2026-07-17 19:22:27.718562-05,script,
497,2,127,75.274,2026-07-17 19:22:27.718562-05,2026-07-17 19:22:27.718562-05,script,
498,2,128,76.169,2026-07-17 19:22:27.718562-05,2026-07-17 19:22:27.718562-05,script,
499,2,129,13.724,2026-07-17 19:22:27.718562-05,2026-07-17 19:22:27.718562-05,script,
500,2,130,35.953,2026-07-17 19:22:27.718562-05,2026-07-17 19:22:27.718562-05,script,
501,2,131,28.858,2026-07-17 19:22:27.718562-05,2026-07-17 19:22:27.718562-05,script,
502,2,132,78.185,2026-07-17 19:22:27.718562-05,2026-07-17 19:22:27.718562-05,script,
503,2,133,77.697,2026-07-17 19:22:27.718562-05,2026-07-17 19:22:27.718562-05,script,
504,2,134,35.503,2026-07-17 19:22:27.718562-05,2026-07-17 19:22:27.718562-05,script,
505,2,135,75.537,2026-07-17 19:22:27.718562-05,2026-07-17 19:22:27.718562-05,script,
506,2,136,71.904,2026-07-17 19:22:27.718562-05,2026-07-17 19:22:27.718562-05,script,
507,2,137,26.478,2026-07-17 19:22:27.718562-05,2026-07-17 19:22:27.718562-05,script,
508,2,138,40.425,2026-07-17 19:22:27.718562-05,2026-07-17 19:22:27.718562-05,script,
509,2,139,77.944,2026-07-17 19:22:27.718562-05,2026-07-17 19:22:27.718562-05,script,
510,2,140,54.880,2026-07-17 19:22:27.718562-05,2026-07-17 19:22:27.718562-05,script,
511,2,141,26.728,2026-07-17 19:22:27.718562-05,2026-07-17 19:22:27.718562-05,script,
512,2,142,19.806,2026-07-17 19:22:27.718562-05,2026-07-17 19:22:27.718562-05,script,
513,2,143,25.023,2026-07-17 19:22:27.718562-05,2026-07-17 19:22:27.718562-05,script,
514,2,144,38.202,2026-07-17 19:22:27.718562-05,2026-07-17 19:22:27.718562-05,script,
515,2,145,38.847,2026-07-17 19:22:27.718562-05,2026-07-17 19:22:27.718562-05,script,
516,2,146,45.164,2026-07-17 19:22:27.718562-05,2026-07-17 19:22:27.718562-05,script,
517,2,147,30.874,2026-07-17 19:22:27.718562-05,2026-07-17 19:22:27.718562-05,script,
518,2,148,76.627,2026-07-17 19:22:27.718562-05,2026-07-17 19:22:27.718562-05,script,
519,2,149,29.748,2026-07-17 19:22:27.718562-05,2026-07-17 19:22:27.718562-05,script,
520,2,150,57.437,2026-07-17 19:22:27.718562-05,2026-07-17 19:22:27.718562-05,script,
521,2,151,517.621,2026-07-17 19:22:27.718562-05,2026-07-17 19:22:27.718562-05,script,
522,2,152,362.393,2026-07-17 19:22:27.718562-05,2026-07-17 19:22:27.718562-05,script,
523,2,153,179.443,2026-07-17 19:22:27.718562-05,2026-07-17 19:22:27.718562-05,script,
524,2,154,210.584,2026-07-17 19:22:27.718562-05,2026-07-17 19:22:27.718562-05,script,
525,2,155,192.307,2026-07-17 19:22:27.718562-05,2026-07-17 19:22:27.718562-05,script,
526,2,156,178.546,2026-07-17 19:22:27.718562-05,2026-07-17 19:22:27.718562-05,script,
527,2,157,245.327,2026-07-17 19:22:27.718562-05,2026-07-17 19:22:27.718562-05,script,
528,2,158,521.113,2026-07-17 19:22:27.718562-05,2026-07-17 19:22:27.718562-05,script,
529,2,159,200.201,2026-07-17 19:22:27.718562-05,2026-07-17 19:22:27.718562-05,script,
530,2,160,184.310,2026-07-17 19:22:27.718562-05,2026-07-17 19:22:27.718562-05,script,
531,2,161,335.960,2026-07-17 19:22:27.718562-05,2026-07-17 19:22:27.718562-05,script,
532,2,162,212.107,2026-07-17 19:22:27.718562-05,2026-07-17 19:22:27.718562-05,script,
533,2,163,171.250,2026-07-17 19:22:27.718562-05,2026-07-17 19:22:27.718562-05,script,
534,2,164,400.346,2026-07-17 19:22:27.718562-05,2026-07-17 19:22:27.718562-05,script,
535,2,165,413.784,2026-07-17 19:22:27.718562-05,2026-07-17 19:22:27.718562-05,script,
536,2,166,151.387,2026-07-17 19:22:27.718562-05,2026-07-17 19:22:27.718562-05,script,
537,2,167,160.668,2026-07-17 19:22:27.718562-05,2026-07-17 19:22:27.718562-05,script,
538,2,168,348.204,2026-07-17 19:22:27.718562-05,2026-07-17 19:22:27.718562-05,script,
539,2,169,331.878,2026-07-17 19:22:27.718562-05,2026-07-17 19:22:27.718562-05,script,
540,2,170,401.670,2026-07-17 19:22:27.718562-05,2026-07-17 19:22:27.718562-05,script,
541,2,171,405.758,2026-07-17 19:22:27.718562-05,2026-07-17 19:22:27.718562-05,script,
542,2,172,345.289,2026-07-17 19:22:27.718562-05,2026-07-17 19:22:27.718562-05,script,
543,2,173,174.228,2026-07-17 19:22:27.718562-05,2026-07-17 19:22:27.718562-05,script,
544,2,174,211.149,2026-07-17 19:22:27.718562-05,2026-07-17 19:22:27.718562-05,script,
545,2,175,455.973,2026-07-17 19:22:27.718562-05,2026-07-17 19:22:27.718562-05,script,
546,2,176,166.146,2026-07-17 19:22:27.718562-05,2026-07-17 19:22:27.718562-05,script,
547,2,177,214.748,2026-07-17 19:22:27.718562-05,2026-07-17 19:22:27.718562-05,script,
548,2,178,386.087,2026-07-17 19:22:27.718562-05,2026-07-17 19:22:27.718562-05,script,
549,2,179,417.433,2026-07-17 19:22:27.718562-05,2026-07-17 19:22:27.718562-05,script,
550,2,180,292.618,2026-07-17 19:22:27.718562-05,2026-07-17 19:22:27.718562-05,script,
551,2,181,209,2026-07-17 19:22:27.718562-05,2026-07-17 19:22:27.718562-05,script,
552,2,182,160.488,2026-07-17 19:22:27.718562-05,2026-07-17 19:22:27.718562-05,script,
553,2,183,220.093,2026-07-17 19:22:27.718562-05,2026-07-17 19:22:27.718562-05,script,
554,2,184,404.273,2026-07-17 19:22:27.718562-05,2026-07-17 19:22:27.718562-05,script,
555,2,185,423.895,2026-07-17 19:22:27.718562-05,2026-07-17 19:22:27.718562-05,script,
556,2,186,243.054,2026-07-17 19:22:27.718562-05,2026-07-17 19:22:27.718562-05,script,
557,2,187,416.071,2026-07-17 19:22:27.718562-05,2026-07-17 19:22:27.718562-05,script,
558,2,188,160.189,2026-07-17 19:22:27.718562-05,2026-07-17 19:22:27.718562-05,script,
559,2,189,301.147,2026-07-17 19:22:27.718562-05,2026-07-17 19:22:27.718562-05,script,
560,2,190,245.622,2026-07-17 19:22:27.718562-05,2026-07-17 19:22:27.718562-05,script,
561,2,191,217.948,2026-07-17 19:22:27.718562-05,2026-07-17 19:22:27.718562-05,script,
562,2,192,252.888,2026-07-17 19:22:27.718562-05,2026-07-17 19:22:27.718562-05,script,
563,2,193,354.140,2026-07-17 19:22:27.718562-05,2026-07-17 19:22:27.718562-05,script,
564,2,194,543.103,2026-07-17 19:22:27.718562-05,2026-07-17 19:22:27.718562-05,script,
565,2,195,436.187,2026-07-17 19:22:27.718562-05,2026-07-17 19:22:27.718562-05,script,
566,2,196,325.454,2026-07-17 19:22:27.718562-05,2026-07-17 19:22:27.718562-05,script,
567,2,197,456.273,2026-07-17 19:22:27.718562-05,2026-07-17 19:22:27.718562-05,script,
568,2,198,209.461,2026-07-17 19:22:27.718562-05,2026-07-17 19:22:27.718562-05,script,
569,2,199,460.520,2026-07-17 19:22:27.718562-05,2026-07-17 19:22:27.718562-05,script,
570,2,200,431.132,2026-07-17 19:22:27.718562-05,2026-07-17 19:22:27.718562-05,script,
571,2,201,295.989,2026-07-17 19:22:27.718562-05,2026-07-17 19:22:27.718562-05,script,
572,2,202,193.613,2026-07-17 19:22:27.718562-05,2026-07-17 19:22:27.718562-05,script,
573,2,203,519.107,2026-07-17 19:22:27.718562-05,2026-07-17 19:22:27.718562-05,script,
574,2,204,502.275,2026-07-17 19:22:27.718562-05,2026-07-17 19:22:27.718562-05,script,
575,2,205,416.810,2026-07-17 19:22:27.718562-05,2026-07-17 19:22:27.718562-05,script,
576,2,206,282.445,2026-07-17 19:22:27.718562-05,2026-07-17 19:22:27.718562-05,script,
577,2,207,189.048,2026-07-17 19:22:27.718562-05,2026-07-17 19:22:27.718562-05,script,
578,2,208,311.637,2026-07-17 19:22:27.718562-05,2026-07-17 19:22:27.718562-05,script,
579,2,209,245.692,2026-07-17 19:22:27.718562-05,2026-07-17 19:22:27.718562-05,script,
580,2,210,476.762,2026-07-17 19:22:27.718562-05,2026-07-17 19:22:27.718562-05,script,
581,2,211,548.992,2026-07-17 19:22:27.718562-05,2026-07-17 19:22:27.718562-05,script,
582,2,212,325.343,2026-07-17 19:22:27.718562-05,2026-07-17 19:22:27.718562-05,script,
583,2,213,313.781,2026-07-17 19:22:27.718562-05,2026-07-17 19:22:27.718562-05,script,
584,2,214,273.961,2026-07-17 19:22:27.718562-05,2026-07-17 19:22:27.718562-05,script,
585,2,215,517.918,2026-07-17 19:22:27.718562-05,2026-07-17 19:22:27.718562-05,script,
586,2,216,372.673,2026-07-17 19:22:27.718562-05,2026-07-17 19:22:27.718562-05,script,
587,2,217,256.301,2026-07-17 19:22:27.718562-05,2026-07-17 19:22:27.718562-05,script,
588,2,218,251.590,2026-07-17 19:22:27.718562-05,2026-07-17 19:22:27.718562-05,script,
589,2,219,250.908,2026-07-17 19:22:27.718562-05,2026-07-17 19:22:27.718562-05,script,
590,2,220,285.790,2026-07-17 19:22:27.718562-05,2026-07-17 19:22:27.718562-05,script,
591,2,221,406.372,2026-07-17 19:22:27.718562-05,2026-07-17 19:22:27.718562-05,script,
592,2,222,421.056,2026-07-17 19:22:27.718562-05,2026-07-17 19:22:27.718562-05,script,
593,2,223,222.173,2026-07-17 19:22:27.718562-05,2026-07-17 19:22:27.718562-05,script,
594,2,224,425.266,2026-07-17 19:22:27.718562-05,2026-07-17 19:22:27.718562-05,script,
595,2,225,491.120,2026-07-17 19:22:27.718562-05,2026-07-17 19:22:27.718562-05,script,
596,2,226,71.241,2026-07-17 19:22:27.718562-05,2026-07-17 19:22:27.718562-05,script,
597,2,227,155.478,2026-07-17 19:22:27.718562-05,2026-07-17 19:22:27.718562-05,script,
598,2,228,157.431,2026-07-17 19:22:27.718562-05,2026-07-17 19:22:27.718562-05,script,
599,2,229,232.989,2026-07-17 19:22:27.718562-05,2026-07-17 19:22:27.718562-05,script,
600,2,230,160.581,2026-07-17 19:22:27.718562-05,2026-07-17 19:22:27.718562-05,script,
601,2,231,71.231,2026-07-17 19:22:27.718562-05,2026-07-17 19:22:27.718562-05,script,
602,2,232,79.758,2026-07-17 19:22:27.718562-05,2026-07-17 19:22:27.718562-05,script,
603,2,233,62.126,2026-07-17 19:22:27.718562-05,2026-07-17 19:22:27.718562-05,script,
604,2,234,204.118,2026-07-17 19:22:27.718562-05,2026-07-17 19:22:27.718562-05,script,
605,2,235,173.238,2026-07-17 19:22:27.718562-05,2026-07-17 19:22:27.718562-05,script,
606,2,236,182.449,2026-07-17 19:22:27.718562-05,2026-07-17 19:22:27.718562-05,script,
607,2,237,231.674,2026-07-17 19:22:27.718562-05,2026-07-17 19:22:27.718562-05,script,
608,2,238,168.829,2026-07-17 19:22:27.718562-05,2026-07-17 19:22:27.718562-05,script,
609,2,239,120.463,2026-07-17 19:22:27.718562-05,2026-07-17 19:22:27.718562-05,script,
610,2,240,222.877,2026-07-17 19:22:27.718562-05,2026-07-17 19:22:27.718562-05,script,
611,2,241,134.084,2026-07-17 19:22:27.718562-05,2026-07-17 19:22:27.718562-05,script,
612,2,242,80.917,2026-07-17 19:22:27.718562-05,2026-07-17 19:22:27.718562-05,script,
613,2,243,204.446,2026-07-17 19:22:27.718562-05,2026-07-17 19:22:27.718562-05,script,
614,2,244,132.950,2026-07-17 19:22:27.718562-05,2026-07-17 19:22:27.718562-05,script,
615,2,245,218.500,2026-07-17 19:22:27.718562-05,2026-07-17 19:22:27.718562-05,script,
616,2,246,176.857,2026-07-17 19:22:27.718562-05,2026-07-17 19:22:27.718562-05,script,
617,2,247,77.400,2026-07-17 19:22:27.718562-05,2026-07-17 19:22:27.718562-05,script,
618,2,248,164.221,2026-07-17 19:22:27.718562-05,2026-07-17 19:22:27.718562-05,script,
619,2,249,109.696,2026-07-17 19:22:27.718562-05,2026-07-17 19:22:27.718562-05,script,
620,2,250,122.733,2026-07-17 19:22:27.718562-05,2026-07-17 19:22:27.718562-05,script,
621,2,251,132.597,2026-07-17 19:22:27.718562-05,2026-07-17 19:22:27.718562-05,script,
622,2,252,94.879,2026-07-17 19:22:27.718562-05,2026-07-17 19:22:27.718562-05,script,
623,2,253,76.527,2026-07-17 19:22:27.718562-05,2026-07-17 19:22:27.718562-05,script,
624,2,254,101.477,2026-07-17 19:22:27.718562-05,2026-07-17 19:22:27.718562-05,script,
625,2,255,198.971,2026-07-17 19:22:27.718562-05,2026-07-17 19:22:27.718562-05,script,
626,2,256,95.107,2026-07-17 19:22:27.718562-05,2026-07-17 19:22:27.718562-05,script,
627,2,257,113.162,2026-07-17 19:22:27.718562-05,2026-07-17 19:22:27.718562-05,script,
628,2,258,187.879,2026-07-17 19:22:27.718562-05,2026-07-17 19:22:27.718562-05,script,
629,2,259,153.527,2026-07-17 19:22:27.718562-05,2026-07-17 19:22:27.718562-05,script,
630,2,260,172.699,2026-07-17 19:22:27.718562-05,2026-07-17 19:22:27.718562-05,script,
631,2,261,238.993,2026-07-17 19:22:27.718562-05,2026-07-17 19:22:27.718562-05,script,
632,2,262,64.807,2026-07-17 19:22:27.718562-05,2026-07-17 19:22:27.718562-05,script,
633,2,263,112.153,2026-07-17 19:22:27.718562-05,2026-07-17 19:22:27.718562-05,script,
634,2,264,182.681,2026-07-17 19:22:27.718562-05,2026-07-17 19:22:27.718562-05,script,
635,2,265,221.304,2026-07-17 19:22:27.718562-05,2026-07-17 19:22:27.718562-05,script,
636,2,266,198.951,2026-07-17 19:22:27.718562-05,2026-07-17 19:22:27.718562-05,script,
637,2,267,93.934,2026-07-17 19:22:27.718562-05,2026-07-17 19:22:27.718562-05,script,
638,2,268,79.842,2026-07-17 19:22:27.718562-05,2026-07-17 19:22:27.718562-05,script,
639,2,269,70.097,2026-07-17 19:22:27.718562-05,2026-07-17 19:22:27.718562-05,script,
640,2,270,70.387,2026-07-17 19:22:27.718562-05,2026-07-17 19:22:27.718562-05,script,
641,2,271,99.683,2026-07-17 19:22:27.718562-05,2026-07-17 19:22:27.718562-05,script,
642,2,272,135.354,2026-07-17 19:22:27.718562-05,2026-07-17 19:22:27.718562-05,script,
643,2,273,79.537,2026-07-17 19:22:27.718562-05,2026-07-17 19:22:27.718562-05,script,
644,2,274,170.720,2026-07-17 19:22:27.718562-05,2026-07-17 19:22:27.718562-05,script,
645,2,275,238.724,2026-07-17 19:22:27.718562-05,2026-07-17 19:22:27.718562-05,script,
646,2,276,101.600,2026-07-17 19:22:27.718562-05,2026-07-17 19:22:27.718562-05,script,
647,2,277,218.800,2026-07-17 19:22:27.718562-05,2026-07-17 19:22:27.718562-05,script,
648,2,278,190.867,2026-07-17 19:22:27.718562-05,2026-07-17 19:22:27.718562-05,script,
649,2,279,114.765,2026-07-17 19:22:27.718562-05,2026-07-17 19:22:27.718562-05,script,
650,2,280,175.416,2026-07-17 19:22:27.718562-05,2026-07-17 19:22:27.718562-05,script,
651,2,281,61.481,2026-07-17 19:22:27.718562-05,2026-07-17 19:22:27.718562-05,script,
652,2,282,75.335,2026-07-17 19:22:27.718562-05,2026-07-17 19:22:27.718562-05,script,
653,2,283,19.385,2026-07-17 19:22:27.718562-05,2026-07-17 19:22:27.718562-05,script,
654,2,284,69.149,2026-07-17 19:22:27.718562-05,2026-07-17 19:22:27.718562-05,script,
655,2,285,43.635,2026-07-17 19:22:27.718562-05,2026-07-17 19:22:27.718562-05,script,
656,2,286,18.668,2026-07-17 19:22:27.718562-05,2026-07-17 19:22:27.718562-05,script,
657,2,287,12.376,2026-07-17 19:22:27.718562-05,2026-07-17 19:22:27.718562-05,script,
658,2,288,12.877,2026-07-17 19:22:27.718562-05,2026-07-17 19:22:27.718562-05,script,
659,2,289,44.193,2026-07-17 19:22:27.718562-05,2026-07-17 19:22:27.718562-05,script,
660,2,290,12.764,2026-07-17 19:22:27.718562-05,2026-07-17 19:22:27.718562-05,script,
661,2,291,30.537,2026-07-17 19:22:27.718562-05,2026-07-17 19:22:27.718562-05,script,
662,2,292,50.973,2026-07-17 19:22:27.718562-05,2026-07-17 19:22:27.718562-05,script,
663,2,293,30.207,2026-07-17 19:22:27.718562-05,2026-07-17 19:22:27.718562-05,script,
664,2,294,30.903,2026-07-17 19:22:27.718562-05,2026-07-17 19:22:27.718562-05,script,
665,2,295,10.264,2026-07-17 19:22:27.718562-05,2026-07-17 19:22:27.718562-05,script,
666,2,296,77.887,2026-07-17 19:22:27.718562-05,2026-07-17 19:22:27.718562-05,script,
667,2,297,77.243,2026-07-17 19:22:27.718562-05,2026-07-17 19:22:27.718562-05,script,
668,2,298,11.990,2026-07-17 19:22:27.718562-05,2026-07-17 19:22:27.718562-05,script,
669,2,299,70.831,2026-07-17 19:22:27.718562-05,2026-07-17 19:22:27.718562-05,script,
670,2,300,62.906,2026-07-17 19:22:27.718562-05,2026-07-17 19:22:27.718562-05,script,
671,2,301,22.772,2026-07-17 19:22:27.718562-05,2026-07-17 19:22:27.718562-05,script,
672,2,302,64.165,2026-07-17 19:22:27.718562-05,2026-07-17 19:22:27.718562-05,script,
673,2,303,52.046,2026-07-17 19:22:27.718562-05,2026-07-17 19:22:27.718562-05,script,
674,2,304,20.887,2026-07-17 19:22:27.718562-05,2026-07-17 19:22:27.718562-05,script,
675,2,305,27.491,2026-07-17 19:22:27.718562-05,2026-07-17 19:22:27.718562-05,script,
676,2,306,73.013,2026-07-17 19:22:27.718562-05,2026-07-17 19:22:27.718562-05,script,
677,2,307,48.667,2026-07-17 19:22:27.718562-05,2026-07-17 19:22:27.718562-05,script,
678,2,308,78.820,2026-07-17 19:22:27.718562-05,2026-07-17 19:22:27.718562-05,script,
679,2,309,34.074,2026-07-17 19:22:27.718562-05,2026-07-17 19:22:27.718562-05,script,
680,2,310,13.531,2026-07-17 19:22:27.718562-05,2026-07-17 19:22:27.718562-05,script,
681,2,311,75.772,2026-07-17 19:22:27.718562-05,2026-07-17 19:22:27.718562-05,script,
682,2,312,56.294,2026-07-17 19:22:27.718562-05,2026-07-17 19:22:27.718562-05,script,
683,2,313,31.274,2026-07-17 19:22:27.718562-05,2026-07-17 19:22:27.718562-05,script,
684,2,314,26.884,2026-07-17 19:22:27.718562-05,2026-07-17 19:22:27.718562-05,script,
685,2,315,60.510,2026-07-17 19:22:27.718562-05,2026-07-17 19:22:27.718562-05,script,
686,2,316,51.151,2026-07-17 19:22:27.718562-05,2026-07-17 19:22:27.718562-05,script,
687,2,317,16.813,2026-07-17 19:22:27.718562-05,2026-07-17 19:22:27.718562-05,script,
688,2,318,72.778,2026-07-17 19:22:27.718562-05,2026-07-17 19:22:27.718562-05,script,
689,2,319,45.747,2026-07-17 19:22:27.718562-05,2026-07-17 19:22:27.718562-05,script,
690,2,320,50.377,2026-07-17 19:22:27.718562-05,2026-07-17 19:22:27.718562-05,script,
691,2,321,35.538,2026-07-17 19:22:27.718562-05,2026-07-17 19:22:27.718562-05,script,
692,2,322,12.780,2026-07-17 19:22:27.718562-05,2026-07-17 19:22:27.718562-05,script,
693,2,323,20.917,2026-07-17 19:22:27.718562-05,2026-07-17 19:22:27.718562-05,script,
694,2,324,41.913,2026-07-17 19:22:27.718562-05,2026-07-17 19:22:27.718562-05,script,
695,2,325,44.876,2026-07-17 19:22:27.718562-05,2026-07-17 19:22:27.718562-05,script,
696,2,326,76.950,2026-07-17 19:22:27.718562-05,2026-07-17 19:22:27.718562-05,script,
697,2,327,58.816,2026-07-17 19:22:27.718562-05,2026-07-17 19:22:27.718562-05,script,
698,2,328,21.759,2026-07-17 19:22:27.718562-05,2026-07-17 19:22:27.718562-05,script,
699,2,329,63.034,2026-07-17 19:22:27.718562-05,2026-07-17 19:22:27.718562-05,script,
700,2,330,14.625,2026-07-17 19:22:27.718562-05,2026-07-17 19:22:27.718562-05,script,
701,2,331,32.840,2026-07-17 19:22:27.718562-05,2026-07-17 19:22:27.718562-05,script,
702,2,332,54.425,2026-07-17 19:22:27.718562-05,2026-07-17 19:22:27.718562-05,script,
703,2,333,66.726,2026-07-17 19:22:27.718562-05,2026-07-17 19:22:27.718562-05,script,
704,2,334,10.095,2026-07-17 19:22:27.718562-05,2026-07-17 19:22:27.718562-05,script,
705,2,335,37.594,2026-07-17 19:22:27.718562-05,2026-07-17 19:22:27.718562-05,script,
706,2,336,11.700,2026-07-17 19:22:27.718562-05,2026-07-17 19:22:27.718562-05,script,
707,2,337,56.098,2026-07-17 19:22:27.718562-05,2026-07-17 19:22:27.718562-05,script,
708,2,338,51.127,2026-07-17 19:22:27.718562-05,2026-07-17 19:22:27.718562-05,script,
709,2,339,12.027,2026-07-17 19:22:27.718562-05,2026-07-17 19:22:27.718562-05,script,
710,2,340,70.186,2026-07-17 19:22:27.718562-05,2026-07-17 19:22:27.718562-05,script,
711,2,341,68.041,2026-07-17 19:22:27.718562-05,2026-07-17 19:22:27.718562-05,script,
712,2,342,12.521,2026-07-17 19:22:27.718562-05,2026-07-17 19:22:27.718562-05,script,
713,2,343,51.352,2026-07-17 19:22:27.718562-05,2026-07-17 19:22:27.718562-05,script,
714,2,344,74.179,2026-07-17 19:22:27.718562-05,2026-07-17 19:22:27.718562-05,script,
715,2,345,40.779,2026-07-17 19:22:27.718562-05,2026-07-17 19:22:27.718562-05,script,
716,2,346,29.592,2026-07-17 19:22:27.718562-05,2026-07-17 19:22:27.718562-05,script,
717,2,347,19.203,2026-07-17 19:22:27.718562-05,2026-07-17 19:22:27.718562-05,script,
718,2,348,62.511,2026-07-17 19:22:27.718562-05,2026-07-17 19:22:27.718562-05,script,
719,2,349,61.985,2026-07-17 19:22:27.718562-05,2026-07-17 19:22:27.718562-05,script,
720,2,350,62.276,2026-07-17 19:22:27.718562-05,2026-07-17 19:22:27.718562-05,script,
721,2,351,30.353,2026-07-17 19:22:27.718562-05,2026-07-17 19:22:27.718562-05,script,
722,2,352,72.387,2026-07-17 19:22:27.718562-05,2026-07-17 19:22:27.718562-05,script,
723,2,353,50.485,2026-07-17 19:22:27.718562-05,2026-07-17 19:22:27.718562-05,script,
724,2,354,67.924,2026-07-17 19:22:27.718562-05,2026-07-17 19:22:27.718562-05,script,
725,2,355,40.212,2026-07-17 19:22:27.718562-05,2026-07-17 19:22:27.718562-05,script,
726,2,356,56.395,2026-07-17 19:22:27.718562-05,2026-07-17 19:22:27.718562-05,script,
727,2,357,65.526,2026-07-17 19:22:27.718562-05,2026-07-17 19:22:27.718562-05,script,
728,2,358,77.404,2026-07-17 19:22:27.718562-05,2026-07-17 19:22:27.718562-05,script,
729,2,359,24.328,2026-07-17 19:22:27.718562-05,2026-07-17 19:22:27.718562-05,script,
730,2,360,61.668,2026-07-17 19:22:27.718562-05,2026-07-17 19:22:27.718562-05,script,
731,2,361,70.687,2026-07-17 19:22:27.718562-05,2026-07-17 19:22:27.718562-05,script,
732,2,362,49.050,2026-07-17 19:22:27.718562-05,2026-07-17 19:22:27.718562-05,script,
733,2,363,60.167,2026-07-17 19:22:27.718562-05,2026-07-17 19:22:27.718562-05,script,
734,2,364,15.047,2026-07-17 19:22:27.718562-05,2026-07-17 19:22:27.718562-05,script,
735,2,365,69.069,2026-07-17 19:22:27.718562-05,2026-07-17 19:22:27.718562-05,script,
736,2,366,33.227,2026-07-17 19:22:27.718562-05,2026-07-17 19:22:27.718562-05,script,
737,2,367,32.369,2026-07-17 19:22:27.718562-05,2026-07-17 19:22:27.718562-05,script,
738,2,368,69.100,2026-07-17 19:22:27.718562-05,2026-07-17 19:22:27.718562-05,script,
739,2,369,34.510,2026-07-17 19:22:27.718562-05,2026-07-17 19:22:27.718562-05,script,
740,2,370,28.657,2026-07-17 19:22:27.718562-05,2026-07-17 19:22:27.718562-05,script,
741,3,1,504.411,2026-07-17 19:22:27.718562-05,2026-07-17 19:22:27.718562-05,script,
742,3,2,414.072,2026-07-17 19:22:27.718562-05,2026-07-17 19:22:27.718562-05,script,
743,3,3,284.206,2026-07-17 19:22:27.718562-05,2026-07-17 19:22:27.718562-05,script,
744,3,4,518.449,2026-07-17 19:22:27.718562-05,2026-07-17 19:22:27.718562-05,script,
745,3,5,325.118,2026-07-17 19:22:27.718562-05,2026-07-17 19:22:27.718562-05,script,
746,3,6,296.510,2026-07-17 19:22:27.718562-05,2026-07-17 19:22:27.718562-05,script,
747,3,7,426.779,2026-07-17 19:22:27.718562-05,2026-07-17 19:22:27.718562-05,script,
748,3,8,222.848,2026-07-17 19:22:27.718562-05,2026-07-17 19:22:27.718562-05,script,
749,3,9,530.187,2026-07-17 19:22:27.718562-05,2026-07-17 19:22:27.718562-05,script,
750,3,10,397.868,2026-07-17 19:22:27.718562-05,2026-07-17 19:22:27.718562-05,script,
751,3,11,452.508,2026-07-17 19:22:27.718562-05,2026-07-17 19:22:27.718562-05,script,
752,3,12,383.484,2026-07-17 19:22:27.718562-05,2026-07-17 19:22:27.718562-05,script,
753,3,13,174.068,2026-07-17 19:22:27.718562-05,2026-07-17 19:22:27.718562-05,script,
754,3,14,374.493,2026-07-17 19:22:27.718562-05,2026-07-17 19:22:27.718562-05,script,
755,3,15,300.010,2026-07-17 19:22:27.718562-05,2026-07-17 19:22:27.718562-05,script,
756,3,16,421.300,2026-07-17 19:22:27.718562-05,2026-07-17 19:22:27.718562-05,script,
757,3,17,226.045,2026-07-17 19:22:27.718562-05,2026-07-17 19:22:27.718562-05,script,
758,3,18,470.342,2026-07-17 19:22:27.718562-05,2026-07-17 19:22:27.718562-05,script,
759,3,19,294.733,2026-07-17 19:22:27.718562-05,2026-07-17 19:22:27.718562-05,script,
760,3,20,204.309,2026-07-17 19:22:27.718562-05,2026-07-17 19:22:27.718562-05,script,
761,3,21,407.928,2026-07-17 19:22:27.718562-05,2026-07-17 19:22:27.718562-05,script,
762,3,22,373.736,2026-07-17 19:22:27.718562-05,2026-07-17 19:22:27.718562-05,script,
763,3,23,258.812,2026-07-17 19:22:27.718562-05,2026-07-17 19:22:27.718562-05,script,
764,3,24,462.221,2026-07-17 19:22:27.718562-05,2026-07-17 19:22:27.718562-05,script,
765,3,25,150.289,2026-07-17 19:22:27.718562-05,2026-07-17 19:22:27.718562-05,script,
766,3,26,204.778,2026-07-17 19:22:27.718562-05,2026-07-17 19:22:27.718562-05,script,
767,3,27,199.935,2026-07-17 19:22:27.718562-05,2026-07-17 19:22:27.718562-05,script,
768,3,28,231.058,2026-07-17 19:22:27.718562-05,2026-07-17 19:22:27.718562-05,script,
769,3,29,283.189,2026-07-17 19:22:27.718562-05,2026-07-17 19:22:27.718562-05,script,
770,3,30,151.521,2026-07-17 19:22:27.718562-05,2026-07-17 19:22:27.718562-05,script,
771,3,31,355.812,2026-07-17 19:22:27.718562-05,2026-07-17 19:22:27.718562-05,script,
772,3,32,170.827,2026-07-17 19:22:27.718562-05,2026-07-17 19:22:27.718562-05,script,
773,3,33,359.635,2026-07-17 19:22:27.718562-05,2026-07-17 19:22:27.718562-05,script,
774,3,34,128,2026-07-17 19:22:27.718562-05,2026-07-17 19:22:27.718562-05,script,
775,3,35,176.201,2026-07-17 19:22:27.718562-05,2026-07-17 19:22:27.718562-05,script,
776,3,36,347.756,2026-07-17 19:22:27.718562-05,2026-07-17 19:22:27.718562-05,script,
777,3,37,238.407,2026-07-17 19:22:27.718562-05,2026-07-17 19:22:27.718562-05,script,
778,3,38,415.264,2026-07-17 19:22:27.718562-05,2026-07-17 19:22:27.718562-05,script,
779,3,39,394.654,2026-07-17 19:22:27.718562-05,2026-07-17 19:22:27.718562-05,script,
780,3,40,317.963,2026-07-17 19:22:27.718562-05,2026-07-17 19:22:27.718562-05,script,
781,3,41,315.439,2026-07-17 19:22:27.718562-05,2026-07-17 19:22:27.718562-05,script,
782,3,42,157.788,2026-07-17 19:22:27.718562-05,2026-07-17 19:22:27.718562-05,script,
783,3,43,384.167,2026-07-17 19:22:27.718562-05,2026-07-17 19:22:27.718562-05,script,
784,3,44,340.844,2026-07-17 19:22:27.718562-05,2026-07-17 19:22:27.718562-05,script,
785,3,45,244.450,2026-07-17 19:22:27.718562-05,2026-07-17 19:22:27.718562-05,script,
786,3,46,189.497,2026-07-17 19:22:27.718562-05,2026-07-17 19:22:27.718562-05,script,
787,3,47,192.419,2026-07-17 19:22:27.718562-05,2026-07-17 19:22:27.718562-05,script,
788,3,48,541.747,2026-07-17 19:22:27.718562-05,2026-07-17 19:22:27.718562-05,script,
789,3,49,261.537,2026-07-17 19:22:27.718562-05,2026-07-17 19:22:27.718562-05,script,
790,3,50,187.229,2026-07-17 19:22:27.718562-05,2026-07-17 19:22:27.718562-05,script,
791,3,51,446.455,2026-07-17 19:22:27.718562-05,2026-07-17 19:22:27.718562-05,script,
792,3,52,377.551,2026-07-17 19:22:27.718562-05,2026-07-17 19:22:27.718562-05,script,
793,3,53,536.777,2026-07-17 19:22:27.718562-05,2026-07-17 19:22:27.718562-05,script,
794,3,54,242.977,2026-07-17 19:22:27.718562-05,2026-07-17 19:22:27.718562-05,script,
795,3,55,439.475,2026-07-17 19:22:27.718562-05,2026-07-17 19:22:27.718562-05,script,
796,3,56,314.642,2026-07-17 19:22:27.718562-05,2026-07-17 19:22:27.718562-05,script,
797,3,57,358.686,2026-07-17 19:22:27.718562-05,2026-07-17 19:22:27.718562-05,script,
798,3,58,172.341,2026-07-17 19:22:27.718562-05,2026-07-17 19:22:27.718562-05,script,
799,3,59,220.088,2026-07-17 19:22:27.718562-05,2026-07-17 19:22:27.718562-05,script,
800,3,60,386.542,2026-07-17 19:22:27.718562-05,2026-07-17 19:22:27.718562-05,script,
801,3,61,236.648,2026-07-17 19:22:27.718562-05,2026-07-17 19:22:27.718562-05,script,
802,3,62,400.914,2026-07-17 19:22:27.718562-05,2026-07-17 19:22:27.718562-05,script,
803,3,63,235.053,2026-07-17 19:22:27.718562-05,2026-07-17 19:22:27.718562-05,script,
804,3,64,407.096,2026-07-17 19:22:27.718562-05,2026-07-17 19:22:27.718562-05,script,
805,3,65,151.440,2026-07-17 19:22:27.718562-05,2026-07-17 19:22:27.718562-05,script,
806,3,66,385.385,2026-07-17 19:22:27.718562-05,2026-07-17 19:22:27.718562-05,script,
807,3,67,319.717,2026-07-17 19:22:27.718562-05,2026-07-17 19:22:27.718562-05,script,
808,3,68,235.980,2026-07-17 19:22:27.718562-05,2026-07-17 19:22:27.718562-05,script,
809,3,69,212.482,2026-07-17 19:22:27.718562-05,2026-07-17 19:22:27.718562-05,script,
810,3,70,504.839,2026-07-17 19:22:27.718562-05,2026-07-17 19:22:27.718562-05,script,
811,3,71,549.779,2026-07-17 19:22:27.718562-05,2026-07-17 19:22:27.718562-05,script,
812,3,72,262.194,2026-07-17 19:22:27.718562-05,2026-07-17 19:22:27.718562-05,script,
813,3,73,548.088,2026-07-17 19:22:27.718562-05,2026-07-17 19:22:27.718562-05,script,
814,3,74,262.845,2026-07-17 19:22:27.718562-05,2026-07-17 19:22:27.718562-05,script,
815,3,75,531.550,2026-07-17 19:22:27.718562-05,2026-07-17 19:22:27.718562-05,script,
816,3,76,23.481,2026-07-17 19:22:27.718562-05,2026-07-17 19:22:27.718562-05,script,
817,3,77,73.225,2026-07-17 19:22:27.718562-05,2026-07-17 19:22:27.718562-05,script,
818,3,78,22.280,2026-07-17 19:22:27.718562-05,2026-07-17 19:22:27.718562-05,script,
819,3,79,72.892,2026-07-17 19:22:27.718562-05,2026-07-17 19:22:27.718562-05,script,
820,3,80,21.825,2026-07-17 19:22:27.718562-05,2026-07-17 19:22:27.718562-05,script,
821,3,81,70.298,2026-07-17 19:22:27.718562-05,2026-07-17 19:22:27.718562-05,script,
822,3,82,46.826,2026-07-17 19:22:27.718562-05,2026-07-17 19:22:27.718562-05,script,
823,3,83,22.042,2026-07-17 19:22:27.718562-05,2026-07-17 19:22:27.718562-05,script,
824,3,84,34.618,2026-07-17 19:22:27.718562-05,2026-07-17 19:22:27.718562-05,script,
825,3,85,67.677,2026-07-17 19:22:27.718562-05,2026-07-17 19:22:27.718562-05,script,
826,3,86,63.896,2026-07-17 19:22:27.718562-05,2026-07-17 19:22:27.718562-05,script,
827,3,87,32.667,2026-07-17 19:22:27.718562-05,2026-07-17 19:22:27.718562-05,script,
828,3,88,10.479,2026-07-17 19:22:27.718562-05,2026-07-17 19:22:27.718562-05,script,
829,3,89,32.275,2026-07-17 19:22:27.718562-05,2026-07-17 19:22:27.718562-05,script,
830,3,90,74.908,2026-07-17 19:22:27.718562-05,2026-07-17 19:22:27.718562-05,script,
831,3,91,44.328,2026-07-17 19:22:27.718562-05,2026-07-17 19:22:27.718562-05,script,
832,3,92,72.124,2026-07-17 19:22:27.718562-05,2026-07-17 19:22:27.718562-05,script,
833,3,93,44.587,2026-07-17 19:22:27.718562-05,2026-07-17 19:22:27.718562-05,script,
834,3,94,75.552,2026-07-17 19:22:27.718562-05,2026-07-17 19:22:27.718562-05,script,
835,3,95,19.514,2026-07-17 19:22:27.718562-05,2026-07-17 19:22:27.718562-05,script,
836,3,96,67.869,2026-07-17 19:22:27.718562-05,2026-07-17 19:22:27.718562-05,script,
837,3,97,73.219,2026-07-17 19:22:27.718562-05,2026-07-17 19:22:27.718562-05,script,
838,3,98,68.613,2026-07-17 19:22:27.718562-05,2026-07-17 19:22:27.718562-05,script,
839,3,99,11.504,2026-07-17 19:22:27.718562-05,2026-07-17 19:22:27.718562-05,script,
840,3,100,54.130,2026-07-17 19:22:27.718562-05,2026-07-17 19:22:27.718562-05,script,
841,3,101,56.245,2026-07-17 19:22:27.718562-05,2026-07-17 19:22:27.718562-05,script,
842,3,102,54.878,2026-07-17 19:22:27.718562-05,2026-07-17 19:22:27.718562-05,script,
843,3,103,12.252,2026-07-17 19:22:27.718562-05,2026-07-17 19:22:27.718562-05,script,
844,3,104,58.259,2026-07-17 19:22:27.718562-05,2026-07-17 19:22:27.718562-05,script,
845,3,105,75.886,2026-07-17 19:22:27.718562-05,2026-07-17 19:22:27.718562-05,script,
846,3,106,63.528,2026-07-17 19:22:27.718562-05,2026-07-17 19:22:27.718562-05,script,
847,3,107,65.860,2026-07-17 19:22:27.718562-05,2026-07-17 19:22:27.718562-05,script,
848,3,108,11.462,2026-07-17 19:22:27.718562-05,2026-07-17 19:22:27.718562-05,script,
849,3,109,19.065,2026-07-17 19:22:27.718562-05,2026-07-17 19:22:27.718562-05,script,
850,3,110,15.716,2026-07-17 19:22:27.718562-05,2026-07-17 19:22:27.718562-05,script,
851,3,111,68.774,2026-07-17 19:22:27.718562-05,2026-07-17 19:22:27.718562-05,script,
852,3,112,79.531,2026-07-17 19:22:27.718562-05,2026-07-17 19:22:27.718562-05,script,
853,3,113,64.672,2026-07-17 19:22:27.718562-05,2026-07-17 19:22:27.718562-05,script,
854,3,114,31.433,2026-07-17 19:22:27.718562-05,2026-07-17 19:22:27.718562-05,script,
855,3,115,79.888,2026-07-17 19:22:27.718562-05,2026-07-17 19:22:27.718562-05,script,
856,3,116,17.771,2026-07-17 19:22:27.718562-05,2026-07-17 19:22:27.718562-05,script,
857,3,117,37.016,2026-07-17 19:22:27.718562-05,2026-07-17 19:22:27.718562-05,script,
858,3,118,63.609,2026-07-17 19:22:27.718562-05,2026-07-17 19:22:27.718562-05,script,
859,3,119,42.572,2026-07-17 19:22:27.718562-05,2026-07-17 19:22:27.718562-05,script,
860,3,120,48.322,2026-07-17 19:22:27.718562-05,2026-07-17 19:22:27.718562-05,script,
861,3,121,14.435,2026-07-17 19:22:27.718562-05,2026-07-17 19:22:27.718562-05,script,
862,3,122,45.489,2026-07-17 19:22:27.718562-05,2026-07-17 19:22:27.718562-05,script,
863,3,123,75.387,2026-07-17 19:22:27.718562-05,2026-07-17 19:22:27.718562-05,script,
864,3,124,43.189,2026-07-17 19:22:27.718562-05,2026-07-17 19:22:27.718562-05,script,
865,3,125,12.083,2026-07-17 19:22:27.718562-05,2026-07-17 19:22:27.718562-05,script,
866,3,126,71.232,2026-07-17 19:22:27.718562-05,2026-07-17 19:22:27.718562-05,script,
867,3,127,64.403,2026-07-17 19:22:27.718562-05,2026-07-17 19:22:27.718562-05,script,
868,3,128,77.215,2026-07-17 19:22:27.718562-05,2026-07-17 19:22:27.718562-05,script,
869,3,129,21.224,2026-07-17 19:22:27.718562-05,2026-07-17 19:22:27.718562-05,script,
870,3,130,79.610,2026-07-17 19:22:27.718562-05,2026-07-17 19:22:27.718562-05,script,
871,3,131,60.276,2026-07-17 19:22:27.718562-05,2026-07-17 19:22:27.718562-05,script,
872,3,132,31.751,2026-07-17 19:22:27.718562-05,2026-07-17 19:22:27.718562-05,script,
873,3,133,39.050,2026-07-17 19:22:27.718562-05,2026-07-17 19:22:27.718562-05,script,
874,3,134,73.938,2026-07-17 19:22:27.718562-05,2026-07-17 19:22:27.718562-05,script,
875,3,135,51.005,2026-07-17 19:22:27.718562-05,2026-07-17 19:22:27.718562-05,script,
876,3,136,46.575,2026-07-17 19:22:27.718562-05,2026-07-17 19:22:27.718562-05,script,
877,3,137,30.844,2026-07-17 19:22:27.718562-05,2026-07-17 19:22:27.718562-05,script,
878,3,138,36.257,2026-07-17 19:22:27.718562-05,2026-07-17 19:22:27.718562-05,script,
879,3,139,40.936,2026-07-17 19:22:27.718562-05,2026-07-17 19:22:27.718562-05,script,
880,3,140,70.898,2026-07-17 19:22:27.718562-05,2026-07-17 19:22:27.718562-05,script,
881,3,141,46.434,2026-07-17 19:22:27.718562-05,2026-07-17 19:22:27.718562-05,script,
882,3,142,32.091,2026-07-17 19:22:27.718562-05,2026-07-17 19:22:27.718562-05,script,
883,3,143,37.438,2026-07-17 19:22:27.718562-05,2026-07-17 19:22:27.718562-05,script,
884,3,144,59.976,2026-07-17 19:22:27.718562-05,2026-07-17 19:22:27.718562-05,script,
885,3,145,50.483,2026-07-17 19:22:27.718562-05,2026-07-17 19:22:27.718562-05,script,
886,3,146,17.098,2026-07-17 19:22:27.718562-05,2026-07-17 19:22:27.718562-05,script,
887,3,147,53.872,2026-07-17 19:22:27.718562-05,2026-07-17 19:22:27.718562-05,script,
888,3,148,63.563,2026-07-17 19:22:27.718562-05,2026-07-17 19:22:27.718562-05,script,
889,3,149,45.215,2026-07-17 19:22:27.718562-05,2026-07-17 19:22:27.718562-05,script,
890,3,150,66.036,2026-07-17 19:22:27.718562-05,2026-07-17 19:22:27.718562-05,script,
891,3,151,532.425,2026-07-17 19:22:27.718562-05,2026-07-17 19:22:27.718562-05,script,
892,3,152,494.495,2026-07-17 19:22:27.718562-05,2026-07-17 19:22:27.718562-05,script,
893,3,153,189.751,2026-07-17 19:22:27.718562-05,2026-07-17 19:22:27.718562-05,script,
894,3,154,161.648,2026-07-17 19:22:27.718562-05,2026-07-17 19:22:27.718562-05,script,
895,3,155,493.633,2026-07-17 19:22:27.718562-05,2026-07-17 19:22:27.718562-05,script,
896,3,156,509.578,2026-07-17 19:22:27.718562-05,2026-07-17 19:22:27.718562-05,script,
897,3,157,172.382,2026-07-17 19:22:27.718562-05,2026-07-17 19:22:27.718562-05,script,
898,3,158,387.467,2026-07-17 19:22:27.718562-05,2026-07-17 19:22:27.718562-05,script,
899,3,159,497.680,2026-07-17 19:22:27.718562-05,2026-07-17 19:22:27.718562-05,script,
900,3,160,331.571,2026-07-17 19:22:27.718562-05,2026-07-17 19:22:27.718562-05,script,
901,3,161,320.605,2026-07-17 19:22:27.718562-05,2026-07-17 19:22:27.718562-05,script,
902,3,162,196.925,2026-07-17 19:22:27.718562-05,2026-07-17 19:22:27.718562-05,script,
903,3,163,174.502,2026-07-17 19:22:27.718562-05,2026-07-17 19:22:27.718562-05,script,
904,3,164,326.573,2026-07-17 19:22:27.718562-05,2026-07-17 19:22:27.718562-05,script,
905,3,165,527.559,2026-07-17 19:22:27.718562-05,2026-07-17 19:22:27.718562-05,script,
906,3,166,340.945,2026-07-17 19:22:27.718562-05,2026-07-17 19:22:27.718562-05,script,
907,3,167,545.021,2026-07-17 19:22:27.718562-05,2026-07-17 19:22:27.718562-05,script,
908,3,168,266.280,2026-07-17 19:22:27.718562-05,2026-07-17 19:22:27.718562-05,script,
909,3,169,331.115,2026-07-17 19:22:27.718562-05,2026-07-17 19:22:27.718562-05,script,
910,3,170,278.683,2026-07-17 19:22:27.718562-05,2026-07-17 19:22:27.718562-05,script,
911,3,171,374.582,2026-07-17 19:22:27.718562-05,2026-07-17 19:22:27.718562-05,script,
912,3,172,521.305,2026-07-17 19:22:27.718562-05,2026-07-17 19:22:27.718562-05,script,
913,3,173,419.546,2026-07-17 19:22:27.718562-05,2026-07-17 19:22:27.718562-05,script,
914,3,174,463.687,2026-07-17 19:22:27.718562-05,2026-07-17 19:22:27.718562-05,script,
915,3,175,249.136,2026-07-17 19:22:27.718562-05,2026-07-17 19:22:27.718562-05,script,
916,3,176,201.856,2026-07-17 19:22:27.718562-05,2026-07-17 19:22:27.718562-05,script,
917,3,177,489.997,2026-07-17 19:22:27.718562-05,2026-07-17 19:22:27.718562-05,script,
918,3,178,439.105,2026-07-17 19:22:27.718562-05,2026-07-17 19:22:27.718562-05,script,
919,3,179,515.116,2026-07-17 19:22:27.718562-05,2026-07-17 19:22:27.718562-05,script,
920,3,180,494.582,2026-07-17 19:22:27.718562-05,2026-07-17 19:22:27.718562-05,script,
921,3,181,396.219,2026-07-17 19:22:27.718562-05,2026-07-17 19:22:27.718562-05,script,
922,3,182,228.010,2026-07-17 19:22:27.718562-05,2026-07-17 19:22:27.718562-05,script,
923,3,183,200.079,2026-07-17 19:22:27.718562-05,2026-07-17 19:22:27.718562-05,script,
924,3,184,466.314,2026-07-17 19:22:27.718562-05,2026-07-17 19:22:27.718562-05,script,
925,3,185,408.223,2026-07-17 19:22:27.718562-05,2026-07-17 19:22:27.718562-05,script,
926,3,186,341.836,2026-07-17 19:22:27.718562-05,2026-07-17 19:22:27.718562-05,script,
927,3,187,414.588,2026-07-17 19:22:27.718562-05,2026-07-17 19:22:27.718562-05,script,
928,3,188,217.050,2026-07-17 19:22:27.718562-05,2026-07-17 19:22:27.718562-05,script,
929,3,189,486.577,2026-07-17 19:22:27.718562-05,2026-07-17 19:22:27.718562-05,script,
930,3,190,374.380,2026-07-17 19:22:27.718562-05,2026-07-17 19:22:27.718562-05,script,
931,3,191,423.443,2026-07-17 19:22:27.718562-05,2026-07-17 19:22:27.718562-05,script,
932,3,192,432.357,2026-07-17 19:22:27.718562-05,2026-07-17 19:22:27.718562-05,script,
933,3,193,165.108,2026-07-17 19:22:27.718562-05,2026-07-17 19:22:27.718562-05,script,
934,3,194,429.120,2026-07-17 19:22:27.718562-05,2026-07-17 19:22:27.718562-05,script,
935,3,195,371.118,2026-07-17 19:22:27.718562-05,2026-07-17 19:22:27.718562-05,script,
936,3,196,275.313,2026-07-17 19:22:27.718562-05,2026-07-17 19:22:27.718562-05,script,
937,3,197,462.744,2026-07-17 19:22:27.718562-05,2026-07-17 19:22:27.718562-05,script,
938,3,198,176.375,2026-07-17 19:22:27.718562-05,2026-07-17 19:22:27.718562-05,script,
939,3,199,301.751,2026-07-17 19:22:27.718562-05,2026-07-17 19:22:27.718562-05,script,
940,3,200,533.104,2026-07-17 19:22:27.718562-05,2026-07-17 19:22:27.718562-05,script,
941,3,201,523.065,2026-07-17 19:22:27.718562-05,2026-07-17 19:22:27.718562-05,script,
942,3,202,221.771,2026-07-17 19:22:27.718562-05,2026-07-17 19:22:27.718562-05,script,
943,3,203,331.678,2026-07-17 19:22:27.718562-05,2026-07-17 19:22:27.718562-05,script,
944,3,204,297.647,2026-07-17 19:22:27.718562-05,2026-07-17 19:22:27.718562-05,script,
945,3,205,500.643,2026-07-17 19:22:27.718562-05,2026-07-17 19:22:27.718562-05,script,
946,3,206,448.964,2026-07-17 19:22:27.718562-05,2026-07-17 19:22:27.718562-05,script,
947,3,207,256.247,2026-07-17 19:22:27.718562-05,2026-07-17 19:22:27.718562-05,script,
948,3,208,368.666,2026-07-17 19:22:27.718562-05,2026-07-17 19:22:27.718562-05,script,
949,3,209,270.297,2026-07-17 19:22:27.718562-05,2026-07-17 19:22:27.718562-05,script,
950,3,210,339.854,2026-07-17 19:22:27.718562-05,2026-07-17 19:22:27.718562-05,script,
951,3,211,498.495,2026-07-17 19:22:27.718562-05,2026-07-17 19:22:27.718562-05,script,
952,3,212,227.614,2026-07-17 19:22:27.718562-05,2026-07-17 19:22:27.718562-05,script,
953,3,213,376.397,2026-07-17 19:22:27.718562-05,2026-07-17 19:22:27.718562-05,script,
954,3,214,506.245,2026-07-17 19:22:27.718562-05,2026-07-17 19:22:27.718562-05,script,
955,3,215,266.012,2026-07-17 19:22:27.718562-05,2026-07-17 19:22:27.718562-05,script,
956,3,216,285.229,2026-07-17 19:22:27.718562-05,2026-07-17 19:22:27.718562-05,script,
957,3,217,205.115,2026-07-17 19:22:27.718562-05,2026-07-17 19:22:27.718562-05,script,
958,3,218,397.035,2026-07-17 19:22:27.718562-05,2026-07-17 19:22:27.718562-05,script,
959,3,219,322.904,2026-07-17 19:22:27.718562-05,2026-07-17 19:22:27.718562-05,script,
960,3,220,249.266,2026-07-17 19:22:27.718562-05,2026-07-17 19:22:27.718562-05,script,
961,3,221,220.585,2026-07-17 19:22:27.718562-05,2026-07-17 19:22:27.718562-05,script,
962,3,222,475.060,2026-07-17 19:22:27.718562-05,2026-07-17 19:22:27.718562-05,script,
963,3,223,410.709,2026-07-17 19:22:27.718562-05,2026-07-17 19:22:27.718562-05,script,
964,3,224,541.964,2026-07-17 19:22:27.718562-05,2026-07-17 19:22:27.718562-05,script,
965,3,225,235.090,2026-07-17 19:22:27.718562-05,2026-07-17 19:22:27.718562-05,script,
966,3,226,225.291,2026-07-17 19:22:27.718562-05,2026-07-17 19:22:27.718562-05,script,
967,3,227,125.961,2026-07-17 19:22:27.718562-05,2026-07-17 19:22:27.718562-05,script,
968,3,228,165.051,2026-07-17 19:22:27.718562-05,2026-07-17 19:22:27.718562-05,script,
969,3,229,170.278,2026-07-17 19:22:27.718562-05,2026-07-17 19:22:27.718562-05,script,
970,3,230,182.020,2026-07-17 19:22:27.718562-05,2026-07-17 19:22:27.718562-05,script,
971,3,231,229.647,2026-07-17 19:22:27.718562-05,2026-07-17 19:22:27.718562-05,script,
972,3,232,112.002,2026-07-17 19:22:27.718562-05,2026-07-17 19:22:27.718562-05,script,
973,3,233,185.066,2026-07-17 19:22:27.718562-05,2026-07-17 19:22:27.718562-05,script,
974,3,234,193.625,2026-07-17 19:22:27.718562-05,2026-07-17 19:22:27.718562-05,script,
975,3,235,75.819,2026-07-17 19:22:27.718562-05,2026-07-17 19:22:27.718562-05,script,
976,3,236,165.086,2026-07-17 19:22:27.718562-05,2026-07-17 19:22:27.718562-05,script,
977,3,237,106.580,2026-07-17 19:22:27.718562-05,2026-07-17 19:22:27.718562-05,script,
978,3,238,135.391,2026-07-17 19:22:27.718562-05,2026-07-17 19:22:27.718562-05,script,
979,3,239,231.064,2026-07-17 19:22:27.718562-05,2026-07-17 19:22:27.718562-05,script,
980,3,240,62.624,2026-07-17 19:22:27.718562-05,2026-07-17 19:22:27.718562-05,script,
981,3,241,181.744,2026-07-17 19:22:27.718562-05,2026-07-17 19:22:27.718562-05,script,
982,3,242,77.235,2026-07-17 19:22:27.718562-05,2026-07-17 19:22:27.718562-05,script,
983,3,243,227.656,2026-07-17 19:22:27.718562-05,2026-07-17 19:22:27.718562-05,script,
984,3,244,101.574,2026-07-17 19:22:27.718562-05,2026-07-17 19:22:27.718562-05,script,
985,3,245,74.738,2026-07-17 19:22:27.718562-05,2026-07-17 19:22:27.718562-05,script,
986,3,246,94.818,2026-07-17 19:22:27.718562-05,2026-07-17 19:22:27.718562-05,script,
987,3,247,170.310,2026-07-17 19:22:27.718562-05,2026-07-17 19:22:27.718562-05,script,
988,3,248,128.290,2026-07-17 19:22:27.718562-05,2026-07-17 19:22:27.718562-05,script,
989,3,249,72.011,2026-07-17 19:22:27.718562-05,2026-07-17 19:22:27.718562-05,script,
990,3,250,75.237,2026-07-17 19:22:27.718562-05,2026-07-17 19:22:27.718562-05,script,
991,3,251,80.965,2026-07-17 19:22:27.718562-05,2026-07-17 19:22:27.718562-05,script,
992,3,252,178.870,2026-07-17 19:22:27.718562-05,2026-07-17 19:22:27.718562-05,script,
993,3,253,67.665,2026-07-17 19:22:27.718562-05,2026-07-17 19:22:27.718562-05,script,
994,3,254,114.695,2026-07-17 19:22:27.718562-05,2026-07-17 19:22:27.718562-05,script,
995,3,255,71.543,2026-07-17 19:22:27.718562-05,2026-07-17 19:22:27.718562-05,script,
996,3,256,131.203,2026-07-17 19:22:27.718562-05,2026-07-17 19:22:27.718562-05,script,
997,3,257,76.640,2026-07-17 19:22:27.718562-05,2026-07-17 19:22:27.718562-05,script,
998,3,258,62.382,2026-07-17 19:22:27.718562-05,2026-07-17 19:22:27.718562-05,script,
999,3,259,118.802,2026-07-17 19:22:27.718562-05,2026-07-17 19:22:27.718562-05,script,
1000,3,260,104.391,2026-07-17 19:22:27.718562-05,2026-07-17 19:22:27.718562-05,script,
1001,3,261,205.660,2026-07-17 19:22:27.718562-05,2026-07-17 19:22:27.718562-05,script,
1002,3,262,236.213,2026-07-17 19:22:27.718562-05,2026-07-17 19:22:27.718562-05,script,
1003,3,263,178.971,2026-07-17 19:22:27.718562-05,2026-07-17 19:22:27.718562-05,script,
1004,3,264,220.513,2026-07-17 19:22:27.718562-05,2026-07-17 19:22:27.718562-05,script,
1005,3,265,108.904,2026-07-17 19:22:27.718562-05,2026-07-17 19:22:27.718562-05,script,
1006,3,266,110.769,2026-07-17 19:22:27.718562-05,2026-07-17 19:22:27.718562-05,script,
1007,3,267,151.483,2026-07-17 19:22:27.718562-05,2026-07-17 19:22:27.718562-05,script,
1008,3,268,85.018,2026-07-17 19:22:27.718562-05,2026-07-17 19:22:27.718562-05,script,
1009,3,269,207.258,2026-07-17 19:22:27.718562-05,2026-07-17 19:22:27.718562-05,script,
1010,3,270,95.401,2026-07-17 19:22:27.718562-05,2026-07-17 19:22:27.718562-05,script,
1011,3,271,189.604,2026-07-17 19:22:27.718562-05,2026-07-17 19:22:27.718562-05,script,
1012,3,272,134.900,2026-07-17 19:22:27.718562-05,2026-07-17 19:22:27.718562-05,script,
1013,3,273,135.912,2026-07-17 19:22:27.718562-05,2026-07-17 19:22:27.718562-05,script,
1014,3,274,184.452,2026-07-17 19:22:27.718562-05,2026-07-17 19:22:27.718562-05,script,
1015,3,275,212.779,2026-07-17 19:22:27.718562-05,2026-07-17 19:22:27.718562-05,script,
1016,3,276,145.319,2026-07-17 19:22:27.718562-05,2026-07-17 19:22:27.718562-05,script,
1017,3,277,160.059,2026-07-17 19:22:27.718562-05,2026-07-17 19:22:27.718562-05,script,
1018,3,278,226.308,2026-07-17 19:22:27.718562-05,2026-07-17 19:22:27.718562-05,script,
1019,3,279,227.784,2026-07-17 19:22:27.718562-05,2026-07-17 19:22:27.718562-05,script,
1020,3,280,111.939,2026-07-17 19:22:27.718562-05,2026-07-17 19:22:27.718562-05,script,
1021,3,281,24.299,2026-07-17 19:22:27.718562-05,2026-07-17 19:22:27.718562-05,script,
1022,3,282,31.699,2026-07-17 19:22:27.718562-05,2026-07-17 19:22:27.718562-05,script,
1023,3,283,18.347,2026-07-17 19:22:27.718562-05,2026-07-17 19:22:27.718562-05,script,
1024,3,284,31.991,2026-07-17 19:22:27.718562-05,2026-07-17 19:22:27.718562-05,script,
1025,3,285,13.617,2026-07-17 19:22:27.718562-05,2026-07-17 19:22:27.718562-05,script,
1026,3,286,18.575,2026-07-17 19:22:27.718562-05,2026-07-17 19:22:27.718562-05,script,
1027,3,287,34.598,2026-07-17 19:22:27.718562-05,2026-07-17 19:22:27.718562-05,script,
1028,3,288,42.963,2026-07-17 19:22:27.718562-05,2026-07-17 19:22:27.718562-05,script,
1029,3,289,13.932,2026-07-17 19:22:27.718562-05,2026-07-17 19:22:27.718562-05,script,
1030,3,290,21.400,2026-07-17 19:22:27.718562-05,2026-07-17 19:22:27.718562-05,script,
1031,3,291,62.228,2026-07-17 19:22:27.718562-05,2026-07-17 19:22:27.718562-05,script,
1032,3,292,11.627,2026-07-17 19:22:27.718562-05,2026-07-17 19:22:27.718562-05,script,
1033,3,293,43.411,2026-07-17 19:22:27.718562-05,2026-07-17 19:22:27.718562-05,script,
1034,3,294,51.698,2026-07-17 19:22:27.718562-05,2026-07-17 19:22:27.718562-05,script,
1035,3,295,28.021,2026-07-17 19:22:27.718562-05,2026-07-17 19:22:27.718562-05,script,
1036,3,296,12.263,2026-07-17 19:22:27.718562-05,2026-07-17 19:22:27.718562-05,script,
1037,3,297,57.059,2026-07-17 19:22:27.718562-05,2026-07-17 19:22:27.718562-05,script,
1038,3,298,25.073,2026-07-17 19:22:27.718562-05,2026-07-17 19:22:27.718562-05,script,
1039,3,299,65.168,2026-07-17 19:22:27.718562-05,2026-07-17 19:22:27.718562-05,script,
1040,3,300,48.081,2026-07-17 19:22:27.718562-05,2026-07-17 19:22:27.718562-05,script,
1041,3,301,28.959,2026-07-17 19:22:27.718562-05,2026-07-17 19:22:27.718562-05,script,
1042,3,302,16.976,2026-07-17 19:22:27.718562-05,2026-07-17 19:22:27.718562-05,script,
1043,3,303,34.851,2026-07-17 19:22:27.718562-05,2026-07-17 19:22:27.718562-05,script,
1044,3,304,63.749,2026-07-17 19:22:27.718562-05,2026-07-17 19:22:27.718562-05,script,
1045,3,305,64.239,2026-07-17 19:22:27.718562-05,2026-07-17 19:22:27.718562-05,script,
1046,3,306,78.831,2026-07-17 19:22:27.718562-05,2026-07-17 19:22:27.718562-05,script,
1047,3,307,78.779,2026-07-17 19:22:27.718562-05,2026-07-17 19:22:27.718562-05,script,
1048,3,308,21.007,2026-07-17 19:22:27.718562-05,2026-07-17 19:22:27.718562-05,script,
1049,3,309,24.943,2026-07-17 19:22:27.718562-05,2026-07-17 19:22:27.718562-05,script,
1050,3,310,76.684,2026-07-17 19:22:27.718562-05,2026-07-17 19:22:27.718562-05,script,
1051,3,311,52.441,2026-07-17 19:22:27.718562-05,2026-07-17 19:22:27.718562-05,script,
1052,3,312,49.566,2026-07-17 19:22:27.718562-05,2026-07-17 19:22:27.718562-05,script,
1053,3,313,75.622,2026-07-17 19:22:27.718562-05,2026-07-17 19:22:27.718562-05,script,
1054,3,314,12.128,2026-07-17 19:22:27.718562-05,2026-07-17 19:22:27.718562-05,script,
1055,3,315,34.616,2026-07-17 19:22:27.718562-05,2026-07-17 19:22:27.718562-05,script,
1056,3,316,78.860,2026-07-17 19:22:27.718562-05,2026-07-17 19:22:27.718562-05,script,
1057,3,317,71.257,2026-07-17 19:22:27.718562-05,2026-07-17 19:22:27.718562-05,script,
1058,3,318,11.654,2026-07-17 19:22:27.718562-05,2026-07-17 19:22:27.718562-05,script,
1059,3,319,55.589,2026-07-17 19:22:27.718562-05,2026-07-17 19:22:27.718562-05,script,
1060,3,320,27.196,2026-07-17 19:22:27.718562-05,2026-07-17 19:22:27.718562-05,script,
1061,3,321,33.535,2026-07-17 19:22:27.718562-05,2026-07-17 19:22:27.718562-05,script,
1062,3,322,44.044,2026-07-17 19:22:27.718562-05,2026-07-17 19:22:27.718562-05,script,
1063,3,323,52.397,2026-07-17 19:22:27.718562-05,2026-07-17 19:22:27.718562-05,script,
1064,3,324,63.753,2026-07-17 19:22:27.718562-05,2026-07-17 19:22:27.718562-05,script,
1065,3,325,15.001,2026-07-17 19:22:27.718562-05,2026-07-17 19:22:27.718562-05,script,
1066,3,326,32.398,2026-07-17 19:22:27.718562-05,2026-07-17 19:22:27.718562-05,script,
1067,3,327,59.574,2026-07-17 19:22:27.718562-05,2026-07-17 19:22:27.718562-05,script,
1068,3,328,13.046,2026-07-17 19:22:27.718562-05,2026-07-17 19:22:27.718562-05,script,
1069,3,329,69.024,2026-07-17 19:22:27.718562-05,2026-07-17 19:22:27.718562-05,script,
1070,3,330,51.296,2026-07-17 19:22:27.718562-05,2026-07-17 19:22:27.718562-05,script,
1071,3,331,74.948,2026-07-17 19:22:27.718562-05,2026-07-17 19:22:27.718562-05,script,
1072,3,332,66.594,2026-07-17 19:22:27.718562-05,2026-07-17 19:22:27.718562-05,script,
1073,3,333,57.736,2026-07-17 19:22:27.718562-05,2026-07-17 19:22:27.718562-05,script,
1074,3,334,44.236,2026-07-17 19:22:27.718562-05,2026-07-17 19:22:27.718562-05,script,
1075,3,335,27.919,2026-07-17 19:22:27.718562-05,2026-07-17 19:22:27.718562-05,script,
1076,3,336,56.787,2026-07-17 19:22:27.718562-05,2026-07-17 19:22:27.718562-05,script,
1077,3,337,14.354,2026-07-17 19:22:27.718562-05,2026-07-17 19:22:27.718562-05,script,
1078,3,338,66.380,2026-07-17 19:22:27.718562-05,2026-07-17 19:22:27.718562-05,script,
1079,3,339,19.635,2026-07-17 19:22:27.718562-05,2026-07-17 19:22:27.718562-05,script,
1080,3,340,76.715,2026-07-17 19:22:27.718562-05,2026-07-17 19:22:27.718562-05,script,
1081,3,341,54.587,2026-07-17 19:22:27.718562-05,2026-07-17 19:22:27.718562-05,script,
1082,3,342,60.065,2026-07-17 19:22:27.718562-05,2026-07-17 19:22:27.718562-05,script,
1083,3,343,48.857,2026-07-17 19:22:27.718562-05,2026-07-17 19:22:27.718562-05,script,
1084,3,344,28.168,2026-07-17 19:22:27.718562-05,2026-07-17 19:22:27.718562-05,script,
1085,3,345,32.942,2026-07-17 19:22:27.718562-05,2026-07-17 19:22:27.718562-05,script,
1086,3,346,47.780,2026-07-17 19:22:27.718562-05,2026-07-17 19:22:27.718562-05,script,
1087,3,347,38.769,2026-07-17 19:22:27.718562-05,2026-07-17 19:22:27.718562-05,script,
1088,3,348,65.846,2026-07-17 19:22:27.718562-05,2026-07-17 19:22:27.718562-05,script,
1089,3,349,76.283,2026-07-17 19:22:27.718562-05,2026-07-17 19:22:27.718562-05,script,
1090,3,350,59.018,2026-07-17 19:22:27.718562-05,2026-07-17 19:22:27.718562-05,script,
1091,3,351,79.095,2026-07-17 19:22:27.718562-05,2026-07-17 19:22:27.718562-05,script,
1092,3,352,77.220,2026-07-17 19:22:27.718562-05,2026-07-17 19:22:27.718562-05,script,
1093,3,353,46.065,2026-07-17 19:22:27.718562-05,2026-07-17 19:22:27.718562-05,script,
1094,3,354,47.389,2026-07-17 19:22:27.718562-05,2026-07-17 19:22:27.718562-05,script,
1095,3,355,25.756,2026-07-17 19:22:27.718562-05,2026-07-17 19:22:27.718562-05,script,
1096,3,356,48.155,2026-07-17 19:22:27.718562-05,2026-07-17 19:22:27.718562-05,script,
1097,3,357,34.344,2026-07-17 19:22:27.718562-05,2026-07-17 19:22:27.718562-05,script,
1098,3,358,16.788,2026-07-17 19:22:27.718562-05,2026-07-17 19:22:27.718562-05,script,
1099,3,359,41.514,2026-07-17 19:22:27.718562-05,2026-07-17 19:22:27.718562-05,script,
1100,3,360,42.862,2026-07-17 19:22:27.718562-05,2026-07-17 19:22:27.718562-05,script,
1101,3,361,15.449,2026-07-17 19:22:27.718562-05,2026-07-17 19:22:27.718562-05,script,
1102,3,362,54.443,2026-07-17 19:22:27.718562-05,2026-07-17 19:22:27.718562-05,script,
1103,3,363,42.068,2026-07-17 19:22:27.718562-05,2026-07-17 19:22:27.718562-05,script,
1104,3,364,76.975,2026-07-17 19:22:27.718562-05,2026-07-17 19:22:27.718562-05,script,
1105,3,365,19.486,2026-07-17 19:22:27.718562-05,2026-07-17 19:22:27.718562-05,script,
1106,3,366,75.734,2026-07-17 19:22:27.718562-05,2026-07-17 19:22:27.718562-05,script,
1107,3,367,51.111,2026-07-17 19:22:27.718562-05,2026-07-17 19:22:27.718562-05,script,
1108,3,368,22.587,2026-07-17 19:22:27.718562-05,2026-07-17 19:22:27.718562-05,script,
1109,3,369,34.322,2026-07-17 19:22:27.718562-05,2026-07-17 19:22:27.718562-05,script,
1110,3,370,35.305,2026-07-17 19:22:27.718562-05,2026-07-17 19:22:27.718562-05,script,
1111,4,1,202.483,2026-07-17 19:22:27.718562-05,2026-07-17 19:22:27.718562-05,script,
1112,4,2,401.078,2026-07-17 19:22:27.718562-05,2026-07-17 19:22:27.718562-05,script,
1113,4,3,329.054,2026-07-17 19:22:27.718562-05,2026-07-17 19:22:27.718562-05,script,
1114,4,4,339.711,2026-07-17 19:22:27.718562-05,2026-07-17 19:22:27.718562-05,script,
1115,4,5,459.804,2026-07-17 19:22:27.718562-05,2026-07-17 19:22:27.718562-05,script,
1116,4,6,314.364,2026-07-17 19:22:27.718562-05,2026-07-17 19:22:27.718562-05,script,
1117,4,7,525.726,2026-07-17 19:22:27.718562-05,2026-07-17 19:22:27.718562-05,script,
1118,4,8,387.721,2026-07-17 19:22:27.718562-05,2026-07-17 19:22:27.718562-05,script,
1119,4,9,236.251,2026-07-17 19:22:27.718562-05,2026-07-17 19:22:27.718562-05,script,
1120,4,10,461.350,2026-07-17 19:22:27.718562-05,2026-07-17 19:22:27.718562-05,script,
1121,4,11,414.491,2026-07-17 19:22:27.718562-05,2026-07-17 19:22:27.718562-05,script,
1122,4,12,178.044,2026-07-17 19:22:27.718562-05,2026-07-17 19:22:27.718562-05,script,
1123,4,13,316.096,2026-07-17 19:22:27.718562-05,2026-07-17 19:22:27.718562-05,script,
1124,4,14,393.153,2026-07-17 19:22:27.718562-05,2026-07-17 19:22:27.718562-05,script,
1125,4,15,333.964,2026-07-17 19:22:27.718562-05,2026-07-17 19:22:27.718562-05,script,
1126,4,16,278.382,2026-07-17 19:22:27.718562-05,2026-07-17 19:22:27.718562-05,script,
1127,4,17,465.530,2026-07-17 19:22:27.718562-05,2026-07-17 19:22:27.718562-05,script,
1128,4,18,495.414,2026-07-17 19:22:27.718562-05,2026-07-17 19:22:27.718562-05,script,
1129,4,19,517.199,2026-07-17 19:22:27.718562-05,2026-07-17 19:22:27.718562-05,script,
1130,4,20,546.598,2026-07-17 19:22:27.718562-05,2026-07-17 19:22:27.718562-05,script,
1131,4,21,342.018,2026-07-17 19:22:27.718562-05,2026-07-17 19:22:27.718562-05,script,
1132,4,22,485.306,2026-07-17 19:22:27.718562-05,2026-07-17 19:22:27.718562-05,script,
1133,4,23,323.718,2026-07-17 19:22:27.718562-05,2026-07-17 19:22:27.718562-05,script,
1134,4,24,325.789,2026-07-17 19:22:27.718562-05,2026-07-17 19:22:27.718562-05,script,
1135,4,25,495.230,2026-07-17 19:22:27.718562-05,2026-07-17 19:22:27.718562-05,script,
1136,4,26,346.622,2026-07-17 19:22:27.718562-05,2026-07-17 19:22:27.718562-05,script,
1137,4,27,203.913,2026-07-17 19:22:27.718562-05,2026-07-17 19:22:27.718562-05,script,
1138,4,28,210.608,2026-07-17 19:22:27.718562-05,2026-07-17 19:22:27.718562-05,script,
1139,4,29,467.047,2026-07-17 19:22:27.718562-05,2026-07-17 19:22:27.718562-05,script,
1140,4,30,150.031,2026-07-17 19:22:27.718562-05,2026-07-17 19:22:27.718562-05,script,
1141,4,31,540.462,2026-07-17 19:22:27.718562-05,2026-07-17 19:22:27.718562-05,script,
1142,4,32,462.750,2026-07-17 19:22:27.718562-05,2026-07-17 19:22:27.718562-05,script,
1143,4,33,363.349,2026-07-17 19:22:27.718562-05,2026-07-17 19:22:27.718562-05,script,
1144,4,34,435.508,2026-07-17 19:22:27.718562-05,2026-07-17 19:22:27.718562-05,script,
1145,4,35,432.336,2026-07-17 19:22:27.718562-05,2026-07-17 19:22:27.718562-05,script,
1146,4,36,311.115,2026-07-17 19:22:27.718562-05,2026-07-17 19:22:27.718562-05,script,
1147,4,37,194.815,2026-07-17 19:22:27.718562-05,2026-07-17 19:22:27.718562-05,script,
1148,4,38,482.606,2026-07-17 19:22:27.718562-05,2026-07-17 19:22:27.718562-05,script,
1149,4,39,467.389,2026-07-17 19:22:27.718562-05,2026-07-17 19:22:27.718562-05,script,
1150,4,40,447.794,2026-07-17 19:22:27.718562-05,2026-07-17 19:22:27.718562-05,script,
1151,4,41,314.482,2026-07-17 19:22:27.718562-05,2026-07-17 19:22:27.718562-05,script,
1152,4,42,383.550,2026-07-17 19:22:27.718562-05,2026-07-17 19:22:27.718562-05,script,
1153,4,43,161.435,2026-07-17 19:22:27.718562-05,2026-07-17 19:22:27.718562-05,script,
1154,4,44,378.113,2026-07-17 19:22:27.718562-05,2026-07-17 19:22:27.718562-05,script,
1155,4,45,492.219,2026-07-17 19:22:27.718562-05,2026-07-17 19:22:27.718562-05,script,
1156,4,46,346.444,2026-07-17 19:22:27.718562-05,2026-07-17 19:22:27.718562-05,script,
1157,4,47,218.622,2026-07-17 19:22:27.718562-05,2026-07-17 19:22:27.718562-05,script,
1158,4,48,388.320,2026-07-17 19:22:27.718562-05,2026-07-17 19:22:27.718562-05,script,
1159,4,49,200.585,2026-07-17 19:22:27.718562-05,2026-07-17 19:22:27.718562-05,script,
1160,4,50,453.385,2026-07-17 19:22:27.718562-05,2026-07-17 19:22:27.718562-05,script,
1161,4,51,304.216,2026-07-17 19:22:27.718562-05,2026-07-17 19:22:27.718562-05,script,
1162,4,52,316.845,2026-07-17 19:22:27.718562-05,2026-07-17 19:22:27.718562-05,script,
1163,4,53,544.171,2026-07-17 19:22:27.718562-05,2026-07-17 19:22:27.718562-05,script,
1164,4,54,315.903,2026-07-17 19:22:27.718562-05,2026-07-17 19:22:27.718562-05,script,
1165,4,55,470.445,2026-07-17 19:22:27.718562-05,2026-07-17 19:22:27.718562-05,script,
1166,4,56,181.348,2026-07-17 19:22:27.718562-05,2026-07-17 19:22:27.718562-05,script,
1167,4,57,516.233,2026-07-17 19:22:27.718562-05,2026-07-17 19:22:27.718562-05,script,
1168,4,58,328.617,2026-07-17 19:22:27.718562-05,2026-07-17 19:22:27.718562-05,script,
1169,4,59,444.211,2026-07-17 19:22:27.718562-05,2026-07-17 19:22:27.718562-05,script,
1170,4,60,284.492,2026-07-17 19:22:27.718562-05,2026-07-17 19:22:27.718562-05,script,
1171,4,61,367.356,2026-07-17 19:22:27.718562-05,2026-07-17 19:22:27.718562-05,script,
1172,4,62,474.874,2026-07-17 19:22:27.718562-05,2026-07-17 19:22:27.718562-05,script,
1173,4,63,400.396,2026-07-17 19:22:27.718562-05,2026-07-17 19:22:27.718562-05,script,
1174,4,64,291.055,2026-07-17 19:22:27.718562-05,2026-07-17 19:22:27.718562-05,script,
1175,4,65,318.307,2026-07-17 19:22:27.718562-05,2026-07-17 19:22:27.718562-05,script,
1176,4,66,436.202,2026-07-17 19:22:27.718562-05,2026-07-17 19:22:27.718562-05,script,
1177,4,67,171.135,2026-07-17 19:22:27.718562-05,2026-07-17 19:22:27.718562-05,script,
1178,4,68,497.115,2026-07-17 19:22:27.718562-05,2026-07-17 19:22:27.718562-05,script,
1179,4,69,207.835,2026-07-17 19:22:27.718562-05,2026-07-17 19:22:27.718562-05,script,
1180,4,70,379.272,2026-07-17 19:22:27.718562-05,2026-07-17 19:22:27.718562-05,script,
1181,4,71,284.504,2026-07-17 19:22:27.718562-05,2026-07-17 19:22:27.718562-05,script,
1182,4,72,182.417,2026-07-17 19:22:27.718562-05,2026-07-17 19:22:27.718562-05,script,
1183,4,73,180.728,2026-07-17 19:22:27.718562-05,2026-07-17 19:22:27.718562-05,script,
1184,4,74,458.760,2026-07-17 19:22:27.718562-05,2026-07-17 19:22:27.718562-05,script,
1185,4,75,158.677,2026-07-17 19:22:27.718562-05,2026-07-17 19:22:27.718562-05,script,
1186,4,76,34.910,2026-07-17 19:22:27.718562-05,2026-07-17 19:22:27.718562-05,script,
1187,4,77,67.856,2026-07-17 19:22:27.718562-05,2026-07-17 19:22:27.718562-05,script,
1188,4,78,65.936,2026-07-17 19:22:27.718562-05,2026-07-17 19:22:27.718562-05,script,
1189,4,79,45.058,2026-07-17 19:22:27.718562-05,2026-07-17 19:22:27.718562-05,script,
1190,4,80,64.087,2026-07-17 19:22:27.718562-05,2026-07-17 19:22:27.718562-05,script,
1191,4,81,11.900,2026-07-17 19:22:27.718562-05,2026-07-17 19:22:27.718562-05,script,
1192,4,82,40.326,2026-07-17 19:22:27.718562-05,2026-07-17 19:22:27.718562-05,script,
1193,4,83,22.703,2026-07-17 19:22:27.718562-05,2026-07-17 19:22:27.718562-05,script,
1194,4,84,25.359,2026-07-17 19:22:27.718562-05,2026-07-17 19:22:27.718562-05,script,
1195,4,85,26.264,2026-07-17 19:22:27.718562-05,2026-07-17 19:22:27.718562-05,script,
1196,4,86,60.977,2026-07-17 19:22:27.718562-05,2026-07-17 19:22:27.718562-05,script,
1197,4,87,47.000,2026-07-17 19:22:27.718562-05,2026-07-17 19:22:27.718562-05,script,
1198,4,88,13.364,2026-07-17 19:22:27.718562-05,2026-07-17 19:22:27.718562-05,script,
1199,4,89,12.604,2026-07-17 19:22:27.718562-05,2026-07-17 19:22:27.718562-05,script,
1200,4,90,68.635,2026-07-17 19:22:27.718562-05,2026-07-17 19:22:27.718562-05,script,
1201,4,91,24.458,2026-07-17 19:22:27.718562-05,2026-07-17 19:22:27.718562-05,script,
1202,4,92,44.953,2026-07-17 19:22:27.718562-05,2026-07-17 19:22:27.718562-05,script,
1203,4,93,42.318,2026-07-17 19:22:27.718562-05,2026-07-17 19:22:27.718562-05,script,
1204,4,94,70.591,2026-07-17 19:22:27.718562-05,2026-07-17 19:22:27.718562-05,script,
1205,4,95,18.936,2026-07-17 19:22:27.718562-05,2026-07-17 19:22:27.718562-05,script,
1206,4,96,57.483,2026-07-17 19:22:27.718562-05,2026-07-17 19:22:27.718562-05,script,
1207,4,97,14.410,2026-07-17 19:22:27.718562-05,2026-07-17 19:22:27.718562-05,script,
1208,4,98,25.149,2026-07-17 19:22:27.718562-05,2026-07-17 19:22:27.718562-05,script,
1209,4,99,77.118,2026-07-17 19:22:27.718562-05,2026-07-17 19:22:27.718562-05,script,
1210,4,100,73.403,2026-07-17 19:22:27.718562-05,2026-07-17 19:22:27.718562-05,script,
1211,4,101,16.123,2026-07-17 19:22:27.718562-05,2026-07-17 19:22:27.718562-05,script,
1212,4,102,29.131,2026-07-17 19:22:27.718562-05,2026-07-17 19:22:27.718562-05,script,
1213,4,103,74.788,2026-07-17 19:22:27.718562-05,2026-07-17 19:22:27.718562-05,script,
1214,4,104,15.642,2026-07-17 19:22:27.718562-05,2026-07-17 19:22:27.718562-05,script,
1215,4,105,21.210,2026-07-17 19:22:27.718562-05,2026-07-17 19:22:27.718562-05,script,
1216,4,106,57.622,2026-07-17 19:22:27.718562-05,2026-07-17 19:22:27.718562-05,script,
1217,4,107,61.087,2026-07-17 19:22:27.718562-05,2026-07-17 19:22:27.718562-05,script,
1218,4,108,15.524,2026-07-17 19:22:27.718562-05,2026-07-17 19:22:27.718562-05,script,
1219,4,109,33.399,2026-07-17 19:22:27.718562-05,2026-07-17 19:22:27.718562-05,script,
1220,4,110,15.692,2026-07-17 19:22:27.718562-05,2026-07-17 19:22:27.718562-05,script,
1221,4,111,16.398,2026-07-17 19:22:27.718562-05,2026-07-17 19:22:27.718562-05,script,
1222,4,112,33.957,2026-07-17 19:22:27.718562-05,2026-07-17 19:22:27.718562-05,script,
1223,4,113,11.130,2026-07-17 19:22:27.718562-05,2026-07-17 19:22:27.718562-05,script,
1224,4,114,77.882,2026-07-17 19:22:27.718562-05,2026-07-17 19:22:27.718562-05,script,
1225,4,115,51.547,2026-07-17 19:22:27.718562-05,2026-07-17 19:22:27.718562-05,script,
1226,4,116,23.966,2026-07-17 19:22:27.718562-05,2026-07-17 19:22:27.718562-05,script,
1227,4,117,42.302,2026-07-17 19:22:27.718562-05,2026-07-17 19:22:27.718562-05,script,
1228,4,118,47.065,2026-07-17 19:22:27.718562-05,2026-07-17 19:22:27.718562-05,script,
1229,4,119,18.297,2026-07-17 19:22:27.718562-05,2026-07-17 19:22:27.718562-05,script,
1230,4,120,44.603,2026-07-17 19:22:27.718562-05,2026-07-17 19:22:27.718562-05,script,
1231,4,121,17.907,2026-07-17 19:22:27.718562-05,2026-07-17 19:22:27.718562-05,script,
1232,4,122,33.320,2026-07-17 19:22:27.718562-05,2026-07-17 19:22:27.718562-05,script,
1233,4,123,68.219,2026-07-17 19:22:27.718562-05,2026-07-17 19:22:27.718562-05,script,
1234,4,124,24.486,2026-07-17 19:22:27.718562-05,2026-07-17 19:22:27.718562-05,script,
1235,4,125,36.054,2026-07-17 19:22:27.718562-05,2026-07-17 19:22:27.718562-05,script,
1236,4,126,12.009,2026-07-17 19:22:27.718562-05,2026-07-17 19:22:27.718562-05,script,
1237,4,127,47.931,2026-07-17 19:22:27.718562-05,2026-07-17 19:22:27.718562-05,script,
1238,4,128,45.600,2026-07-17 19:22:27.718562-05,2026-07-17 19:22:27.718562-05,script,
1239,4,129,39.144,2026-07-17 19:22:27.718562-05,2026-07-17 19:22:27.718562-05,script,
1240,4,130,41.219,2026-07-17 19:22:27.718562-05,2026-07-17 19:22:27.718562-05,script,
1241,4,131,26.599,2026-07-17 19:22:27.718562-05,2026-07-17 19:22:27.718562-05,script,
1242,4,132,18.790,2026-07-17 19:22:27.718562-05,2026-07-17 19:22:27.718562-05,script,
1243,4,133,60.003,2026-07-17 19:22:27.718562-05,2026-07-17 19:22:27.718562-05,script,
1244,4,134,73.694,2026-07-17 19:22:27.718562-05,2026-07-17 19:22:27.718562-05,script,
1245,4,135,63.774,2026-07-17 19:22:27.718562-05,2026-07-17 19:22:27.718562-05,script,
1246,4,136,60.615,2026-07-17 19:22:27.718562-05,2026-07-17 19:22:27.718562-05,script,
1247,4,137,43.481,2026-07-17 19:22:27.718562-05,2026-07-17 19:22:27.718562-05,script,
1248,4,138,79.421,2026-07-17 19:22:27.718562-05,2026-07-17 19:22:27.718562-05,script,
1249,4,139,76.783,2026-07-17 19:22:27.718562-05,2026-07-17 19:22:27.718562-05,script,
1250,4,140,79.881,2026-07-17 19:22:27.718562-05,2026-07-17 19:22:27.718562-05,script,
1251,4,141,55.551,2026-07-17 19:22:27.718562-05,2026-07-17 19:22:27.718562-05,script,
1252,4,142,54.818,2026-07-17 19:22:27.718562-05,2026-07-17 19:22:27.718562-05,script,
1253,4,143,16.625,2026-07-17 19:22:27.718562-05,2026-07-17 19:22:27.718562-05,script,
1254,4,144,47.228,2026-07-17 19:22:27.718562-05,2026-07-17 19:22:27.718562-05,script,
1255,4,145,19.970,2026-07-17 19:22:27.718562-05,2026-07-17 19:22:27.718562-05,script,
1256,4,146,54.797,2026-07-17 19:22:27.718562-05,2026-07-17 19:22:27.718562-05,script,
1257,4,147,54.814,2026-07-17 19:22:27.718562-05,2026-07-17 19:22:27.718562-05,script,
1258,4,148,20.242,2026-07-17 19:22:27.718562-05,2026-07-17 19:22:27.718562-05,script,
1259,4,149,25.267,2026-07-17 19:22:27.718562-05,2026-07-17 19:22:27.718562-05,script,
1260,4,150,49.204,2026-07-17 19:22:27.718562-05,2026-07-17 19:22:27.718562-05,script,
1261,4,151,418.478,2026-07-17 19:22:27.718562-05,2026-07-17 19:22:27.718562-05,script,
1262,4,152,348.118,2026-07-17 19:22:27.718562-05,2026-07-17 19:22:27.718562-05,script,
1263,4,153,516.094,2026-07-17 19:22:27.718562-05,2026-07-17 19:22:27.718562-05,script,
1264,4,154,207.052,2026-07-17 19:22:27.718562-05,2026-07-17 19:22:27.718562-05,script,
1265,4,155,512.298,2026-07-17 19:22:27.718562-05,2026-07-17 19:22:27.718562-05,script,
1266,4,156,184.737,2026-07-17 19:22:27.718562-05,2026-07-17 19:22:27.718562-05,script,
1267,4,157,497.329,2026-07-17 19:22:27.718562-05,2026-07-17 19:22:27.718562-05,script,
1268,4,158,227.031,2026-07-17 19:22:27.718562-05,2026-07-17 19:22:27.718562-05,script,
1269,4,159,332.446,2026-07-17 19:22:27.718562-05,2026-07-17 19:22:27.718562-05,script,
1270,4,160,462.360,2026-07-17 19:22:27.718562-05,2026-07-17 19:22:27.718562-05,script,
1271,4,161,214.293,2026-07-17 19:22:27.718562-05,2026-07-17 19:22:27.718562-05,script,
1272,4,162,241.069,2026-07-17 19:22:27.718562-05,2026-07-17 19:22:27.718562-05,script,
1273,4,163,229.098,2026-07-17 19:22:27.718562-05,2026-07-17 19:22:27.718562-05,script,
1274,4,164,512.735,2026-07-17 19:22:27.718562-05,2026-07-17 19:22:27.718562-05,script,
1275,4,165,306.944,2026-07-17 19:22:27.718562-05,2026-07-17 19:22:27.718562-05,script,
1276,4,166,512.074,2026-07-17 19:22:27.718562-05,2026-07-17 19:22:27.718562-05,script,
1277,4,167,324.417,2026-07-17 19:22:27.718562-05,2026-07-17 19:22:27.718562-05,script,
1278,4,168,356.780,2026-07-17 19:22:27.718562-05,2026-07-17 19:22:27.718562-05,script,
1279,4,169,160.233,2026-07-17 19:22:27.718562-05,2026-07-17 19:22:27.718562-05,script,
1280,4,170,198.391,2026-07-17 19:22:27.718562-05,2026-07-17 19:22:27.718562-05,script,
1281,4,171,491.417,2026-07-17 19:22:27.718562-05,2026-07-17 19:22:27.718562-05,script,
1282,4,172,478.954,2026-07-17 19:22:27.718562-05,2026-07-17 19:22:27.718562-05,script,
1283,4,173,227.746,2026-07-17 19:22:27.718562-05,2026-07-17 19:22:27.718562-05,script,
1284,4,174,352.123,2026-07-17 19:22:27.718562-05,2026-07-17 19:22:27.718562-05,script,
1285,4,175,499.600,2026-07-17 19:22:27.718562-05,2026-07-17 19:22:27.718562-05,script,
1286,4,176,211.820,2026-07-17 19:22:27.718562-05,2026-07-17 19:22:27.718562-05,script,
1287,4,177,473.239,2026-07-17 19:22:27.718562-05,2026-07-17 19:22:27.718562-05,script,
1288,4,178,543.055,2026-07-17 19:22:27.718562-05,2026-07-17 19:22:27.718562-05,script,
1289,4,179,407.767,2026-07-17 19:22:27.718562-05,2026-07-17 19:22:27.718562-05,script,
1290,4,180,303.738,2026-07-17 19:22:27.718562-05,2026-07-17 19:22:27.718562-05,script,
1291,4,181,305.953,2026-07-17 19:22:27.718562-05,2026-07-17 19:22:27.718562-05,script,
1292,4,182,530.591,2026-07-17 19:22:27.718562-05,2026-07-17 19:22:27.718562-05,script,
1293,4,183,196.316,2026-07-17 19:22:27.718562-05,2026-07-17 19:22:27.718562-05,script,
1294,4,184,456.778,2026-07-17 19:22:27.718562-05,2026-07-17 19:22:27.718562-05,script,
1295,4,185,404.711,2026-07-17 19:22:27.718562-05,2026-07-17 19:22:27.718562-05,script,
1296,4,186,485.097,2026-07-17 19:22:27.718562-05,2026-07-17 19:22:27.718562-05,script,
1297,4,187,387.241,2026-07-17 19:22:27.718562-05,2026-07-17 19:22:27.718562-05,script,
1298,4,188,211.359,2026-07-17 19:22:27.718562-05,2026-07-17 19:22:27.718562-05,script,
1299,4,189,433.140,2026-07-17 19:22:27.718562-05,2026-07-17 19:22:27.718562-05,script,
1300,4,190,196.537,2026-07-17 19:22:27.718562-05,2026-07-17 19:22:27.718562-05,script,
1301,4,191,526.386,2026-07-17 19:22:27.718562-05,2026-07-17 19:22:27.718562-05,script,
1302,4,192,195.231,2026-07-17 19:22:27.718562-05,2026-07-17 19:22:27.718562-05,script,
1303,4,193,281.747,2026-07-17 19:22:27.718562-05,2026-07-17 19:22:27.718562-05,script,
1304,4,194,485.100,2026-07-17 19:22:27.718562-05,2026-07-17 19:22:27.718562-05,script,
1305,4,195,539.799,2026-07-17 19:22:27.718562-05,2026-07-17 19:22:27.718562-05,script,
1306,4,196,290.139,2026-07-17 19:22:27.718562-05,2026-07-17 19:22:27.718562-05,script,
1307,4,197,525.365,2026-07-17 19:22:27.718562-05,2026-07-17 19:22:27.718562-05,script,
1308,4,198,274.168,2026-07-17 19:22:27.718562-05,2026-07-17 19:22:27.718562-05,script,
1309,4,199,242.309,2026-07-17 19:22:27.718562-05,2026-07-17 19:22:27.718562-05,script,
1310,4,200,265.860,2026-07-17 19:22:27.718562-05,2026-07-17 19:22:27.718562-05,script,
1311,4,201,196.711,2026-07-17 19:22:27.718562-05,2026-07-17 19:22:27.718562-05,script,
1312,4,202,414.099,2026-07-17 19:22:27.718562-05,2026-07-17 19:22:27.718562-05,script,
1313,4,203,549.420,2026-07-17 19:22:27.718562-05,2026-07-17 19:22:27.718562-05,script,
1314,4,204,226.529,2026-07-17 19:22:27.718562-05,2026-07-17 19:22:27.718562-05,script,
1315,4,205,266.235,2026-07-17 19:22:27.718562-05,2026-07-17 19:22:27.718562-05,script,
1316,4,206,324.760,2026-07-17 19:22:27.718562-05,2026-07-17 19:22:27.718562-05,script,
1317,4,207,363.426,2026-07-17 19:22:27.718562-05,2026-07-17 19:22:27.718562-05,script,
1318,4,208,509.153,2026-07-17 19:22:27.718562-05,2026-07-17 19:22:27.718562-05,script,
1319,4,209,238.313,2026-07-17 19:22:27.718562-05,2026-07-17 19:22:27.718562-05,script,
1320,4,210,336.253,2026-07-17 19:22:27.718562-05,2026-07-17 19:22:27.718562-05,script,
1321,4,211,317.669,2026-07-17 19:22:27.718562-05,2026-07-17 19:22:27.718562-05,script,
1322,4,212,211.865,2026-07-17 19:22:27.718562-05,2026-07-17 19:22:27.718562-05,script,
1323,4,213,215.792,2026-07-17 19:22:27.718562-05,2026-07-17 19:22:27.718562-05,script,
1324,4,214,371.139,2026-07-17 19:22:27.718562-05,2026-07-17 19:22:27.718562-05,script,
1325,4,215,492.991,2026-07-17 19:22:27.718562-05,2026-07-17 19:22:27.718562-05,script,
1326,4,216,283.077,2026-07-17 19:22:27.718562-05,2026-07-17 19:22:27.718562-05,script,
1327,4,217,300.879,2026-07-17 19:22:27.718562-05,2026-07-17 19:22:27.718562-05,script,
1328,4,218,209.625,2026-07-17 19:22:27.718562-05,2026-07-17 19:22:27.718562-05,script,
1329,4,219,416.532,2026-07-17 19:22:27.718562-05,2026-07-17 19:22:27.718562-05,script,
1330,4,220,212.442,2026-07-17 19:22:27.718562-05,2026-07-17 19:22:27.718562-05,script,
1331,4,221,471.435,2026-07-17 19:22:27.718562-05,2026-07-17 19:22:27.718562-05,script,
1332,4,222,287.164,2026-07-17 19:22:27.718562-05,2026-07-17 19:22:27.718562-05,script,
1333,4,223,254.462,2026-07-17 19:22:27.718562-05,2026-07-17 19:22:27.718562-05,script,
1334,4,224,440.465,2026-07-17 19:22:27.718562-05,2026-07-17 19:22:27.718562-05,script,
1335,4,225,463.062,2026-07-17 19:22:27.718562-05,2026-07-17 19:22:27.718562-05,script,
1336,4,226,239.022,2026-07-17 19:22:27.718562-05,2026-07-17 19:22:27.718562-05,script,
1337,4,227,92.605,2026-07-17 19:22:27.718562-05,2026-07-17 19:22:27.718562-05,script,
1338,4,228,71.229,2026-07-17 19:22:27.718562-05,2026-07-17 19:22:27.718562-05,script,
1339,4,229,231.747,2026-07-17 19:22:27.718562-05,2026-07-17 19:22:27.718562-05,script,
1340,4,230,193.868,2026-07-17 19:22:27.718562-05,2026-07-17 19:22:27.718562-05,script,
1341,4,231,175.784,2026-07-17 19:22:27.718562-05,2026-07-17 19:22:27.718562-05,script,
1342,4,232,84.364,2026-07-17 19:22:27.718562-05,2026-07-17 19:22:27.718562-05,script,
1343,4,233,133.405,2026-07-17 19:22:27.718562-05,2026-07-17 19:22:27.718562-05,script,
1344,4,234,144.894,2026-07-17 19:22:27.718562-05,2026-07-17 19:22:27.718562-05,script,
1345,4,235,198.423,2026-07-17 19:22:27.718562-05,2026-07-17 19:22:27.718562-05,script,
1346,4,236,110.238,2026-07-17 19:22:27.718562-05,2026-07-17 19:22:27.718562-05,script,
1347,4,237,163.467,2026-07-17 19:22:27.718562-05,2026-07-17 19:22:27.718562-05,script,
1348,4,238,97.543,2026-07-17 19:22:27.718562-05,2026-07-17 19:22:27.718562-05,script,
1349,4,239,213.881,2026-07-17 19:22:27.718562-05,2026-07-17 19:22:27.718562-05,script,
1350,4,240,66.836,2026-07-17 19:22:27.718562-05,2026-07-17 19:22:27.718562-05,script,
1351,4,241,81.540,2026-07-17 19:22:27.718562-05,2026-07-17 19:22:27.718562-05,script,
1352,4,242,78.565,2026-07-17 19:22:27.718562-05,2026-07-17 19:22:27.718562-05,script,
1353,4,243,238.353,2026-07-17 19:22:27.718562-05,2026-07-17 19:22:27.718562-05,script,
1354,4,244,122.854,2026-07-17 19:22:27.718562-05,2026-07-17 19:22:27.718562-05,script,
1355,4,245,157.423,2026-07-17 19:22:27.718562-05,2026-07-17 19:22:27.718562-05,script,
1356,4,246,185.853,2026-07-17 19:22:27.718562-05,2026-07-17 19:22:27.718562-05,script,
1357,4,247,69.022,2026-07-17 19:22:27.718562-05,2026-07-17 19:22:27.718562-05,script,
1358,4,248,156.687,2026-07-17 19:22:27.718562-05,2026-07-17 19:22:27.718562-05,script,
1359,4,249,130.336,2026-07-17 19:22:27.718562-05,2026-07-17 19:22:27.718562-05,script,
1360,4,250,70.530,2026-07-17 19:22:27.718562-05,2026-07-17 19:22:27.718562-05,script,
1361,4,251,211.791,2026-07-17 19:22:27.718562-05,2026-07-17 19:22:27.718562-05,script,
1362,4,252,215.694,2026-07-17 19:22:27.718562-05,2026-07-17 19:22:27.718562-05,script,
1363,4,253,238.830,2026-07-17 19:22:27.718562-05,2026-07-17 19:22:27.718562-05,script,
1364,4,254,195.803,2026-07-17 19:22:27.718562-05,2026-07-17 19:22:27.718562-05,script,
1365,4,255,202.388,2026-07-17 19:22:27.718562-05,2026-07-17 19:22:27.718562-05,script,
1366,4,256,231.459,2026-07-17 19:22:27.718562-05,2026-07-17 19:22:27.718562-05,script,
1367,4,257,157.725,2026-07-17 19:22:27.718562-05,2026-07-17 19:22:27.718562-05,script,
1368,4,258,66.389,2026-07-17 19:22:27.718562-05,2026-07-17 19:22:27.718562-05,script,
1369,4,259,176.797,2026-07-17 19:22:27.718562-05,2026-07-17 19:22:27.718562-05,script,
1370,4,260,174.520,2026-07-17 19:22:27.718562-05,2026-07-17 19:22:27.718562-05,script,
1371,4,261,101.755,2026-07-17 19:22:27.718562-05,2026-07-17 19:22:27.718562-05,script,
1372,4,262,144.636,2026-07-17 19:22:27.718562-05,2026-07-17 19:22:27.718562-05,script,
1373,4,263,64.587,2026-07-17 19:22:27.718562-05,2026-07-17 19:22:27.718562-05,script,
1374,4,264,64.919,2026-07-17 19:22:27.718562-05,2026-07-17 19:22:27.718562-05,script,
1375,4,265,193.431,2026-07-17 19:22:27.718562-05,2026-07-17 19:22:27.718562-05,script,
1376,4,266,214.947,2026-07-17 19:22:27.718562-05,2026-07-17 19:22:27.718562-05,script,
1377,4,267,194.303,2026-07-17 19:22:27.718562-05,2026-07-17 19:22:27.718562-05,script,
1378,4,268,164.413,2026-07-17 19:22:27.718562-05,2026-07-17 19:22:27.718562-05,script,
1379,4,269,62.439,2026-07-17 19:22:27.718562-05,2026-07-17 19:22:27.718562-05,script,
1380,4,270,82.786,2026-07-17 19:22:27.718562-05,2026-07-17 19:22:27.718562-05,script,
1381,4,271,147.192,2026-07-17 19:22:27.718562-05,2026-07-17 19:22:27.718562-05,script,
1382,4,272,68.150,2026-07-17 19:22:27.718562-05,2026-07-17 19:22:27.718562-05,script,
1383,4,273,219.564,2026-07-17 19:22:27.718562-05,2026-07-17 19:22:27.718562-05,script,
1384,4,274,135.777,2026-07-17 19:22:27.718562-05,2026-07-17 19:22:27.718562-05,script,
1385,4,275,214.382,2026-07-17 19:22:27.718562-05,2026-07-17 19:22:27.718562-05,script,
1386,4,276,142.661,2026-07-17 19:22:27.718562-05,2026-07-17 19:22:27.718562-05,script,
1387,4,277,189.878,2026-07-17 19:22:27.718562-05,2026-07-17 19:22:27.718562-05,script,
1388,4,278,75.406,2026-07-17 19:22:27.718562-05,2026-07-17 19:22:27.718562-05,script,
1389,4,279,198.391,2026-07-17 19:22:27.718562-05,2026-07-17 19:22:27.718562-05,script,
1390,4,280,140.314,2026-07-17 19:22:27.718562-05,2026-07-17 19:22:27.718562-05,script,
1391,4,281,69.966,2026-07-17 19:22:27.718562-05,2026-07-17 19:22:27.718562-05,script,
1392,4,282,33.908,2026-07-17 19:22:27.718562-05,2026-07-17 19:22:27.718562-05,script,
1393,4,283,72.902,2026-07-17 19:22:27.718562-05,2026-07-17 19:22:27.718562-05,script,
1394,4,284,39.320,2026-07-17 19:22:27.718562-05,2026-07-17 19:22:27.718562-05,script,
1395,4,285,24.038,2026-07-17 19:22:27.718562-05,2026-07-17 19:22:27.718562-05,script,
1396,4,286,48.114,2026-07-17 19:22:27.718562-05,2026-07-17 19:22:27.718562-05,script,
1397,4,287,11.545,2026-07-17 19:22:27.718562-05,2026-07-17 19:22:27.718562-05,script,
1398,4,288,51.755,2026-07-17 19:22:27.718562-05,2026-07-17 19:22:27.718562-05,script,
1399,4,289,78.491,2026-07-17 19:22:27.718562-05,2026-07-17 19:22:27.718562-05,script,
1400,4,290,50.587,2026-07-17 19:22:27.718562-05,2026-07-17 19:22:27.718562-05,script,
1401,4,291,67.516,2026-07-17 19:22:27.718562-05,2026-07-17 19:22:27.718562-05,script,
1402,4,292,15.738,2026-07-17 19:22:27.718562-05,2026-07-17 19:22:27.718562-05,script,
1403,4,293,66.241,2026-07-17 19:22:27.718562-05,2026-07-17 19:22:27.718562-05,script,
1404,4,294,24.435,2026-07-17 19:22:27.718562-05,2026-07-17 19:22:27.718562-05,script,
1405,4,295,56.166,2026-07-17 19:22:27.718562-05,2026-07-17 19:22:27.718562-05,script,
1406,4,296,59.446,2026-07-17 19:22:27.718562-05,2026-07-17 19:22:27.718562-05,script,
1407,4,297,39.359,2026-07-17 19:22:27.718562-05,2026-07-17 19:22:27.718562-05,script,
1408,4,298,47.006,2026-07-17 19:22:27.718562-05,2026-07-17 19:22:27.718562-05,script,
1409,4,299,70.907,2026-07-17 19:22:27.718562-05,2026-07-17 19:22:27.718562-05,script,
1410,4,300,66.048,2026-07-17 19:22:27.718562-05,2026-07-17 19:22:27.718562-05,script,
1411,4,301,47.380,2026-07-17 19:22:27.718562-05,2026-07-17 19:22:27.718562-05,script,
1412,4,302,15.204,2026-07-17 19:22:27.718562-05,2026-07-17 19:22:27.718562-05,script,
1413,4,303,42.864,2026-07-17 19:22:27.718562-05,2026-07-17 19:22:27.718562-05,script,
1414,4,304,47.490,2026-07-17 19:22:27.718562-05,2026-07-17 19:22:27.718562-05,script,
1415,4,305,11.446,2026-07-17 19:22:27.718562-05,2026-07-17 19:22:27.718562-05,script,
1416,4,306,67.264,2026-07-17 19:22:27.718562-05,2026-07-17 19:22:27.718562-05,script,
1417,4,307,58.266,2026-07-17 19:22:27.718562-05,2026-07-17 19:22:27.718562-05,script,
1418,4,308,49.450,2026-07-17 19:22:27.718562-05,2026-07-17 19:22:27.718562-05,script,
1419,4,309,55.381,2026-07-17 19:22:27.718562-05,2026-07-17 19:22:27.718562-05,script,
1420,4,310,27.624,2026-07-17 19:22:27.718562-05,2026-07-17 19:22:27.718562-05,script,
1421,4,311,12.111,2026-07-17 19:22:27.718562-05,2026-07-17 19:22:27.718562-05,script,
1422,4,312,41.552,2026-07-17 19:22:27.718562-05,2026-07-17 19:22:27.718562-05,script,
1423,4,313,69.502,2026-07-17 19:22:27.718562-05,2026-07-17 19:22:27.718562-05,script,
1424,4,314,76.907,2026-07-17 19:22:27.718562-05,2026-07-17 19:22:27.718562-05,script,
1425,4,315,21.782,2026-07-17 19:22:27.718562-05,2026-07-17 19:22:27.718562-05,script,
1426,4,316,65.278,2026-07-17 19:22:27.718562-05,2026-07-17 19:22:27.718562-05,script,
1427,4,317,72.079,2026-07-17 19:22:27.718562-05,2026-07-17 19:22:27.718562-05,script,
1428,4,318,34.856,2026-07-17 19:22:27.718562-05,2026-07-17 19:22:27.718562-05,script,
1429,4,319,31.077,2026-07-17 19:22:27.718562-05,2026-07-17 19:22:27.718562-05,script,
1430,4,320,65.615,2026-07-17 19:22:27.718562-05,2026-07-17 19:22:27.718562-05,script,
1431,4,321,53.703,2026-07-17 19:22:27.718562-05,2026-07-17 19:22:27.718562-05,script,
1432,4,322,69.758,2026-07-17 19:22:27.718562-05,2026-07-17 19:22:27.718562-05,script,
1433,4,323,71.353,2026-07-17 19:22:27.718562-05,2026-07-17 19:22:27.718562-05,script,
1434,4,324,26.874,2026-07-17 19:22:27.718562-05,2026-07-17 19:22:27.718562-05,script,
1435,4,325,47.175,2026-07-17 19:22:27.718562-05,2026-07-17 19:22:27.718562-05,script,
1436,4,326,38.056,2026-07-17 19:22:27.718562-05,2026-07-17 19:22:27.718562-05,script,
1437,4,327,50.944,2026-07-17 19:22:27.718562-05,2026-07-17 19:22:27.718562-05,script,
1438,4,328,13.837,2026-07-17 19:22:27.718562-05,2026-07-17 19:22:27.718562-05,script,
1439,4,329,20.532,2026-07-17 19:22:27.718562-05,2026-07-17 19:22:27.718562-05,script,
1440,4,330,11.652,2026-07-17 19:22:27.718562-05,2026-07-17 19:22:27.718562-05,script,
1441,4,331,46.962,2026-07-17 19:22:27.718562-05,2026-07-17 19:22:27.718562-05,script,
1442,4,332,79.493,2026-07-17 19:22:27.718562-05,2026-07-17 19:22:27.718562-05,script,
1443,4,333,68.928,2026-07-17 19:22:27.718562-05,2026-07-17 19:22:27.718562-05,script,
1444,4,334,77.289,2026-07-17 19:22:27.718562-05,2026-07-17 19:22:27.718562-05,script,
1445,4,335,25.041,2026-07-17 19:22:27.718562-05,2026-07-17 19:22:27.718562-05,script,
1446,4,336,21.794,2026-07-17 19:22:27.718562-05,2026-07-17 19:22:27.718562-05,script,
1447,4,337,61.837,2026-07-17 19:22:27.718562-05,2026-07-17 19:22:27.718562-05,script,
1448,4,338,44.774,2026-07-17 19:22:27.718562-05,2026-07-17 19:22:27.718562-05,script,
1449,4,339,79.447,2026-07-17 19:22:27.718562-05,2026-07-17 19:22:27.718562-05,script,
1450,4,340,78.920,2026-07-17 19:22:27.718562-05,2026-07-17 19:22:27.718562-05,script,
1451,4,341,60.702,2026-07-17 19:22:27.718562-05,2026-07-17 19:22:27.718562-05,script,
1452,4,342,16.742,2026-07-17 19:22:27.718562-05,2026-07-17 19:22:27.718562-05,script,
1453,4,343,28.242,2026-07-17 19:22:27.718562-05,2026-07-17 19:22:27.718562-05,script,
1454,4,344,37.338,2026-07-17 19:22:27.718562-05,2026-07-17 19:22:27.718562-05,script,
1455,4,345,39.768,2026-07-17 19:22:27.718562-05,2026-07-17 19:22:27.718562-05,script,
1456,4,346,39.652,2026-07-17 19:22:27.718562-05,2026-07-17 19:22:27.718562-05,script,
1457,4,347,59.039,2026-07-17 19:22:27.718562-05,2026-07-17 19:22:27.718562-05,script,
1458,4,348,38.022,2026-07-17 19:22:27.718562-05,2026-07-17 19:22:27.718562-05,script,
1459,4,349,51.156,2026-07-17 19:22:27.718562-05,2026-07-17 19:22:27.718562-05,script,
1460,4,350,16.017,2026-07-17 19:22:27.718562-05,2026-07-17 19:22:27.718562-05,script,
1461,4,351,74.232,2026-07-17 19:22:27.718562-05,2026-07-17 19:22:27.718562-05,script,
1462,4,352,71.601,2026-07-17 19:22:27.718562-05,2026-07-17 19:22:27.718562-05,script,
1463,4,353,30.819,2026-07-17 19:22:27.718562-05,2026-07-17 19:22:27.718562-05,script,
1464,4,354,79.712,2026-07-17 19:22:27.718562-05,2026-07-17 19:22:27.718562-05,script,
1465,4,355,71.907,2026-07-17 19:22:27.718562-05,2026-07-17 19:22:27.718562-05,script,
1466,4,356,38.016,2026-07-17 19:22:27.718562-05,2026-07-17 19:22:27.718562-05,script,
1467,4,357,46.351,2026-07-17 19:22:27.718562-05,2026-07-17 19:22:27.718562-05,script,
1468,4,358,72.251,2026-07-17 19:22:27.718562-05,2026-07-17 19:22:27.718562-05,script,
1469,4,359,74.870,2026-07-17 19:22:27.718562-05,2026-07-17 19:22:27.718562-05,script,
1470,4,360,20.864,2026-07-17 19:22:27.718562-05,2026-07-17 19:22:27.718562-05,script,
1471,4,361,55.390,2026-07-17 19:22:27.718562-05,2026-07-17 19:22:27.718562-05,script,
1472,4,362,25.274,2026-07-17 19:22:27.718562-05,2026-07-17 19:22:27.718562-05,script,
1473,4,363,13.115,2026-07-17 19:22:27.718562-05,2026-07-17 19:22:27.718562-05,script,
1474,4,364,66.415,2026-07-17 19:22:27.718562-05,2026-07-17 19:22:27.718562-05,script,
1475,4,365,27.491,2026-07-17 19:22:27.718562-05,2026-07-17 19:22:27.718562-05,script,
1476,4,366,17.779,2026-07-17 19:22:27.718562-05,2026-07-17 19:22:27.718562-05,script,
1477,4,367,56.560,2026-07-17 19:22:27.718562-05,2026-07-17 19:22:27.718562-05,script,
1478,4,368,36.280,2026-07-17 19:22:27.718562-05,2026-07-17 19:22:27.718562-05,script,
1479,4,369,60.827,2026-07-17 19:22:27.718562-05,2026-07-17 19:22:27.718562-05,script,
1480,4,370,19.810,2026-07-17 19:22:27.718562-05,2026-07-17 19:22:27.718562-05,script,
1481,5,1,494.226,2026-07-17 19:22:27.718562-05,2026-07-17 19:22:27.718562-05,script,
1482,5,2,220.904,2026-07-17 19:22:27.718562-05,2026-07-17 19:22:27.718562-05,script,
1483,5,3,475.151,2026-07-17 19:22:27.718562-05,2026-07-17 19:22:27.718562-05,script,
1484,5,4,480.745,2026-07-17 19:22:27.718562-05,2026-07-17 19:22:27.718562-05,script,
1485,5,5,248.292,2026-07-17 19:22:27.718562-05,2026-07-17 19:22:27.718562-05,script,
1486,5,6,194.151,2026-07-17 19:22:27.718562-05,2026-07-17 19:22:27.718562-05,script,
1487,5,7,315.933,2026-07-17 19:22:27.718562-05,2026-07-17 19:22:27.718562-05,script,
1488,5,8,207.758,2026-07-17 19:22:27.718562-05,2026-07-17 19:22:27.718562-05,script,
1489,5,9,173.526,2026-07-17 19:22:27.718562-05,2026-07-17 19:22:27.718562-05,script,
1490,5,10,291.365,2026-07-17 19:22:27.718562-05,2026-07-17 19:22:27.718562-05,script,
1491,5,11,440.765,2026-07-17 19:22:27.718562-05,2026-07-17 19:22:27.718562-05,script,
1492,5,12,316.450,2026-07-17 19:22:27.718562-05,2026-07-17 19:22:27.718562-05,script,
1493,5,13,529.333,2026-07-17 19:22:27.718562-05,2026-07-17 19:22:27.718562-05,script,
1494,5,14,427.538,2026-07-17 19:22:27.718562-05,2026-07-17 19:22:27.718562-05,script,
1495,5,15,393.470,2026-07-17 19:22:27.718562-05,2026-07-17 19:22:27.718562-05,script,
1496,5,16,366.745,2026-07-17 19:22:27.718562-05,2026-07-17 19:22:27.718562-05,script,
1497,5,17,466.638,2026-07-17 19:22:27.718562-05,2026-07-17 19:22:27.718562-05,script,
1498,5,18,467.615,2026-07-17 19:22:27.718562-05,2026-07-17 19:22:27.718562-05,script,
1499,5,19,291.026,2026-07-17 19:22:27.718562-05,2026-07-17 19:22:27.718562-05,script,
1500,5,20,202.788,2026-07-17 19:22:27.718562-05,2026-07-17 19:22:27.718562-05,script,
1501,5,21,532.966,2026-07-17 19:22:27.718562-05,2026-07-17 19:22:27.718562-05,script,
1502,5,22,355.283,2026-07-17 19:22:27.718562-05,2026-07-17 19:22:27.718562-05,script,
1503,5,23,267.827,2026-07-17 19:22:27.718562-05,2026-07-17 19:22:27.718562-05,script,
1504,5,24,517.497,2026-07-17 19:22:27.718562-05,2026-07-17 19:22:27.718562-05,script,
1505,5,25,412.371,2026-07-17 19:22:27.718562-05,2026-07-17 19:22:27.718562-05,script,
1506,5,26,215.595,2026-07-17 19:22:27.718562-05,2026-07-17 19:22:27.718562-05,script,
1507,5,27,174.758,2026-07-17 19:22:27.718562-05,2026-07-17 19:22:27.718562-05,script,
1508,5,28,528.489,2026-07-17 19:22:27.718562-05,2026-07-17 19:22:27.718562-05,script,
1509,5,29,268.978,2026-07-17 19:22:27.718562-05,2026-07-17 19:22:27.718562-05,script,
1510,5,30,403.118,2026-07-17 19:22:27.718562-05,2026-07-17 19:22:27.718562-05,script,
1511,5,31,193.513,2026-07-17 19:22:27.718562-05,2026-07-17 19:22:27.718562-05,script,
1512,5,32,190.983,2026-07-17 19:22:27.718562-05,2026-07-17 19:22:27.718562-05,script,
1513,5,33,216.283,2026-07-17 19:22:27.718562-05,2026-07-17 19:22:27.718562-05,script,
1514,5,34,318.794,2026-07-17 19:22:27.718562-05,2026-07-17 19:22:27.718562-05,script,
1515,5,35,316.766,2026-07-17 19:22:27.718562-05,2026-07-17 19:22:27.718562-05,script,
1516,5,36,300.085,2026-07-17 19:22:27.718562-05,2026-07-17 19:22:27.718562-05,script,
1517,5,37,410.924,2026-07-17 19:22:27.718562-05,2026-07-17 19:22:27.718562-05,script,
1518,5,38,383.705,2026-07-17 19:22:27.718562-05,2026-07-17 19:22:27.718562-05,script,
1519,5,39,259.790,2026-07-17 19:22:27.718562-05,2026-07-17 19:22:27.718562-05,script,
1520,5,40,548.104,2026-07-17 19:22:27.718562-05,2026-07-17 19:22:27.718562-05,script,
1521,5,41,507.206,2026-07-17 19:22:27.718562-05,2026-07-17 19:22:27.718562-05,script,
1522,5,42,407.089,2026-07-17 19:22:27.718562-05,2026-07-17 19:22:27.718562-05,script,
1523,5,43,472.329,2026-07-17 19:22:27.718562-05,2026-07-17 19:22:27.718562-05,script,
1524,5,44,230.477,2026-07-17 19:22:27.718562-05,2026-07-17 19:22:27.718562-05,script,
1525,5,45,150.081,2026-07-17 19:22:27.718562-05,2026-07-17 19:22:27.718562-05,script,
1526,5,46,449.469,2026-07-17 19:22:27.718562-05,2026-07-17 19:22:27.718562-05,script,
1527,5,47,230.461,2026-07-17 19:22:27.718562-05,2026-07-17 19:22:27.718562-05,script,
1528,5,48,196.799,2026-07-17 19:22:27.718562-05,2026-07-17 19:22:27.718562-05,script,
1529,5,49,526.824,2026-07-17 19:22:27.718562-05,2026-07-17 19:22:27.718562-05,script,
1530,5,50,385.025,2026-07-17 19:22:27.718562-05,2026-07-17 19:22:27.718562-05,script,
1531,5,51,450.902,2026-07-17 19:22:27.718562-05,2026-07-17 19:22:27.718562-05,script,
1532,5,52,477.056,2026-07-17 19:22:27.718562-05,2026-07-17 19:22:27.718562-05,script,
1533,5,53,514.628,2026-07-17 19:22:27.718562-05,2026-07-17 19:22:27.718562-05,script,
1534,5,54,218.396,2026-07-17 19:22:27.718562-05,2026-07-17 19:22:27.718562-05,script,
1535,5,55,508.691,2026-07-17 19:22:27.718562-05,2026-07-17 19:22:27.718562-05,script,
1536,5,56,285.054,2026-07-17 19:22:27.718562-05,2026-07-17 19:22:27.718562-05,script,
1537,5,57,270.431,2026-07-17 19:22:27.718562-05,2026-07-17 19:22:27.718562-05,script,
1538,5,58,388.975,2026-07-17 19:22:27.718562-05,2026-07-17 19:22:27.718562-05,script,
1539,5,59,192.102,2026-07-17 19:22:27.718562-05,2026-07-17 19:22:27.718562-05,script,
1540,5,60,485.796,2026-07-17 19:22:27.718562-05,2026-07-17 19:22:27.718562-05,script,
1541,5,61,336.805,2026-07-17 19:22:27.718562-05,2026-07-17 19:22:27.718562-05,script,
1542,5,62,267.327,2026-07-17 19:22:27.718562-05,2026-07-17 19:22:27.718562-05,script,
1543,5,63,458.835,2026-07-17 19:22:27.718562-05,2026-07-17 19:22:27.718562-05,script,
1544,5,64,208.340,2026-07-17 19:22:27.718562-05,2026-07-17 19:22:27.718562-05,script,
1545,5,65,296.907,2026-07-17 19:22:27.718562-05,2026-07-17 19:22:27.718562-05,script,
1546,5,66,342.560,2026-07-17 19:22:27.718562-05,2026-07-17 19:22:27.718562-05,script,
1547,5,67,345.371,2026-07-17 19:22:27.718562-05,2026-07-17 19:22:27.718562-05,script,
1548,5,68,282.858,2026-07-17 19:22:27.718562-05,2026-07-17 19:22:27.718562-05,script,
1549,5,69,205.459,2026-07-17 19:22:27.718562-05,2026-07-17 19:22:27.718562-05,script,
1550,5,70,446.377,2026-07-17 19:22:27.718562-05,2026-07-17 19:22:27.718562-05,script,
1551,5,71,461.794,2026-07-17 19:22:27.718562-05,2026-07-17 19:22:27.718562-05,script,
1552,5,72,162.135,2026-07-17 19:22:27.718562-05,2026-07-17 19:22:27.718562-05,script,
1553,5,73,299.092,2026-07-17 19:22:27.718562-05,2026-07-17 19:22:27.718562-05,script,
1554,5,74,222.831,2026-07-17 19:22:27.718562-05,2026-07-17 19:22:27.718562-05,script,
1555,5,75,376.237,2026-07-17 19:22:27.718562-05,2026-07-17 19:22:27.718562-05,script,
1556,5,76,72.845,2026-07-17 19:22:27.718562-05,2026-07-17 19:22:27.718562-05,script,
1557,5,77,30.022,2026-07-17 19:22:27.718562-05,2026-07-17 19:22:27.718562-05,script,
1558,5,78,52.659,2026-07-17 19:22:27.718562-05,2026-07-17 19:22:27.718562-05,script,
1559,5,79,11.120,2026-07-17 19:22:27.718562-05,2026-07-17 19:22:27.718562-05,script,
1560,5,80,66.901,2026-07-17 19:22:27.718562-05,2026-07-17 19:22:27.718562-05,script,
1561,5,81,11.400,2026-07-17 19:22:27.718562-05,2026-07-17 19:22:27.718562-05,script,
1562,5,82,53.473,2026-07-17 19:22:27.718562-05,2026-07-17 19:22:27.718562-05,script,
1563,5,83,31.350,2026-07-17 19:22:27.718562-05,2026-07-17 19:22:27.718562-05,script,
1564,5,84,52.548,2026-07-17 19:22:27.718562-05,2026-07-17 19:22:27.718562-05,script,
1565,5,85,25.136,2026-07-17 19:22:27.718562-05,2026-07-17 19:22:27.718562-05,script,
1566,5,86,64.337,2026-07-17 19:22:27.718562-05,2026-07-17 19:22:27.718562-05,script,
1567,5,87,72.740,2026-07-17 19:22:27.718562-05,2026-07-17 19:22:27.718562-05,script,
1568,5,88,78.822,2026-07-17 19:22:27.718562-05,2026-07-17 19:22:27.718562-05,script,
1569,5,89,72.559,2026-07-17 19:22:27.718562-05,2026-07-17 19:22:27.718562-05,script,
1570,5,90,78.207,2026-07-17 19:22:27.718562-05,2026-07-17 19:22:27.718562-05,script,
1571,5,91,10.989,2026-07-17 19:22:27.718562-05,2026-07-17 19:22:27.718562-05,script,
1572,5,92,42.644,2026-07-17 19:22:27.718562-05,2026-07-17 19:22:27.718562-05,script,
1573,5,93,67.303,2026-07-17 19:22:27.718562-05,2026-07-17 19:22:27.718562-05,script,
1574,5,94,19.845,2026-07-17 19:22:27.718562-05,2026-07-17 19:22:27.718562-05,script,
1575,5,95,66.025,2026-07-17 19:22:27.718562-05,2026-07-17 19:22:27.718562-05,script,
1576,5,96,45.509,2026-07-17 19:22:27.718562-05,2026-07-17 19:22:27.718562-05,script,
1577,5,97,31.415,2026-07-17 19:22:27.718562-05,2026-07-17 19:22:27.718562-05,script,
1578,5,98,12.470,2026-07-17 19:22:27.718562-05,2026-07-17 19:22:27.718562-05,script,
1579,5,99,32.758,2026-07-17 19:22:27.718562-05,2026-07-17 19:22:27.718562-05,script,
1580,5,100,45.934,2026-07-17 19:22:27.718562-05,2026-07-17 19:22:27.718562-05,script,
1581,5,101,67.448,2026-07-17 19:22:27.718562-05,2026-07-17 19:22:27.718562-05,script,
1582,5,102,12.399,2026-07-17 19:22:27.718562-05,2026-07-17 19:22:27.718562-05,script,
1583,5,103,40.428,2026-07-17 19:22:27.718562-05,2026-07-17 19:22:27.718562-05,script,
1584,5,104,45.434,2026-07-17 19:22:27.718562-05,2026-07-17 19:22:27.718562-05,script,
1585,5,105,26.526,2026-07-17 19:22:27.718562-05,2026-07-17 19:22:27.718562-05,script,
1586,5,106,51.633,2026-07-17 19:22:27.718562-05,2026-07-17 19:22:27.718562-05,script,
1587,5,107,78.336,2026-07-17 19:22:27.718562-05,2026-07-17 19:22:27.718562-05,script,
1588,5,108,73.715,2026-07-17 19:22:27.718562-05,2026-07-17 19:22:27.718562-05,script,
1589,5,109,48.138,2026-07-17 19:22:27.718562-05,2026-07-17 19:22:27.718562-05,script,
1590,5,110,61.629,2026-07-17 19:22:27.718562-05,2026-07-17 19:22:27.718562-05,script,
1591,5,111,76.766,2026-07-17 19:22:27.718562-05,2026-07-17 19:22:27.718562-05,script,
1592,5,112,26.633,2026-07-17 19:22:27.718562-05,2026-07-17 19:22:27.718562-05,script,
1593,5,113,57.289,2026-07-17 19:22:27.718562-05,2026-07-17 19:22:27.718562-05,script,
1594,5,114,52.791,2026-07-17 19:22:27.718562-05,2026-07-17 19:22:27.718562-05,script,
1595,5,115,67.443,2026-07-17 19:22:27.718562-05,2026-07-17 19:22:27.718562-05,script,
1596,5,116,31.062,2026-07-17 19:22:27.718562-05,2026-07-17 19:22:27.718562-05,script,
1597,5,117,19.163,2026-07-17 19:22:27.718562-05,2026-07-17 19:22:27.718562-05,script,
1598,5,118,67.919,2026-07-17 19:22:27.718562-05,2026-07-17 19:22:27.718562-05,script,
1599,5,119,28.930,2026-07-17 19:22:27.718562-05,2026-07-17 19:22:27.718562-05,script,
1600,5,120,76.358,2026-07-17 19:22:27.718562-05,2026-07-17 19:22:27.718562-05,script,
1601,5,121,72.357,2026-07-17 19:22:27.718562-05,2026-07-17 19:22:27.718562-05,script,
1602,5,122,45.719,2026-07-17 19:22:27.718562-05,2026-07-17 19:22:27.718562-05,script,
1603,5,123,17.372,2026-07-17 19:22:27.718562-05,2026-07-17 19:22:27.718562-05,script,
1604,5,124,65.391,2026-07-17 19:22:27.718562-05,2026-07-17 19:22:27.718562-05,script,
1605,5,125,21.569,2026-07-17 19:22:27.718562-05,2026-07-17 19:22:27.718562-05,script,
1606,5,126,40.188,2026-07-17 19:22:27.718562-05,2026-07-17 19:22:27.718562-05,script,
1607,5,127,54.871,2026-07-17 19:22:27.718562-05,2026-07-17 19:22:27.718562-05,script,
1608,5,128,11.383,2026-07-17 19:22:27.718562-05,2026-07-17 19:22:27.718562-05,script,
1609,5,129,54.331,2026-07-17 19:22:27.718562-05,2026-07-17 19:22:27.718562-05,script,
1610,5,130,39.684,2026-07-17 19:22:27.718562-05,2026-07-17 19:22:27.718562-05,script,
1611,5,131,29.450,2026-07-17 19:22:27.718562-05,2026-07-17 19:22:27.718562-05,script,
1612,5,132,71.469,2026-07-17 19:22:27.718562-05,2026-07-17 19:22:27.718562-05,script,
1613,5,133,59.782,2026-07-17 19:22:27.718562-05,2026-07-17 19:22:27.718562-05,script,
1614,5,134,66.229,2026-07-17 19:22:27.718562-05,2026-07-17 19:22:27.718562-05,script,
1615,5,135,64.573,2026-07-17 19:22:27.718562-05,2026-07-17 19:22:27.718562-05,script,
1616,5,136,78.592,2026-07-17 19:22:27.718562-05,2026-07-17 19:22:27.718562-05,script,
1617,5,137,27.945,2026-07-17 19:22:27.718562-05,2026-07-17 19:22:27.718562-05,script,
1618,5,138,65.219,2026-07-17 19:22:27.718562-05,2026-07-17 19:22:27.718562-05,script,
1619,5,139,41.428,2026-07-17 19:22:27.718562-05,2026-07-17 19:22:27.718562-05,script,
1620,5,140,22.722,2026-07-17 19:22:27.718562-05,2026-07-17 19:22:27.718562-05,script,
1621,5,141,67.210,2026-07-17 19:22:27.718562-05,2026-07-17 19:22:27.718562-05,script,
1622,5,142,43.379,2026-07-17 19:22:27.718562-05,2026-07-17 19:22:27.718562-05,script,
1623,5,143,72.754,2026-07-17 19:22:27.718562-05,2026-07-17 19:22:27.718562-05,script,
1624,5,144,30.172,2026-07-17 19:22:27.718562-05,2026-07-17 19:22:27.718562-05,script,
1625,5,145,47.368,2026-07-17 19:22:27.718562-05,2026-07-17 19:22:27.718562-05,script,
1626,5,146,46.546,2026-07-17 19:22:27.718562-05,2026-07-17 19:22:27.718562-05,script,
1627,5,147,47.717,2026-07-17 19:22:27.718562-05,2026-07-17 19:22:27.718562-05,script,
1628,5,148,14.840,2026-07-17 19:22:27.718562-05,2026-07-17 19:22:27.718562-05,script,
1629,5,149,49.617,2026-07-17 19:22:27.718562-05,2026-07-17 19:22:27.718562-05,script,
1630,5,150,50.453,2026-07-17 19:22:27.718562-05,2026-07-17 19:22:27.718562-05,script,
1631,5,151,514.225,2026-07-17 19:22:27.718562-05,2026-07-17 19:22:27.718562-05,script,
1632,5,152,346.037,2026-07-17 19:22:27.718562-05,2026-07-17 19:22:27.718562-05,script,
1633,5,153,359.330,2026-07-17 19:22:27.718562-05,2026-07-17 19:22:27.718562-05,script,
1634,5,154,469.002,2026-07-17 19:22:27.718562-05,2026-07-17 19:22:27.718562-05,script,
1635,5,155,184.215,2026-07-17 19:22:27.718562-05,2026-07-17 19:22:27.718562-05,script,
1636,5,156,301.964,2026-07-17 19:22:27.718562-05,2026-07-17 19:22:27.718562-05,script,
1637,5,157,497.718,2026-07-17 19:22:27.718562-05,2026-07-17 19:22:27.718562-05,script,
1638,5,158,351.708,2026-07-17 19:22:27.718562-05,2026-07-17 19:22:27.718562-05,script,
1639,5,159,499.826,2026-07-17 19:22:27.718562-05,2026-07-17 19:22:27.718562-05,script,
1640,5,160,403.305,2026-07-17 19:22:27.718562-05,2026-07-17 19:22:27.718562-05,script,
1641,5,161,499.337,2026-07-17 19:22:27.718562-05,2026-07-17 19:22:27.718562-05,script,
1642,5,162,541.590,2026-07-17 19:22:27.718562-05,2026-07-17 19:22:27.718562-05,script,
1643,5,163,167.255,2026-07-17 19:22:27.718562-05,2026-07-17 19:22:27.718562-05,script,
1644,5,164,287.377,2026-07-17 19:22:27.718562-05,2026-07-17 19:22:27.718562-05,script,
1645,5,165,421.507,2026-07-17 19:22:27.718562-05,2026-07-17 19:22:27.718562-05,script,
1646,5,166,427.121,2026-07-17 19:22:27.718562-05,2026-07-17 19:22:27.718562-05,script,
1647,5,167,406.687,2026-07-17 19:22:27.718562-05,2026-07-17 19:22:27.718562-05,script,
1648,5,168,299.247,2026-07-17 19:22:27.718562-05,2026-07-17 19:22:27.718562-05,script,
1649,5,169,323.128,2026-07-17 19:22:27.718562-05,2026-07-17 19:22:27.718562-05,script,
1650,5,170,273.299,2026-07-17 19:22:27.718562-05,2026-07-17 19:22:27.718562-05,script,
1651,5,171,243.630,2026-07-17 19:22:27.718562-05,2026-07-17 19:22:27.718562-05,script,
1652,5,172,408.778,2026-07-17 19:22:27.718562-05,2026-07-17 19:22:27.718562-05,script,
1653,5,173,178.572,2026-07-17 19:22:27.718562-05,2026-07-17 19:22:27.718562-05,script,
1654,5,174,167.694,2026-07-17 19:22:27.718562-05,2026-07-17 19:22:27.718562-05,script,
1655,5,175,451.923,2026-07-17 19:22:27.718562-05,2026-07-17 19:22:27.718562-05,script,
1656,5,176,306.481,2026-07-17 19:22:27.718562-05,2026-07-17 19:22:27.718562-05,script,
1657,5,177,271.917,2026-07-17 19:22:27.718562-05,2026-07-17 19:22:27.718562-05,script,
1658,5,178,331.247,2026-07-17 19:22:27.718562-05,2026-07-17 19:22:27.718562-05,script,
1659,5,179,303.619,2026-07-17 19:22:27.718562-05,2026-07-17 19:22:27.718562-05,script,
1660,5,180,221.847,2026-07-17 19:22:27.718562-05,2026-07-17 19:22:27.718562-05,script,
1661,5,181,370.678,2026-07-17 19:22:27.718562-05,2026-07-17 19:22:27.718562-05,script,
1662,5,182,441.522,2026-07-17 19:22:27.718562-05,2026-07-17 19:22:27.718562-05,script,
1663,5,183,167.011,2026-07-17 19:22:27.718562-05,2026-07-17 19:22:27.718562-05,script,
1664,5,184,265.614,2026-07-17 19:22:27.718562-05,2026-07-17 19:22:27.718562-05,script,
1665,5,185,442.625,2026-07-17 19:22:27.718562-05,2026-07-17 19:22:27.718562-05,script,
1666,5,186,204.472,2026-07-17 19:22:27.718562-05,2026-07-17 19:22:27.718562-05,script,
1667,5,187,454.790,2026-07-17 19:22:27.718562-05,2026-07-17 19:22:27.718562-05,script,
1668,5,188,384.941,2026-07-17 19:22:27.718562-05,2026-07-17 19:22:27.718562-05,script,
1669,5,189,329.607,2026-07-17 19:22:27.718562-05,2026-07-17 19:22:27.718562-05,script,
1670,5,190,326.778,2026-07-17 19:22:27.718562-05,2026-07-17 19:22:27.718562-05,script,
1671,5,191,400.682,2026-07-17 19:22:27.718562-05,2026-07-17 19:22:27.718562-05,script,
1672,5,192,202.609,2026-07-17 19:22:27.718562-05,2026-07-17 19:22:27.718562-05,script,
1673,5,193,432.565,2026-07-17 19:22:27.718562-05,2026-07-17 19:22:27.718562-05,script,
1674,5,194,393.514,2026-07-17 19:22:27.718562-05,2026-07-17 19:22:27.718562-05,script,
1675,5,195,402.136,2026-07-17 19:22:27.718562-05,2026-07-17 19:22:27.718562-05,script,
1676,5,196,283.136,2026-07-17 19:22:27.718562-05,2026-07-17 19:22:27.718562-05,script,
1677,5,197,215.923,2026-07-17 19:22:27.718562-05,2026-07-17 19:22:27.718562-05,script,
1678,5,198,273.821,2026-07-17 19:22:27.718562-05,2026-07-17 19:22:27.718562-05,script,
1679,5,199,313.410,2026-07-17 19:22:27.718562-05,2026-07-17 19:22:27.718562-05,script,
1680,5,200,235.111,2026-07-17 19:22:27.718562-05,2026-07-17 19:22:27.718562-05,script,
1681,5,201,483.290,2026-07-17 19:22:27.718562-05,2026-07-17 19:22:27.718562-05,script,
1682,5,202,385.821,2026-07-17 19:22:27.718562-05,2026-07-17 19:22:27.718562-05,script,
1683,5,203,280.010,2026-07-17 19:22:27.718562-05,2026-07-17 19:22:27.718562-05,script,
1684,5,204,403.342,2026-07-17 19:22:27.718562-05,2026-07-17 19:22:27.718562-05,script,
1685,5,205,476.330,2026-07-17 19:22:27.718562-05,2026-07-17 19:22:27.718562-05,script,
1686,5,206,485.762,2026-07-17 19:22:27.718562-05,2026-07-17 19:22:27.718562-05,script,
1687,5,207,362.385,2026-07-17 19:22:27.718562-05,2026-07-17 19:22:27.718562-05,script,
1688,5,208,385.586,2026-07-17 19:22:27.718562-05,2026-07-17 19:22:27.718562-05,script,
1689,5,209,397.643,2026-07-17 19:22:27.718562-05,2026-07-17 19:22:27.718562-05,script,
1690,5,210,191.160,2026-07-17 19:22:27.718562-05,2026-07-17 19:22:27.718562-05,script,
1691,5,211,343.393,2026-07-17 19:22:27.718562-05,2026-07-17 19:22:27.718562-05,script,
1692,5,212,311.416,2026-07-17 19:22:27.718562-05,2026-07-17 19:22:27.718562-05,script,
1693,5,213,493.508,2026-07-17 19:22:27.718562-05,2026-07-17 19:22:27.718562-05,script,
1694,5,214,528.023,2026-07-17 19:22:27.718562-05,2026-07-17 19:22:27.718562-05,script,
1695,5,215,320.268,2026-07-17 19:22:27.718562-05,2026-07-17 19:22:27.718562-05,script,
1696,5,216,349.754,2026-07-17 19:22:27.718562-05,2026-07-17 19:22:27.718562-05,script,
1697,5,217,447.255,2026-07-17 19:22:27.718562-05,2026-07-17 19:22:27.718562-05,script,
1698,5,218,517.909,2026-07-17 19:22:27.718562-05,2026-07-17 19:22:27.718562-05,script,
1699,5,219,259.058,2026-07-17 19:22:27.718562-05,2026-07-17 19:22:27.718562-05,script,
1700,5,220,375.065,2026-07-17 19:22:27.718562-05,2026-07-17 19:22:27.718562-05,script,
1701,5,221,296.515,2026-07-17 19:22:27.718562-05,2026-07-17 19:22:27.718562-05,script,
1702,5,222,181.560,2026-07-17 19:22:27.718562-05,2026-07-17 19:22:27.718562-05,script,
1703,5,223,518.027,2026-07-17 19:22:27.718562-05,2026-07-17 19:22:27.718562-05,script,
1704,5,224,330.995,2026-07-17 19:22:27.718562-05,2026-07-17 19:22:27.718562-05,script,
1705,5,225,302.627,2026-07-17 19:22:27.718562-05,2026-07-17 19:22:27.718562-05,script,
1706,5,226,68.885,2026-07-17 19:22:27.718562-05,2026-07-17 19:22:27.718562-05,script,
1707,5,227,69.628,2026-07-17 19:22:27.718562-05,2026-07-17 19:22:27.718562-05,script,
1708,5,228,88.986,2026-07-17 19:22:27.718562-05,2026-07-17 19:22:27.718562-05,script,
1709,5,229,237.223,2026-07-17 19:22:27.718562-05,2026-07-17 19:22:27.718562-05,script,
1710,5,230,167.996,2026-07-17 19:22:27.718562-05,2026-07-17 19:22:27.718562-05,script,
1711,5,231,238.821,2026-07-17 19:22:27.718562-05,2026-07-17 19:22:27.718562-05,script,
1712,5,232,119.786,2026-07-17 19:22:27.718562-05,2026-07-17 19:22:27.718562-05,script,
1713,5,233,147.488,2026-07-17 19:22:27.718562-05,2026-07-17 19:22:27.718562-05,script,
1714,5,234,158.842,2026-07-17 19:22:27.718562-05,2026-07-17 19:22:27.718562-05,script,
1715,5,235,115.475,2026-07-17 19:22:27.718562-05,2026-07-17 19:22:27.718562-05,script,
1716,5,236,111.776,2026-07-17 19:22:27.718562-05,2026-07-17 19:22:27.718562-05,script,
1717,5,237,108.156,2026-07-17 19:22:27.718562-05,2026-07-17 19:22:27.718562-05,script,
1718,5,238,186.709,2026-07-17 19:22:27.718562-05,2026-07-17 19:22:27.718562-05,script,
1719,5,239,165.138,2026-07-17 19:22:27.718562-05,2026-07-17 19:22:27.718562-05,script,
1720,5,240,219.911,2026-07-17 19:22:27.718562-05,2026-07-17 19:22:27.718562-05,script,
1721,5,241,185.189,2026-07-17 19:22:27.718562-05,2026-07-17 19:22:27.718562-05,script,
1722,5,242,85.980,2026-07-17 19:22:27.718562-05,2026-07-17 19:22:27.718562-05,script,
1723,5,243,155.493,2026-07-17 19:22:27.718562-05,2026-07-17 19:22:27.718562-05,script,
1724,5,244,103.347,2026-07-17 19:22:27.718562-05,2026-07-17 19:22:27.718562-05,script,
1725,5,245,154.692,2026-07-17 19:22:27.718562-05,2026-07-17 19:22:27.718562-05,script,
1726,5,246,113.859,2026-07-17 19:22:27.718562-05,2026-07-17 19:22:27.718562-05,script,
1727,5,247,120.772,2026-07-17 19:22:27.718562-05,2026-07-17 19:22:27.718562-05,script,
1728,5,248,84.165,2026-07-17 19:22:27.718562-05,2026-07-17 19:22:27.718562-05,script,
1729,5,249,74.554,2026-07-17 19:22:27.718562-05,2026-07-17 19:22:27.718562-05,script,
1730,5,250,234.347,2026-07-17 19:22:27.718562-05,2026-07-17 19:22:27.718562-05,script,
1731,5,251,139.613,2026-07-17 19:22:27.718562-05,2026-07-17 19:22:27.718562-05,script,
1732,5,252,70.220,2026-07-17 19:22:27.718562-05,2026-07-17 19:22:27.718562-05,script,
1733,5,253,101.737,2026-07-17 19:22:27.718562-05,2026-07-17 19:22:27.718562-05,script,
1734,5,254,111.618,2026-07-17 19:22:27.718562-05,2026-07-17 19:22:27.718562-05,script,
1735,5,255,200.292,2026-07-17 19:22:27.718562-05,2026-07-17 19:22:27.718562-05,script,
1736,5,256,133.207,2026-07-17 19:22:27.718562-05,2026-07-17 19:22:27.718562-05,script,
1737,5,257,71.559,2026-07-17 19:22:27.718562-05,2026-07-17 19:22:27.718562-05,script,
1738,5,258,116.783,2026-07-17 19:22:27.718562-05,2026-07-17 19:22:27.718562-05,script,
1739,5,259,235.983,2026-07-17 19:22:27.718562-05,2026-07-17 19:22:27.718562-05,script,
1740,5,260,84.269,2026-07-17 19:22:27.718562-05,2026-07-17 19:22:27.718562-05,script,
1741,5,261,86.043,2026-07-17 19:22:27.718562-05,2026-07-17 19:22:27.718562-05,script,
1742,5,262,127.939,2026-07-17 19:22:27.718562-05,2026-07-17 19:22:27.718562-05,script,
1743,5,263,103.339,2026-07-17 19:22:27.718562-05,2026-07-17 19:22:27.718562-05,script,
1744,5,264,165.116,2026-07-17 19:22:27.718562-05,2026-07-17 19:22:27.718562-05,script,
1745,5,265,71.589,2026-07-17 19:22:27.718562-05,2026-07-17 19:22:27.718562-05,script,
1746,5,266,96.877,2026-07-17 19:22:27.718562-05,2026-07-17 19:22:27.718562-05,script,
1747,5,267,144.628,2026-07-17 19:22:27.718562-05,2026-07-17 19:22:27.718562-05,script,
1748,5,268,167.522,2026-07-17 19:22:27.718562-05,2026-07-17 19:22:27.718562-05,script,
1749,5,269,126.838,2026-07-17 19:22:27.718562-05,2026-07-17 19:22:27.718562-05,script,
1750,5,270,233.519,2026-07-17 19:22:27.718562-05,2026-07-17 19:22:27.718562-05,script,
1751,5,271,153.529,2026-07-17 19:22:27.718562-05,2026-07-17 19:22:27.718562-05,script,
1752,5,272,141.582,2026-07-17 19:22:27.718562-05,2026-07-17 19:22:27.718562-05,script,
1753,5,273,198.069,2026-07-17 19:22:27.718562-05,2026-07-17 19:22:27.718562-05,script,
1754,5,274,112.184,2026-07-17 19:22:27.718562-05,2026-07-17 19:22:27.718562-05,script,
1755,5,275,144.890,2026-07-17 19:22:27.718562-05,2026-07-17 19:22:27.718562-05,script,
1756,5,276,70.609,2026-07-17 19:22:27.718562-05,2026-07-17 19:22:27.718562-05,script,
1757,5,277,148.223,2026-07-17 19:22:27.718562-05,2026-07-17 19:22:27.718562-05,script,
1758,5,278,160.520,2026-07-17 19:22:27.718562-05,2026-07-17 19:22:27.718562-05,script,
1759,5,279,189.937,2026-07-17 19:22:27.718562-05,2026-07-17 19:22:27.718562-05,script,
1760,5,280,222.297,2026-07-17 19:22:27.718562-05,2026-07-17 19:22:27.718562-05,script,
1761,5,281,79.886,2026-07-17 19:22:27.718562-05,2026-07-17 19:22:27.718562-05,script,
1762,5,282,38.986,2026-07-17 19:22:27.718562-05,2026-07-17 19:22:27.718562-05,script,
1763,5,283,61.676,2026-07-17 19:22:27.718562-05,2026-07-17 19:22:27.718562-05,script,
1764,5,284,67.669,2026-07-17 19:22:27.718562-05,2026-07-17 19:22:27.718562-05,script,
1765,5,285,53.071,2026-07-17 19:22:27.718562-05,2026-07-17 19:22:27.718562-05,script,
1766,5,286,27.682,2026-07-17 19:22:27.718562-05,2026-07-17 19:22:27.718562-05,script,
1767,5,287,57.458,2026-07-17 19:22:27.718562-05,2026-07-17 19:22:27.718562-05,script,
1768,5,288,23.518,2026-07-17 19:22:27.718562-05,2026-07-17 19:22:27.718562-05,script,
1769,5,289,66.221,2026-07-17 19:22:27.718562-05,2026-07-17 19:22:27.718562-05,script,
1770,5,290,74.175,2026-07-17 19:22:27.718562-05,2026-07-17 19:22:27.718562-05,script,
1771,5,291,12.183,2026-07-17 19:22:27.718562-05,2026-07-17 19:22:27.718562-05,script,
1772,5,292,11.274,2026-07-17 19:22:27.718562-05,2026-07-17 19:22:27.718562-05,script,
1773,5,293,68.984,2026-07-17 19:22:27.718562-05,2026-07-17 19:22:27.718562-05,script,
1774,5,294,53.800,2026-07-17 19:22:27.718562-05,2026-07-17 19:22:27.718562-05,script,
1775,5,295,63.258,2026-07-17 19:22:27.718562-05,2026-07-17 19:22:27.718562-05,script,
1776,5,296,64.506,2026-07-17 19:22:27.718562-05,2026-07-17 19:22:27.718562-05,script,
1777,5,297,40.891,2026-07-17 19:22:27.718562-05,2026-07-17 19:22:27.718562-05,script,
1778,5,298,53.881,2026-07-17 19:22:27.718562-05,2026-07-17 19:22:27.718562-05,script,
1779,5,299,42.695,2026-07-17 19:22:27.718562-05,2026-07-17 19:22:27.718562-05,script,
1780,5,300,76.603,2026-07-17 19:22:27.718562-05,2026-07-17 19:22:27.718562-05,script,
1781,5,301,19.300,2026-07-17 19:22:27.718562-05,2026-07-17 19:22:27.718562-05,script,
1782,5,302,79.878,2026-07-17 19:22:27.718562-05,2026-07-17 19:22:27.718562-05,script,
1783,5,303,23.103,2026-07-17 19:22:27.718562-05,2026-07-17 19:22:27.718562-05,script,
1784,5,304,24.601,2026-07-17 19:22:27.718562-05,2026-07-17 19:22:27.718562-05,script,
1785,5,305,53.942,2026-07-17 19:22:27.718562-05,2026-07-17 19:22:27.718562-05,script,
1786,5,306,54.916,2026-07-17 19:22:27.718562-05,2026-07-17 19:22:27.718562-05,script,
1787,5,307,30.188,2026-07-17 19:22:27.718562-05,2026-07-17 19:22:27.718562-05,script,
1788,5,308,45.795,2026-07-17 19:22:27.718562-05,2026-07-17 19:22:27.718562-05,script,
1789,5,309,65.541,2026-07-17 19:22:27.718562-05,2026-07-17 19:22:27.718562-05,script,
1790,5,310,56.292,2026-07-17 19:22:27.718562-05,2026-07-17 19:22:27.718562-05,script,
1791,5,311,14.457,2026-07-17 19:22:27.718562-05,2026-07-17 19:22:27.718562-05,script,
1792,5,312,70.710,2026-07-17 19:22:27.718562-05,2026-07-17 19:22:27.718562-05,script,
1793,5,313,28.314,2026-07-17 19:22:27.718562-05,2026-07-17 19:22:27.718562-05,script,
1794,5,314,74.107,2026-07-17 19:22:27.718562-05,2026-07-17 19:22:27.718562-05,script,
1795,5,315,34.952,2026-07-17 19:22:27.718562-05,2026-07-17 19:22:27.718562-05,script,
1796,5,316,57.975,2026-07-17 19:22:27.718562-05,2026-07-17 19:22:27.718562-05,script,
1797,5,317,71.067,2026-07-17 19:22:27.718562-05,2026-07-17 19:22:27.718562-05,script,
1798,5,318,26.612,2026-07-17 19:22:27.718562-05,2026-07-17 19:22:27.718562-05,script,
1799,5,319,56.285,2026-07-17 19:22:27.718562-05,2026-07-17 19:22:27.718562-05,script,
1800,5,320,51.928,2026-07-17 19:22:27.718562-05,2026-07-17 19:22:27.718562-05,script,
1801,5,321,45.612,2026-07-17 19:22:27.718562-05,2026-07-17 19:22:27.718562-05,script,
1802,5,322,36.217,2026-07-17 19:22:27.718562-05,2026-07-17 19:22:27.718562-05,script,
1803,5,323,20.592,2026-07-17 19:22:27.718562-05,2026-07-17 19:22:27.718562-05,script,
1804,5,324,39.766,2026-07-17 19:22:27.718562-05,2026-07-17 19:22:27.718562-05,script,
1805,5,325,58.130,2026-07-17 19:22:27.718562-05,2026-07-17 19:22:27.718562-05,script,
1806,5,326,57.530,2026-07-17 19:22:27.718562-05,2026-07-17 19:22:27.718562-05,script,
1807,5,327,45.734,2026-07-17 19:22:27.718562-05,2026-07-17 19:22:27.718562-05,script,
1808,5,328,64.599,2026-07-17 19:22:27.718562-05,2026-07-17 19:22:27.718562-05,script,
1809,5,329,30.026,2026-07-17 19:22:27.718562-05,2026-07-17 19:22:27.718562-05,script,
1810,5,330,75.585,2026-07-17 19:22:27.718562-05,2026-07-17 19:22:27.718562-05,script,
1811,5,331,12.880,2026-07-17 19:22:27.718562-05,2026-07-17 19:22:27.718562-05,script,
1812,5,332,20.973,2026-07-17 19:22:27.718562-05,2026-07-17 19:22:27.718562-05,script,
1813,5,333,72.790,2026-07-17 19:22:27.718562-05,2026-07-17 19:22:27.718562-05,script,
1814,5,334,16.860,2026-07-17 19:22:27.718562-05,2026-07-17 19:22:27.718562-05,script,
1815,5,335,32.893,2026-07-17 19:22:27.718562-05,2026-07-17 19:22:27.718562-05,script,
1816,5,336,70.714,2026-07-17 19:22:27.718562-05,2026-07-17 19:22:27.718562-05,script,
1817,5,337,68.584,2026-07-17 19:22:27.718562-05,2026-07-17 19:22:27.718562-05,script,
1818,5,338,38.835,2026-07-17 19:22:27.718562-05,2026-07-17 19:22:27.718562-05,script,
1819,5,339,38.079,2026-07-17 19:22:27.718562-05,2026-07-17 19:22:27.718562-05,script,
1820,5,340,52.421,2026-07-17 19:22:27.718562-05,2026-07-17 19:22:27.718562-05,script,
1821,5,341,25.648,2026-07-17 19:22:27.718562-05,2026-07-17 19:22:27.718562-05,script,
1822,5,342,49.077,2026-07-17 19:22:27.718562-05,2026-07-17 19:22:27.718562-05,script,
1823,5,343,55.351,2026-07-17 19:22:27.718562-05,2026-07-17 19:22:27.718562-05,script,
1824,5,344,43.898,2026-07-17 19:22:27.718562-05,2026-07-17 19:22:27.718562-05,script,
1825,5,345,22.717,2026-07-17 19:22:27.718562-05,2026-07-17 19:22:27.718562-05,script,
1826,5,346,31.459,2026-07-17 19:22:27.718562-05,2026-07-17 19:22:27.718562-05,script,
1827,5,347,41.402,2026-07-17 19:22:27.718562-05,2026-07-17 19:22:27.718562-05,script,
1828,5,348,47.089,2026-07-17 19:22:27.718562-05,2026-07-17 19:22:27.718562-05,script,
1829,5,349,38.448,2026-07-17 19:22:27.718562-05,2026-07-17 19:22:27.718562-05,script,
1830,5,350,21.043,2026-07-17 19:22:27.718562-05,2026-07-17 19:22:27.718562-05,script,
1831,5,351,20.446,2026-07-17 19:22:27.718562-05,2026-07-17 19:22:27.718562-05,script,
1832,5,352,15.186,2026-07-17 19:22:27.718562-05,2026-07-17 19:22:27.718562-05,script,
1833,5,353,36.592,2026-07-17 19:22:27.718562-05,2026-07-17 19:22:27.718562-05,script,
1834,5,354,25.926,2026-07-17 19:22:27.718562-05,2026-07-17 19:22:27.718562-05,script,
1835,5,355,36.023,2026-07-17 19:22:27.718562-05,2026-07-17 19:22:27.718562-05,script,
1836,5,356,45.499,2026-07-17 19:22:27.718562-05,2026-07-17 19:22:27.718562-05,script,
1837,5,357,47.500,2026-07-17 19:22:27.718562-05,2026-07-17 19:22:27.718562-05,script,
1838,5,358,39.813,2026-07-17 19:22:27.718562-05,2026-07-17 19:22:27.718562-05,script,
1839,5,359,26.716,2026-07-17 19:22:27.718562-05,2026-07-17 19:22:27.718562-05,script,
1840,5,360,28.574,2026-07-17 19:22:27.718562-05,2026-07-17 19:22:27.718562-05,script,
1841,5,361,50.991,2026-07-17 19:22:27.718562-05,2026-07-17 19:22:27.718562-05,script,
1842,5,362,69.536,2026-07-17 19:22:27.718562-05,2026-07-17 19:22:27.718562-05,script,
1843,5,363,12.590,2026-07-17 19:22:27.718562-05,2026-07-17 19:22:27.718562-05,script,
1844,5,364,54.868,2026-07-17 19:22:27.718562-05,2026-07-17 19:22:27.718562-05,script,
1845,5,365,57.179,2026-07-17 19:22:27.718562-05,2026-07-17 19:22:27.718562-05,script,
1846,5,366,18.568,2026-07-17 19:22:27.718562-05,2026-07-17 19:22:27.718562-05,script,
1847,5,367,33.280,2026-07-17 19:22:27.718562-05,2026-07-17 19:22:27.718562-05,script,
1848,5,368,28.930,2026-07-17 19:22:27.718562-05,2026-07-17 19:22:27.718562-05,script,
1849,5,369,48.519,2026-07-17 19:22:27.718562-05,2026-07-17 19:22:27.718562-05,script,
1850,5,370,37.795,2026-07-17 19:22:27.718562-05,2026-07-17 19:22:27.718562-05,script,
1851,6,1,415.165,2026-07-17 19:22:27.718562-05,2026-07-17 19:22:27.718562-05,script,
1852,6,2,403.075,2026-07-17 19:22:27.718562-05,2026-07-17 19:22:27.718562-05,script,
1853,6,3,302.719,2026-07-17 19:22:27.718562-05,2026-07-17 19:22:27.718562-05,script,
1854,6,4,267.737,2026-07-17 19:22:27.718562-05,2026-07-17 19:22:27.718562-05,script,
1855,6,5,330.668,2026-07-17 19:22:27.718562-05,2026-07-17 19:22:27.718562-05,script,
1856,6,6,401.544,2026-07-17 19:22:27.718562-05,2026-07-17 19:22:27.718562-05,script,
1857,6,7,252.098,2026-07-17 19:22:27.718562-05,2026-07-17 19:22:27.718562-05,script,
1858,6,8,432.555,2026-07-17 19:22:27.718562-05,2026-07-17 19:22:27.718562-05,script,
1859,6,9,329.791,2026-07-17 19:22:27.718562-05,2026-07-17 19:22:27.718562-05,script,
1860,6,10,387.904,2026-07-17 19:22:27.718562-05,2026-07-17 19:22:27.718562-05,script,
1861,6,11,322.143,2026-07-17 19:22:27.718562-05,2026-07-17 19:22:27.718562-05,script,
1862,6,12,330.247,2026-07-17 19:22:27.718562-05,2026-07-17 19:22:27.718562-05,script,
1863,6,13,355.913,2026-07-17 19:22:27.718562-05,2026-07-17 19:22:27.718562-05,script,
1864,6,14,249.978,2026-07-17 19:22:27.718562-05,2026-07-17 19:22:27.718562-05,script,
1865,6,15,509.159,2026-07-17 19:22:27.718562-05,2026-07-17 19:22:27.718562-05,script,
1866,6,16,270.221,2026-07-17 19:22:27.718562-05,2026-07-17 19:22:27.718562-05,script,
1867,6,17,524.038,2026-07-17 19:22:27.718562-05,2026-07-17 19:22:27.718562-05,script,
1868,6,18,500.548,2026-07-17 19:22:27.718562-05,2026-07-17 19:22:27.718562-05,script,
1869,6,19,196.931,2026-07-17 19:22:27.718562-05,2026-07-17 19:22:27.718562-05,script,
1870,6,20,440.432,2026-07-17 19:22:27.718562-05,2026-07-17 19:22:27.718562-05,script,
1871,6,21,542.535,2026-07-17 19:22:27.718562-05,2026-07-17 19:22:27.718562-05,script,
1872,6,22,366.293,2026-07-17 19:22:27.718562-05,2026-07-17 19:22:27.718562-05,script,
1873,6,23,502.041,2026-07-17 19:22:27.718562-05,2026-07-17 19:22:27.718562-05,script,
1874,6,24,483.050,2026-07-17 19:22:27.718562-05,2026-07-17 19:22:27.718562-05,script,
1875,6,25,184.949,2026-07-17 19:22:27.718562-05,2026-07-17 19:22:27.718562-05,script,
1876,6,26,314.708,2026-07-17 19:22:27.718562-05,2026-07-17 19:22:27.718562-05,script,
1877,6,27,479.397,2026-07-17 19:22:27.718562-05,2026-07-17 19:22:27.718562-05,script,
1878,6,28,403.717,2026-07-17 19:22:27.718562-05,2026-07-17 19:22:27.718562-05,script,
1879,6,29,183.844,2026-07-17 19:22:27.718562-05,2026-07-17 19:22:27.718562-05,script,
1880,6,30,325.090,2026-07-17 19:22:27.718562-05,2026-07-17 19:22:27.718562-05,script,
1881,6,31,167.357,2026-07-17 19:22:27.718562-05,2026-07-17 19:22:27.718562-05,script,
1882,6,32,489.626,2026-07-17 19:22:27.718562-05,2026-07-17 19:22:27.718562-05,script,
1883,6,33,487.464,2026-07-17 19:22:27.718562-05,2026-07-17 19:22:27.718562-05,script,
1884,6,34,278.394,2026-07-17 19:22:27.718562-05,2026-07-17 19:22:27.718562-05,script,
1885,6,35,426.868,2026-07-17 19:22:27.718562-05,2026-07-17 19:22:27.718562-05,script,
1886,6,36,246.206,2026-07-17 19:22:27.718562-05,2026-07-17 19:22:27.718562-05,script,
1887,6,37,262.032,2026-07-17 19:22:27.718562-05,2026-07-17 19:22:27.718562-05,script,
1888,6,38,429.513,2026-07-17 19:22:27.718562-05,2026-07-17 19:22:27.718562-05,script,
1889,6,39,227.298,2026-07-17 19:22:27.718562-05,2026-07-17 19:22:27.718562-05,script,
1890,6,40,170.998,2026-07-17 19:22:27.718562-05,2026-07-17 19:22:27.718562-05,script,
1891,6,41,497.964,2026-07-17 19:22:27.718562-05,2026-07-17 19:22:27.718562-05,script,
1892,6,42,386.554,2026-07-17 19:22:27.718562-05,2026-07-17 19:22:27.718562-05,script,
1893,6,43,430.583,2026-07-17 19:22:27.718562-05,2026-07-17 19:22:27.718562-05,script,
1894,6,44,459.543,2026-07-17 19:22:27.718562-05,2026-07-17 19:22:27.718562-05,script,
1895,6,45,223.764,2026-07-17 19:22:27.718562-05,2026-07-17 19:22:27.718562-05,script,
1896,6,46,151.164,2026-07-17 19:22:27.718562-05,2026-07-17 19:22:27.718562-05,script,
1897,6,47,381.555,2026-07-17 19:22:27.718562-05,2026-07-17 19:22:27.718562-05,script,
1898,6,48,348.437,2026-07-17 19:22:27.718562-05,2026-07-17 19:22:27.718562-05,script,
1899,6,49,241.170,2026-07-17 19:22:27.718562-05,2026-07-17 19:22:27.718562-05,script,
1900,6,50,363.874,2026-07-17 19:22:27.718562-05,2026-07-17 19:22:27.718562-05,script,
1901,6,51,286.841,2026-07-17 19:22:27.718562-05,2026-07-17 19:22:27.718562-05,script,
1902,6,52,275.082,2026-07-17 19:22:27.718562-05,2026-07-17 19:22:27.718562-05,script,
1903,6,53,423.141,2026-07-17 19:22:27.718562-05,2026-07-17 19:22:27.718562-05,script,
1904,6,54,170.557,2026-07-17 19:22:27.718562-05,2026-07-17 19:22:27.718562-05,script,
1905,6,55,317.604,2026-07-17 19:22:27.718562-05,2026-07-17 19:22:27.718562-05,script,
1906,6,56,308.821,2026-07-17 19:22:27.718562-05,2026-07-17 19:22:27.718562-05,script,
1907,6,57,192.984,2026-07-17 19:22:27.718562-05,2026-07-17 19:22:27.718562-05,script,
1908,6,58,218.758,2026-07-17 19:22:27.718562-05,2026-07-17 19:22:27.718562-05,script,
1909,6,59,536.708,2026-07-17 19:22:27.718562-05,2026-07-17 19:22:27.718562-05,script,
1910,6,60,380.922,2026-07-17 19:22:27.718562-05,2026-07-17 19:22:27.718562-05,script,
1911,6,61,306.843,2026-07-17 19:22:27.718562-05,2026-07-17 19:22:27.718562-05,script,
1912,6,62,181.509,2026-07-17 19:22:27.718562-05,2026-07-17 19:22:27.718562-05,script,
1913,6,63,198.504,2026-07-17 19:22:27.718562-05,2026-07-17 19:22:27.718562-05,script,
1914,6,64,495.914,2026-07-17 19:22:27.718562-05,2026-07-17 19:22:27.718562-05,script,
1915,6,65,544.769,2026-07-17 19:22:27.718562-05,2026-07-17 19:22:27.718562-05,script,
1916,6,66,271.844,2026-07-17 19:22:27.718562-05,2026-07-17 19:22:27.718562-05,script,
1917,6,67,477.675,2026-07-17 19:22:27.718562-05,2026-07-17 19:22:27.718562-05,script,
1918,6,68,520.534,2026-07-17 19:22:27.718562-05,2026-07-17 19:22:27.718562-05,script,
1919,6,69,174.571,2026-07-17 19:22:27.718562-05,2026-07-17 19:22:27.718562-05,script,
1920,6,70,498.314,2026-07-17 19:22:27.718562-05,2026-07-17 19:22:27.718562-05,script,
1921,6,71,471.077,2026-07-17 19:22:27.718562-05,2026-07-17 19:22:27.718562-05,script,
1922,6,72,296.891,2026-07-17 19:22:27.718562-05,2026-07-17 19:22:27.718562-05,script,
1923,6,73,329.656,2026-07-17 19:22:27.718562-05,2026-07-17 19:22:27.718562-05,script,
1924,6,74,461.874,2026-07-17 19:22:27.718562-05,2026-07-17 19:22:27.718562-05,script,
1925,6,75,473.581,2026-07-17 19:22:27.718562-05,2026-07-17 19:22:27.718562-05,script,
1926,6,76,44.792,2026-07-17 19:22:27.718562-05,2026-07-17 19:22:27.718562-05,script,
1927,6,77,77.977,2026-07-17 19:22:27.718562-05,2026-07-17 19:22:27.718562-05,script,
1928,6,78,41.433,2026-07-17 19:22:27.718562-05,2026-07-17 19:22:27.718562-05,script,
1929,6,79,55.482,2026-07-17 19:22:27.718562-05,2026-07-17 19:22:27.718562-05,script,
1930,6,80,67.904,2026-07-17 19:22:27.718562-05,2026-07-17 19:22:27.718562-05,script,
1931,6,81,25.730,2026-07-17 19:22:27.718562-05,2026-07-17 19:22:27.718562-05,script,
1932,6,82,18.240,2026-07-17 19:22:27.718562-05,2026-07-17 19:22:27.718562-05,script,
1933,6,83,41.235,2026-07-17 19:22:27.718562-05,2026-07-17 19:22:27.718562-05,script,
1934,6,84,37.791,2026-07-17 19:22:27.718562-05,2026-07-17 19:22:27.718562-05,script,
1935,6,85,31.189,2026-07-17 19:22:27.718562-05,2026-07-17 19:22:27.718562-05,script,
1936,6,86,37.646,2026-07-17 19:22:27.718562-05,2026-07-17 19:22:27.718562-05,script,
1937,6,87,40.172,2026-07-17 19:22:27.718562-05,2026-07-17 19:22:27.718562-05,script,
1938,6,88,31.353,2026-07-17 19:22:27.718562-05,2026-07-17 19:22:27.718562-05,script,
1939,6,89,74.248,2026-07-17 19:22:27.718562-05,2026-07-17 19:22:27.718562-05,script,
1940,6,90,10.403,2026-07-17 19:22:27.718562-05,2026-07-17 19:22:27.718562-05,script,
1941,6,91,73.890,2026-07-17 19:22:27.718562-05,2026-07-17 19:22:27.718562-05,script,
1942,6,92,29.070,2026-07-17 19:22:27.718562-05,2026-07-17 19:22:27.718562-05,script,
1943,6,93,50.459,2026-07-17 19:22:27.718562-05,2026-07-17 19:22:27.718562-05,script,
1944,6,94,77.880,2026-07-17 19:22:27.718562-05,2026-07-17 19:22:27.718562-05,script,
1945,6,95,52.083,2026-07-17 19:22:27.718562-05,2026-07-17 19:22:27.718562-05,script,
1946,6,96,21.111,2026-07-17 19:22:27.718562-05,2026-07-17 19:22:27.718562-05,script,
1947,6,97,73.893,2026-07-17 19:22:27.718562-05,2026-07-17 19:22:27.718562-05,script,
1948,6,98,21.105,2026-07-17 19:22:27.718562-05,2026-07-17 19:22:27.718562-05,script,
1949,6,99,39.250,2026-07-17 19:22:27.718562-05,2026-07-17 19:22:27.718562-05,script,
1950,6,100,73.472,2026-07-17 19:22:27.718562-05,2026-07-17 19:22:27.718562-05,script,
1951,6,101,13.038,2026-07-17 19:22:27.718562-05,2026-07-17 19:22:27.718562-05,script,
1952,6,102,26.720,2026-07-17 19:22:27.718562-05,2026-07-17 19:22:27.718562-05,script,
1953,6,103,58.207,2026-07-17 19:22:27.718562-05,2026-07-17 19:22:27.718562-05,script,
1954,6,104,32.073,2026-07-17 19:22:27.718562-05,2026-07-17 19:22:27.718562-05,script,
1955,6,105,55.382,2026-07-17 19:22:27.718562-05,2026-07-17 19:22:27.718562-05,script,
1956,6,106,35.192,2026-07-17 19:22:27.718562-05,2026-07-17 19:22:27.718562-05,script,
1957,6,107,68.298,2026-07-17 19:22:27.718562-05,2026-07-17 19:22:27.718562-05,script,
1958,6,108,44.895,2026-07-17 19:22:27.718562-05,2026-07-17 19:22:27.718562-05,script,
1959,6,109,45.443,2026-07-17 19:22:27.718562-05,2026-07-17 19:22:27.718562-05,script,
1960,6,110,23.858,2026-07-17 19:22:27.718562-05,2026-07-17 19:22:27.718562-05,script,
1961,6,111,38.984,2026-07-17 19:22:27.718562-05,2026-07-17 19:22:27.718562-05,script,
1962,6,112,72.351,2026-07-17 19:22:27.718562-05,2026-07-17 19:22:27.718562-05,script,
1963,6,113,79.426,2026-07-17 19:22:27.718562-05,2026-07-17 19:22:27.718562-05,script,
1964,6,114,57.424,2026-07-17 19:22:27.718562-05,2026-07-17 19:22:27.718562-05,script,
1965,6,115,65.408,2026-07-17 19:22:27.718562-05,2026-07-17 19:22:27.718562-05,script,
1966,6,116,65.086,2026-07-17 19:22:27.718562-05,2026-07-17 19:22:27.718562-05,script,
1967,6,117,67.560,2026-07-17 19:22:27.718562-05,2026-07-17 19:22:27.718562-05,script,
1968,6,118,37.593,2026-07-17 19:22:27.718562-05,2026-07-17 19:22:27.718562-05,script,
1969,6,119,19.664,2026-07-17 19:22:27.718562-05,2026-07-17 19:22:27.718562-05,script,
1970,6,120,70.501,2026-07-17 19:22:27.718562-05,2026-07-17 19:22:27.718562-05,script,
1971,6,121,71.909,2026-07-17 19:22:27.718562-05,2026-07-17 19:22:27.718562-05,script,
1972,6,122,32.418,2026-07-17 19:22:27.718562-05,2026-07-17 19:22:27.718562-05,script,
1973,6,123,51.484,2026-07-17 19:22:27.718562-05,2026-07-17 19:22:27.718562-05,script,
1974,6,124,73.375,2026-07-17 19:22:27.718562-05,2026-07-17 19:22:27.718562-05,script,
1975,6,125,68.470,2026-07-17 19:22:27.718562-05,2026-07-17 19:22:27.718562-05,script,
1976,6,126,25.912,2026-07-17 19:22:27.718562-05,2026-07-17 19:22:27.718562-05,script,
1977,6,127,77.222,2026-07-17 19:22:27.718562-05,2026-07-17 19:22:27.718562-05,script,
1978,6,128,73.688,2026-07-17 19:22:27.718562-05,2026-07-17 19:22:27.718562-05,script,
1979,6,129,64.489,2026-07-17 19:22:27.718562-05,2026-07-17 19:22:27.718562-05,script,
1980,6,130,24.767,2026-07-17 19:22:27.718562-05,2026-07-17 19:22:27.718562-05,script,
1981,6,131,57.604,2026-07-17 19:22:27.718562-05,2026-07-17 19:22:27.718562-05,script,
1982,6,132,28.587,2026-07-17 19:22:27.718562-05,2026-07-17 19:22:27.718562-05,script,
1983,6,133,35.475,2026-07-17 19:22:27.718562-05,2026-07-17 19:22:27.718562-05,script,
1984,6,134,72.260,2026-07-17 19:22:27.718562-05,2026-07-17 19:22:27.718562-05,script,
1985,6,135,29.652,2026-07-17 19:22:27.718562-05,2026-07-17 19:22:27.718562-05,script,
1986,6,136,27.333,2026-07-17 19:22:27.718562-05,2026-07-17 19:22:27.718562-05,script,
1987,6,137,22.397,2026-07-17 19:22:27.718562-05,2026-07-17 19:22:27.718562-05,script,
1988,6,138,74.465,2026-07-17 19:22:27.718562-05,2026-07-17 19:22:27.718562-05,script,
1989,6,139,65.995,2026-07-17 19:22:27.718562-05,2026-07-17 19:22:27.718562-05,script,
1990,6,140,56.893,2026-07-17 19:22:27.718562-05,2026-07-17 19:22:27.718562-05,script,
1991,6,141,55.972,2026-07-17 19:22:27.718562-05,2026-07-17 19:22:27.718562-05,script,
1992,6,142,50.970,2026-07-17 19:22:27.718562-05,2026-07-17 19:22:27.718562-05,script,
1993,6,143,43.143,2026-07-17 19:22:27.718562-05,2026-07-17 19:22:27.718562-05,script,
1994,6,144,79.549,2026-07-17 19:22:27.718562-05,2026-07-17 19:22:27.718562-05,script,
1995,6,145,69.627,2026-07-17 19:22:27.718562-05,2026-07-17 19:22:27.718562-05,script,
1996,6,146,41.606,2026-07-17 19:22:27.718562-05,2026-07-17 19:22:27.718562-05,script,
1997,6,147,66.595,2026-07-17 19:22:27.718562-05,2026-07-17 19:22:27.718562-05,script,
1998,6,148,13.820,2026-07-17 19:22:27.718562-05,2026-07-17 19:22:27.718562-05,script,
1999,6,149,43.715,2026-07-17 19:22:27.718562-05,2026-07-17 19:22:27.718562-05,script,
2000,6,150,50.177,2026-07-17 19:22:27.718562-05,2026-07-17 19:22:27.718562-05,script,
2001,6,151,531.257,2026-07-17 19:22:27.718562-05,2026-07-17 19:22:27.718562-05,script,
2002,6,152,377.207,2026-07-17 19:22:27.718562-05,2026-07-17 19:22:27.718562-05,script,
2003,6,153,453.626,2026-07-17 19:22:27.718562-05,2026-07-17 19:22:27.718562-05,script,
2004,6,154,480.246,2026-07-17 19:22:27.718562-05,2026-07-17 19:22:27.718562-05,script,
2005,6,155,286.848,2026-07-17 19:22:27.718562-05,2026-07-17 19:22:27.718562-05,script,
2006,6,156,235.111,2026-07-17 19:22:27.718562-05,2026-07-17 19:22:27.718562-05,script,
2007,6,157,208.749,2026-07-17 19:22:27.718562-05,2026-07-17 19:22:27.718562-05,script,
2008,6,158,485.496,2026-07-17 19:22:27.718562-05,2026-07-17 19:22:27.718562-05,script,
2009,6,159,243.369,2026-07-17 19:22:27.718562-05,2026-07-17 19:22:27.718562-05,script,
2010,6,160,439.086,2026-07-17 19:22:27.718562-05,2026-07-17 19:22:27.718562-05,script,
2011,6,161,298.030,2026-07-17 19:22:27.718562-05,2026-07-17 19:22:27.718562-05,script,
2012,6,162,299.025,2026-07-17 19:22:27.718562-05,2026-07-17 19:22:27.718562-05,script,
2013,6,163,390.183,2026-07-17 19:22:27.718562-05,2026-07-17 19:22:27.718562-05,script,
2014,6,164,189.608,2026-07-17 19:22:27.718562-05,2026-07-17 19:22:27.718562-05,script,
2015,6,165,482.808,2026-07-17 19:22:27.718562-05,2026-07-17 19:22:27.718562-05,script,
2016,6,166,219.434,2026-07-17 19:22:27.718562-05,2026-07-17 19:22:27.718562-05,script,
2017,6,167,264.724,2026-07-17 19:22:27.718562-05,2026-07-17 19:22:27.718562-05,script,
2018,6,168,401.451,2026-07-17 19:22:27.718562-05,2026-07-17 19:22:27.718562-05,script,
2019,6,169,520.093,2026-07-17 19:22:27.718562-05,2026-07-17 19:22:27.718562-05,script,
2020,6,170,437.193,2026-07-17 19:22:27.718562-05,2026-07-17 19:22:27.718562-05,script,
2021,6,171,238.037,2026-07-17 19:22:27.718562-05,2026-07-17 19:22:27.718562-05,script,
2022,6,172,465.806,2026-07-17 19:22:27.718562-05,2026-07-17 19:22:27.718562-05,script,
2023,6,173,184.282,2026-07-17 19:22:27.718562-05,2026-07-17 19:22:27.718562-05,script,
2024,6,174,194.995,2026-07-17 19:22:27.718562-05,2026-07-17 19:22:27.718562-05,script,
2025,6,175,322.139,2026-07-17 19:22:27.718562-05,2026-07-17 19:22:27.718562-05,script,
2026,6,176,511.354,2026-07-17 19:22:27.718562-05,2026-07-17 19:22:27.718562-05,script,
2027,6,177,186.799,2026-07-17 19:22:27.718562-05,2026-07-17 19:22:27.718562-05,script,
2028,6,178,445.541,2026-07-17 19:22:27.718562-05,2026-07-17 19:22:27.718562-05,script,
2029,6,179,391.383,2026-07-17 19:22:27.718562-05,2026-07-17 19:22:27.718562-05,script,
2030,6,180,480.266,2026-07-17 19:22:27.718562-05,2026-07-17 19:22:27.718562-05,script,
2031,6,181,517.493,2026-07-17 19:22:27.718562-05,2026-07-17 19:22:27.718562-05,script,
2032,6,182,283.876,2026-07-17 19:22:27.718562-05,2026-07-17 19:22:27.718562-05,script,
2033,6,183,399.283,2026-07-17 19:22:27.718562-05,2026-07-17 19:22:27.718562-05,script,
2034,6,184,317.259,2026-07-17 19:22:27.718562-05,2026-07-17 19:22:27.718562-05,script,
2035,6,185,351.482,2026-07-17 19:22:27.718562-05,2026-07-17 19:22:27.718562-05,script,
2036,6,186,528.559,2026-07-17 19:22:27.718562-05,2026-07-17 19:22:27.718562-05,script,
2037,6,187,345.121,2026-07-17 19:22:27.718562-05,2026-07-17 19:22:27.718562-05,script,
2038,6,188,484.321,2026-07-17 19:22:27.718562-05,2026-07-17 19:22:27.718562-05,script,
2039,6,189,350.050,2026-07-17 19:22:27.718562-05,2026-07-17 19:22:27.718562-05,script,
2040,6,190,198.612,2026-07-17 19:22:27.718562-05,2026-07-17 19:22:27.718562-05,script,
2041,6,191,416.108,2026-07-17 19:22:27.718562-05,2026-07-17 19:22:27.718562-05,script,
2042,6,192,465.826,2026-07-17 19:22:27.718562-05,2026-07-17 19:22:27.718562-05,script,
2043,6,193,248.226,2026-07-17 19:22:27.718562-05,2026-07-17 19:22:27.718562-05,script,
2044,6,194,265.912,2026-07-17 19:22:27.718562-05,2026-07-17 19:22:27.718562-05,script,
2045,6,195,352.001,2026-07-17 19:22:27.718562-05,2026-07-17 19:22:27.718562-05,script,
2046,6,196,508.468,2026-07-17 19:22:27.718562-05,2026-07-17 19:22:27.718562-05,script,
2047,6,197,540.006,2026-07-17 19:22:27.718562-05,2026-07-17 19:22:27.718562-05,script,
2048,6,198,345.026,2026-07-17 19:22:27.718562-05,2026-07-17 19:22:27.718562-05,script,
2049,6,199,544.129,2026-07-17 19:22:27.718562-05,2026-07-17 19:22:27.718562-05,script,
2050,6,200,346.286,2026-07-17 19:22:27.718562-05,2026-07-17 19:22:27.718562-05,script,
2051,6,201,538.791,2026-07-17 19:22:27.718562-05,2026-07-17 19:22:27.718562-05,script,
2052,6,202,314.957,2026-07-17 19:22:27.718562-05,2026-07-17 19:22:27.718562-05,script,
2053,6,203,420.060,2026-07-17 19:22:27.718562-05,2026-07-17 19:22:27.718562-05,script,
2054,6,204,342.813,2026-07-17 19:22:27.718562-05,2026-07-17 19:22:27.718562-05,script,
2055,6,205,167.154,2026-07-17 19:22:27.718562-05,2026-07-17 19:22:27.718562-05,script,
2056,6,206,260.292,2026-07-17 19:22:27.718562-05,2026-07-17 19:22:27.718562-05,script,
2057,6,207,312.224,2026-07-17 19:22:27.718562-05,2026-07-17 19:22:27.718562-05,script,
2058,6,208,217.801,2026-07-17 19:22:27.718562-05,2026-07-17 19:22:27.718562-05,script,
2059,6,209,429.746,2026-07-17 19:22:27.718562-05,2026-07-17 19:22:27.718562-05,script,
2060,6,210,480.934,2026-07-17 19:22:27.718562-05,2026-07-17 19:22:27.718562-05,script,
2061,6,211,371.689,2026-07-17 19:22:27.718562-05,2026-07-17 19:22:27.718562-05,script,
2062,6,212,430.566,2026-07-17 19:22:27.718562-05,2026-07-17 19:22:27.718562-05,script,
2063,6,213,347.249,2026-07-17 19:22:27.718562-05,2026-07-17 19:22:27.718562-05,script,
2064,6,214,386.801,2026-07-17 19:22:27.718562-05,2026-07-17 19:22:27.718562-05,script,
2065,6,215,187.161,2026-07-17 19:22:27.718562-05,2026-07-17 19:22:27.718562-05,script,
2066,6,216,522.124,2026-07-17 19:22:27.718562-05,2026-07-17 19:22:27.718562-05,script,
2067,6,217,417.821,2026-07-17 19:22:27.718562-05,2026-07-17 19:22:27.718562-05,script,
2068,6,218,420.581,2026-07-17 19:22:27.718562-05,2026-07-17 19:22:27.718562-05,script,
2069,6,219,150.166,2026-07-17 19:22:27.718562-05,2026-07-17 19:22:27.718562-05,script,
2070,6,220,260.670,2026-07-17 19:22:27.718562-05,2026-07-17 19:22:27.718562-05,script,
2071,6,221,345.137,2026-07-17 19:22:27.718562-05,2026-07-17 19:22:27.718562-05,script,
2072,6,222,306.833,2026-07-17 19:22:27.718562-05,2026-07-17 19:22:27.718562-05,script,
2073,6,223,537.894,2026-07-17 19:22:27.718562-05,2026-07-17 19:22:27.718562-05,script,
2074,6,224,162.901,2026-07-17 19:22:27.718562-05,2026-07-17 19:22:27.718562-05,script,
2075,6,225,469.596,2026-07-17 19:22:27.718562-05,2026-07-17 19:22:27.718562-05,script,
2076,6,226,192.731,2026-07-17 19:22:27.718562-05,2026-07-17 19:22:27.718562-05,script,
2077,6,227,141.581,2026-07-17 19:22:27.718562-05,2026-07-17 19:22:27.718562-05,script,
2078,6,228,93.974,2026-07-17 19:22:27.718562-05,2026-07-17 19:22:27.718562-05,script,
2079,6,229,103.870,2026-07-17 19:22:27.718562-05,2026-07-17 19:22:27.718562-05,script,
2080,6,230,181.885,2026-07-17 19:22:27.718562-05,2026-07-17 19:22:27.718562-05,script,
2081,6,231,177.115,2026-07-17 19:22:27.718562-05,2026-07-17 19:22:27.718562-05,script,
2082,6,232,138.673,2026-07-17 19:22:27.718562-05,2026-07-17 19:22:27.718562-05,script,
2083,6,233,62.908,2026-07-17 19:22:27.718562-05,2026-07-17 19:22:27.718562-05,script,
2084,6,234,145.091,2026-07-17 19:22:27.718562-05,2026-07-17 19:22:27.718562-05,script,
2085,6,235,75.011,2026-07-17 19:22:27.718562-05,2026-07-17 19:22:27.718562-05,script,
2086,6,236,83.344,2026-07-17 19:22:27.718562-05,2026-07-17 19:22:27.718562-05,script,
2087,6,237,146.018,2026-07-17 19:22:27.718562-05,2026-07-17 19:22:27.718562-05,script,
2088,6,238,208.565,2026-07-17 19:22:27.718562-05,2026-07-17 19:22:27.718562-05,script,
2089,6,239,76.761,2026-07-17 19:22:27.718562-05,2026-07-17 19:22:27.718562-05,script,
2090,6,240,185.165,2026-07-17 19:22:27.718562-05,2026-07-17 19:22:27.718562-05,script,
2091,6,241,235.882,2026-07-17 19:22:27.718562-05,2026-07-17 19:22:27.718562-05,script,
2092,6,242,124.604,2026-07-17 19:22:27.718562-05,2026-07-17 19:22:27.718562-05,script,
2093,6,243,111.262,2026-07-17 19:22:27.718562-05,2026-07-17 19:22:27.718562-05,script,
2094,6,244,160.573,2026-07-17 19:22:27.718562-05,2026-07-17 19:22:27.718562-05,script,
2095,6,245,145.119,2026-07-17 19:22:27.718562-05,2026-07-17 19:22:27.718562-05,script,
2096,6,246,206.223,2026-07-17 19:22:27.718562-05,2026-07-17 19:22:27.718562-05,script,
2097,6,247,185.129,2026-07-17 19:22:27.718562-05,2026-07-17 19:22:27.718562-05,script,
2098,6,248,92.926,2026-07-17 19:22:27.718562-05,2026-07-17 19:22:27.718562-05,script,
2099,6,249,117.547,2026-07-17 19:22:27.718562-05,2026-07-17 19:22:27.718562-05,script,
2100,6,250,223.204,2026-07-17 19:22:27.718562-05,2026-07-17 19:22:27.718562-05,script,
2101,6,251,62.773,2026-07-17 19:22:27.718562-05,2026-07-17 19:22:27.718562-05,script,
2102,6,252,237.923,2026-07-17 19:22:27.718562-05,2026-07-17 19:22:27.718562-05,script,
2103,6,253,175.422,2026-07-17 19:22:27.718562-05,2026-07-17 19:22:27.718562-05,script,
2104,6,254,198.997,2026-07-17 19:22:27.718562-05,2026-07-17 19:22:27.718562-05,script,
2105,6,255,136.349,2026-07-17 19:22:27.718562-05,2026-07-17 19:22:27.718562-05,script,
2106,6,256,205.203,2026-07-17 19:22:27.718562-05,2026-07-17 19:22:27.718562-05,script,
2107,6,257,172.120,2026-07-17 19:22:27.718562-05,2026-07-17 19:22:27.718562-05,script,
2108,6,258,123.598,2026-07-17 19:22:27.718562-05,2026-07-17 19:22:27.718562-05,script,
2109,6,259,135.861,2026-07-17 19:22:27.718562-05,2026-07-17 19:22:27.718562-05,script,
2110,6,260,82.768,2026-07-17 19:22:27.718562-05,2026-07-17 19:22:27.718562-05,script,
2111,6,261,106.063,2026-07-17 19:22:27.718562-05,2026-07-17 19:22:27.718562-05,script,
2112,6,262,181.800,2026-07-17 19:22:27.718562-05,2026-07-17 19:22:27.718562-05,script,
2113,6,263,104.988,2026-07-17 19:22:27.718562-05,2026-07-17 19:22:27.718562-05,script,
2114,6,264,171.131,2026-07-17 19:22:27.718562-05,2026-07-17 19:22:27.718562-05,script,
2115,6,265,109.372,2026-07-17 19:22:27.718562-05,2026-07-17 19:22:27.718562-05,script,
2116,6,266,150.660,2026-07-17 19:22:27.718562-05,2026-07-17 19:22:27.718562-05,script,
2117,6,267,128.005,2026-07-17 19:22:27.718562-05,2026-07-17 19:22:27.718562-05,script,
2118,6,268,110.663,2026-07-17 19:22:27.718562-05,2026-07-17 19:22:27.718562-05,script,
2119,6,269,96.085,2026-07-17 19:22:27.718562-05,2026-07-17 19:22:27.718562-05,script,
2120,6,270,81.117,2026-07-17 19:22:27.718562-05,2026-07-17 19:22:27.718562-05,script,
2121,6,271,123.724,2026-07-17 19:22:27.718562-05,2026-07-17 19:22:27.718562-05,script,
2122,6,272,98.698,2026-07-17 19:22:27.718562-05,2026-07-17 19:22:27.718562-05,script,
2123,6,273,220.515,2026-07-17 19:22:27.718562-05,2026-07-17 19:22:27.718562-05,script,
2124,6,274,159.464,2026-07-17 19:22:27.718562-05,2026-07-17 19:22:27.718562-05,script,
2125,6,275,92.519,2026-07-17 19:22:27.718562-05,2026-07-17 19:22:27.718562-05,script,
2126,6,276,139.239,2026-07-17 19:22:27.718562-05,2026-07-17 19:22:27.718562-05,script,
2127,6,277,229.739,2026-07-17 19:22:27.718562-05,2026-07-17 19:22:27.718562-05,script,
2128,6,278,66.347,2026-07-17 19:22:27.718562-05,2026-07-17 19:22:27.718562-05,script,
2129,6,279,95.446,2026-07-17 19:22:27.718562-05,2026-07-17 19:22:27.718562-05,script,
2130,6,280,162.066,2026-07-17 19:22:27.718562-05,2026-07-17 19:22:27.718562-05,script,
2131,6,281,45.104,2026-07-17 19:22:27.718562-05,2026-07-17 19:22:27.718562-05,script,
2132,6,282,21.023,2026-07-17 19:22:27.718562-05,2026-07-17 19:22:27.718562-05,script,
2133,6,283,79.353,2026-07-17 19:22:27.718562-05,2026-07-17 19:22:27.718562-05,script,
2134,6,284,54.248,2026-07-17 19:22:27.718562-05,2026-07-17 19:22:27.718562-05,script,
2135,6,285,47.149,2026-07-17 19:22:27.718562-05,2026-07-17 19:22:27.718562-05,script,
2136,6,286,45.017,2026-07-17 19:22:27.718562-05,2026-07-17 19:22:27.718562-05,script,
2137,6,287,37.305,2026-07-17 19:22:27.718562-05,2026-07-17 19:22:27.718562-05,script,
2138,6,288,51.671,2026-07-17 19:22:27.718562-05,2026-07-17 19:22:27.718562-05,script,
2139,6,289,42.152,2026-07-17 19:22:27.718562-05,2026-07-17 19:22:27.718562-05,script,
2140,6,290,21.082,2026-07-17 19:22:27.718562-05,2026-07-17 19:22:27.718562-05,script,
2141,6,291,11.025,2026-07-17 19:22:27.718562-05,2026-07-17 19:22:27.718562-05,script,
2142,6,292,57.681,2026-07-17 19:22:27.718562-05,2026-07-17 19:22:27.718562-05,script,
2143,6,293,56.669,2026-07-17 19:22:27.718562-05,2026-07-17 19:22:27.718562-05,script,
2144,6,294,76.802,2026-07-17 19:22:27.718562-05,2026-07-17 19:22:27.718562-05,script,
2145,6,295,38.795,2026-07-17 19:22:27.718562-05,2026-07-17 19:22:27.718562-05,script,
2146,6,296,59.903,2026-07-17 19:22:27.718562-05,2026-07-17 19:22:27.718562-05,script,
2147,6,297,27.464,2026-07-17 19:22:27.718562-05,2026-07-17 19:22:27.718562-05,script,
2148,6,298,67.032,2026-07-17 19:22:27.718562-05,2026-07-17 19:22:27.718562-05,script,
2149,6,299,75.038,2026-07-17 19:22:27.718562-05,2026-07-17 19:22:27.718562-05,script,
2150,6,300,51.355,2026-07-17 19:22:27.718562-05,2026-07-17 19:22:27.718562-05,script,
2151,6,301,41.583,2026-07-17 19:22:27.718562-05,2026-07-17 19:22:27.718562-05,script,
2152,6,302,10.618,2026-07-17 19:22:27.718562-05,2026-07-17 19:22:27.718562-05,script,
2153,6,303,49.326,2026-07-17 19:22:27.718562-05,2026-07-17 19:22:27.718562-05,script,
2154,6,304,34.189,2026-07-17 19:22:27.718562-05,2026-07-17 19:22:27.718562-05,script,
2155,6,305,39.867,2026-07-17 19:22:27.718562-05,2026-07-17 19:22:27.718562-05,script,
2156,6,306,74.530,2026-07-17 19:22:27.718562-05,2026-07-17 19:22:27.718562-05,script,
2157,6,307,14.061,2026-07-17 19:22:27.718562-05,2026-07-17 19:22:27.718562-05,script,
2158,6,308,43.113,2026-07-17 19:22:27.718562-05,2026-07-17 19:22:27.718562-05,script,
2159,6,309,76.015,2026-07-17 19:22:27.718562-05,2026-07-17 19:22:27.718562-05,script,
2160,6,310,60.639,2026-07-17 19:22:27.718562-05,2026-07-17 19:22:27.718562-05,script,
2161,6,311,15.946,2026-07-17 19:22:27.718562-05,2026-07-17 19:22:27.718562-05,script,
2162,6,312,61.872,2026-07-17 19:22:27.718562-05,2026-07-17 19:22:27.718562-05,script,
2163,6,313,22.668,2026-07-17 19:22:27.718562-05,2026-07-17 19:22:27.718562-05,script,
2164,6,314,61.581,2026-07-17 19:22:27.718562-05,2026-07-17 19:22:27.718562-05,script,
2165,6,315,45.878,2026-07-17 19:22:27.718562-05,2026-07-17 19:22:27.718562-05,script,
2166,6,316,19.814,2026-07-17 19:22:27.718562-05,2026-07-17 19:22:27.718562-05,script,
2167,6,317,72.208,2026-07-17 19:22:27.718562-05,2026-07-17 19:22:27.718562-05,script,
2168,6,318,50.951,2026-07-17 19:22:27.718562-05,2026-07-17 19:22:27.718562-05,script,
2169,6,319,28.511,2026-07-17 19:22:27.718562-05,2026-07-17 19:22:27.718562-05,script,
2170,6,320,23.320,2026-07-17 19:22:27.718562-05,2026-07-17 19:22:27.718562-05,script,
2171,6,321,13.358,2026-07-17 19:22:27.718562-05,2026-07-17 19:22:27.718562-05,script,
2172,6,322,18.114,2026-07-17 19:22:27.718562-05,2026-07-17 19:22:27.718562-05,script,
2173,6,323,56.545,2026-07-17 19:22:27.718562-05,2026-07-17 19:22:27.718562-05,script,
2174,6,324,49.433,2026-07-17 19:22:27.718562-05,2026-07-17 19:22:27.718562-05,script,
2175,6,325,75.822,2026-07-17 19:22:27.718562-05,2026-07-17 19:22:27.718562-05,script,
2176,6,326,60.145,2026-07-17 19:22:27.718562-05,2026-07-17 19:22:27.718562-05,script,
2177,6,327,76.547,2026-07-17 19:22:27.718562-05,2026-07-17 19:22:27.718562-05,script,
2178,6,328,32.894,2026-07-17 19:22:27.718562-05,2026-07-17 19:22:27.718562-05,script,
2179,6,329,48.474,2026-07-17 19:22:27.718562-05,2026-07-17 19:22:27.718562-05,script,
2180,6,330,44.584,2026-07-17 19:22:27.718562-05,2026-07-17 19:22:27.718562-05,script,
2181,6,331,46.564,2026-07-17 19:22:27.718562-05,2026-07-17 19:22:27.718562-05,script,
2182,6,332,79.711,2026-07-17 19:22:27.718562-05,2026-07-17 19:22:27.718562-05,script,
2183,6,333,28.196,2026-07-17 19:22:27.718562-05,2026-07-17 19:22:27.718562-05,script,
2184,6,334,25.083,2026-07-17 19:22:27.718562-05,2026-07-17 19:22:27.718562-05,script,
2185,6,335,45.974,2026-07-17 19:22:27.718562-05,2026-07-17 19:22:27.718562-05,script,
2186,6,336,55.482,2026-07-17 19:22:27.718562-05,2026-07-17 19:22:27.718562-05,script,
2187,6,337,16.893,2026-07-17 19:22:27.718562-05,2026-07-17 19:22:27.718562-05,script,
2188,6,338,78.593,2026-07-17 19:22:27.718562-05,2026-07-17 19:22:27.718562-05,script,
2189,6,339,26.821,2026-07-17 19:22:27.718562-05,2026-07-17 19:22:27.718562-05,script,
2190,6,340,30.195,2026-07-17 19:22:27.718562-05,2026-07-17 19:22:27.718562-05,script,
2191,6,341,78.561,2026-07-17 19:22:27.718562-05,2026-07-17 19:22:27.718562-05,script,
2192,6,342,31.127,2026-07-17 19:22:27.718562-05,2026-07-17 19:22:27.718562-05,script,
2193,6,343,60.692,2026-07-17 19:22:27.718562-05,2026-07-17 19:22:27.718562-05,script,
2194,6,344,17.685,2026-07-17 19:22:27.718562-05,2026-07-17 19:22:27.718562-05,script,
2195,6,345,78.161,2026-07-17 19:22:27.718562-05,2026-07-17 19:22:27.718562-05,script,
2196,6,346,67.419,2026-07-17 19:22:27.718562-05,2026-07-17 19:22:27.718562-05,script,
2197,6,347,13.983,2026-07-17 19:22:27.718562-05,2026-07-17 19:22:27.718562-05,script,
2198,6,348,26.394,2026-07-17 19:22:27.718562-05,2026-07-17 19:22:27.718562-05,script,
2199,6,349,21.573,2026-07-17 19:22:27.718562-05,2026-07-17 19:22:27.718562-05,script,
2200,6,350,58.493,2026-07-17 19:22:27.718562-05,2026-07-17 19:22:27.718562-05,script,
2201,6,351,14.935,2026-07-17 19:22:27.718562-05,2026-07-17 19:22:27.718562-05,script,
2202,6,352,24.001,2026-07-17 19:22:27.718562-05,2026-07-17 19:22:27.718562-05,script,
2203,6,353,36.730,2026-07-17 19:22:27.718562-05,2026-07-17 19:22:27.718562-05,script,
2204,6,354,77.715,2026-07-17 19:22:27.718562-05,2026-07-17 19:22:27.718562-05,script,
2205,6,355,27.766,2026-07-17 19:22:27.718562-05,2026-07-17 19:22:27.718562-05,script,
2206,6,356,54.714,2026-07-17 19:22:27.718562-05,2026-07-17 19:22:27.718562-05,script,
2207,6,357,60.997,2026-07-17 19:22:27.718562-05,2026-07-17 19:22:27.718562-05,script,
2208,6,358,72.032,2026-07-17 19:22:27.718562-05,2026-07-17 19:22:27.718562-05,script,
2209,6,359,65.954,2026-07-17 19:22:27.718562-05,2026-07-17 19:22:27.718562-05,script,
2210,6,360,43.171,2026-07-17 19:22:27.718562-05,2026-07-17 19:22:27.718562-05,script,
2211,6,361,40.788,2026-07-17 19:22:27.718562-05,2026-07-17 19:22:27.718562-05,script,
2212,6,362,30.940,2026-07-17 19:22:27.718562-05,2026-07-17 19:22:27.718562-05,script,
2213,6,363,31.542,2026-07-17 19:22:27.718562-05,2026-07-17 19:22:27.718562-05,script,
2214,6,364,60.858,2026-07-17 19:22:27.718562-05,2026-07-17 19:22:27.718562-05,script,
2215,6,365,55.669,2026-07-17 19:22:27.718562-05,2026-07-17 19:22:27.718562-05,script,
2216,6,366,11.053,2026-07-17 19:22:27.718562-05,2026-07-17 19:22:27.718562-05,script,
2217,6,367,12.179,2026-07-17 19:22:27.718562-05,2026-07-17 19:22:27.718562-05,script,
2218,6,368,71.875,2026-07-17 19:22:27.718562-05,2026-07-17 19:22:27.718562-05,script,
2219,6,369,53.324,2026-07-17 19:22:27.718562-05,2026-07-17 19:22:27.718562-05,script,
2220,6,370,30.022,2026-07-17 19:22:27.718562-05,2026-07-17 19:22:27.718562-05,script,
2221,7,1,372.065,2026-07-17 19:22:27.718562-05,2026-07-17 19:22:27.718562-05,script,
2222,7,2,389.046,2026-07-17 19:22:27.718562-05,2026-07-17 19:22:27.718562-05,script,
2223,7,3,165.687,2026-07-17 19:22:27.718562-05,2026-07-17 19:22:27.718562-05,script,
2224,7,4,166.402,2026-07-17 19:22:27.718562-05,2026-07-17 19:22:27.718562-05,script,
2225,7,5,478.171,2026-07-17 19:22:27.718562-05,2026-07-17 19:22:27.718562-05,script,
2226,7,6,503.995,2026-07-17 19:22:27.718562-05,2026-07-17 19:22:27.718562-05,script,
2227,7,7,468.968,2026-07-17 19:22:27.718562-05,2026-07-17 19:22:27.718562-05,script,
2228,7,8,469.385,2026-07-17 19:22:27.718562-05,2026-07-17 19:22:27.718562-05,script,
2229,7,9,455.851,2026-07-17 19:22:27.718562-05,2026-07-17 19:22:27.718562-05,script,
2230,7,10,198.514,2026-07-17 19:22:27.718562-05,2026-07-17 19:22:27.718562-05,script,
2231,7,11,293.394,2026-07-17 19:22:27.718562-05,2026-07-17 19:22:27.718562-05,script,
2232,7,12,244.902,2026-07-17 19:22:27.718562-05,2026-07-17 19:22:27.718562-05,script,
2233,7,13,471.462,2026-07-17 19:22:27.718562-05,2026-07-17 19:22:27.718562-05,script,
2234,7,14,548.922,2026-07-17 19:22:27.718562-05,2026-07-17 19:22:27.718562-05,script,
2235,7,15,198.261,2026-07-17 19:22:27.718562-05,2026-07-17 19:22:27.718562-05,script,
2236,7,16,293.594,2026-07-17 19:22:27.718562-05,2026-07-17 19:22:27.718562-05,script,
2237,7,17,318.418,2026-07-17 19:22:27.718562-05,2026-07-17 19:22:27.718562-05,script,
2238,7,18,453.342,2026-07-17 19:22:27.718562-05,2026-07-17 19:22:27.718562-05,script,
2239,7,19,265.747,2026-07-17 19:22:27.718562-05,2026-07-17 19:22:27.718562-05,script,
2240,7,20,492.692,2026-07-17 19:22:27.718562-05,2026-07-17 19:22:27.718562-05,script,
2241,7,21,170.640,2026-07-17 19:22:27.718562-05,2026-07-17 19:22:27.718562-05,script,
2242,7,22,315.587,2026-07-17 19:22:27.718562-05,2026-07-17 19:22:27.718562-05,script,
2243,7,23,477.449,2026-07-17 19:22:27.718562-05,2026-07-17 19:22:27.718562-05,script,
2244,7,24,466.076,2026-07-17 19:22:27.718562-05,2026-07-17 19:22:27.718562-05,script,
2245,7,25,510.912,2026-07-17 19:22:27.718562-05,2026-07-17 19:22:27.718562-05,script,
2246,7,26,286.186,2026-07-17 19:22:27.718562-05,2026-07-17 19:22:27.718562-05,script,
2247,7,27,364.894,2026-07-17 19:22:27.718562-05,2026-07-17 19:22:27.718562-05,script,
2248,7,28,499.022,2026-07-17 19:22:27.718562-05,2026-07-17 19:22:27.718562-05,script,
2249,7,29,262.195,2026-07-17 19:22:27.718562-05,2026-07-17 19:22:27.718562-05,script,
2250,7,30,241.805,2026-07-17 19:22:27.718562-05,2026-07-17 19:22:27.718562-05,script,
2251,7,31,455.994,2026-07-17 19:22:27.718562-05,2026-07-17 19:22:27.718562-05,script,
2252,7,32,259.004,2026-07-17 19:22:27.718562-05,2026-07-17 19:22:27.718562-05,script,
2253,7,33,199.207,2026-07-17 19:22:27.718562-05,2026-07-17 19:22:27.718562-05,script,
2254,7,34,493.706,2026-07-17 19:22:27.718562-05,2026-07-17 19:22:27.718562-05,script,
2255,7,35,189.928,2026-07-17 19:22:27.718562-05,2026-07-17 19:22:27.718562-05,script,
2256,7,36,268.270,2026-07-17 19:22:27.718562-05,2026-07-17 19:22:27.718562-05,script,
2257,7,37,451.503,2026-07-17 19:22:27.718562-05,2026-07-17 19:22:27.718562-05,script,
2258,7,38,400.325,2026-07-17 19:22:27.718562-05,2026-07-17 19:22:27.718562-05,script,
2259,7,39,376.960,2026-07-17 19:22:27.718562-05,2026-07-17 19:22:27.718562-05,script,
2260,7,40,335.189,2026-07-17 19:22:27.718562-05,2026-07-17 19:22:27.718562-05,script,
2261,7,41,380.609,2026-07-17 19:22:27.718562-05,2026-07-17 19:22:27.718562-05,script,
2262,7,42,328.278,2026-07-17 19:22:27.718562-05,2026-07-17 19:22:27.718562-05,script,
2263,7,43,360.036,2026-07-17 19:22:27.718562-05,2026-07-17 19:22:27.718562-05,script,
2264,7,44,492.156,2026-07-17 19:22:27.718562-05,2026-07-17 19:22:27.718562-05,script,
2265,7,45,356.699,2026-07-17 19:22:27.718562-05,2026-07-17 19:22:27.718562-05,script,
2266,7,46,401.365,2026-07-17 19:22:27.718562-05,2026-07-17 19:22:27.718562-05,script,
2267,7,47,185.120,2026-07-17 19:22:27.718562-05,2026-07-17 19:22:27.718562-05,script,
2268,7,48,549.642,2026-07-17 19:22:27.718562-05,2026-07-17 19:22:27.718562-05,script,
2269,7,49,208.784,2026-07-17 19:22:27.718562-05,2026-07-17 19:22:27.718562-05,script,
2270,7,50,400.008,2026-07-17 19:22:27.718562-05,2026-07-17 19:22:27.718562-05,script,
2271,7,51,363.327,2026-07-17 19:22:27.718562-05,2026-07-17 19:22:27.718562-05,script,
2272,7,52,442.112,2026-07-17 19:22:27.718562-05,2026-07-17 19:22:27.718562-05,script,
2273,7,53,261.770,2026-07-17 19:22:27.718562-05,2026-07-17 19:22:27.718562-05,script,
2274,7,54,348.986,2026-07-17 19:22:27.718562-05,2026-07-17 19:22:27.718562-05,script,
2275,7,55,251.504,2026-07-17 19:22:27.718562-05,2026-07-17 19:22:27.718562-05,script,
2276,7,56,380.304,2026-07-17 19:22:27.718562-05,2026-07-17 19:22:27.718562-05,script,
2277,7,57,495.115,2026-07-17 19:22:27.718562-05,2026-07-17 19:22:27.718562-05,script,
2278,7,58,181.335,2026-07-17 19:22:27.718562-05,2026-07-17 19:22:27.718562-05,script,
2279,7,59,184.733,2026-07-17 19:22:27.718562-05,2026-07-17 19:22:27.718562-05,script,
2280,7,60,185.202,2026-07-17 19:22:27.718562-05,2026-07-17 19:22:27.718562-05,script,
2281,7,61,443.472,2026-07-17 19:22:27.718562-05,2026-07-17 19:22:27.718562-05,script,
2282,7,62,219.537,2026-07-17 19:22:27.718562-05,2026-07-17 19:22:27.718562-05,script,
2283,7,63,549.565,2026-07-17 19:22:27.718562-05,2026-07-17 19:22:27.718562-05,script,
2284,7,64,203.146,2026-07-17 19:22:27.718562-05,2026-07-17 19:22:27.718562-05,script,
2285,7,65,230.021,2026-07-17 19:22:27.718562-05,2026-07-17 19:22:27.718562-05,script,
2286,7,66,363.532,2026-07-17 19:22:27.718562-05,2026-07-17 19:22:27.718562-05,script,
2287,7,67,476.163,2026-07-17 19:22:27.718562-05,2026-07-17 19:22:27.718562-05,script,
2288,7,68,284.172,2026-07-17 19:22:27.718562-05,2026-07-17 19:22:27.718562-05,script,
2289,7,69,465.391,2026-07-17 19:22:27.718562-05,2026-07-17 19:22:27.718562-05,script,
2290,7,70,542.162,2026-07-17 19:22:27.718562-05,2026-07-17 19:22:27.718562-05,script,
2291,7,71,516.323,2026-07-17 19:22:27.718562-05,2026-07-17 19:22:27.718562-05,script,
2292,7,72,250.259,2026-07-17 19:22:27.718562-05,2026-07-17 19:22:27.718562-05,script,
2293,7,73,272.402,2026-07-17 19:22:27.718562-05,2026-07-17 19:22:27.718562-05,script,
2294,7,74,225.410,2026-07-17 19:22:27.718562-05,2026-07-17 19:22:27.718562-05,script,
2295,7,75,455.860,2026-07-17 19:22:27.718562-05,2026-07-17 19:22:27.718562-05,script,
2296,7,76,32.642,2026-07-17 19:22:27.718562-05,2026-07-17 19:22:27.718562-05,script,
2297,7,77,46.831,2026-07-17 19:22:27.718562-05,2026-07-17 19:22:27.718562-05,script,
2298,7,78,38.502,2026-07-17 19:22:27.718562-05,2026-07-17 19:22:27.718562-05,script,
2299,7,79,38.918,2026-07-17 19:22:27.718562-05,2026-07-17 19:22:27.718562-05,script,
2300,7,80,29.125,2026-07-17 19:22:27.718562-05,2026-07-17 19:22:27.718562-05,script,
2301,7,81,45.986,2026-07-17 19:22:27.718562-05,2026-07-17 19:22:27.718562-05,script,
2302,7,82,50.211,2026-07-17 19:22:27.718562-05,2026-07-17 19:22:27.718562-05,script,
2303,7,83,14.161,2026-07-17 19:22:27.718562-05,2026-07-17 19:22:27.718562-05,script,
2304,7,84,33.158,2026-07-17 19:22:27.718562-05,2026-07-17 19:22:27.718562-05,script,
2305,7,85,78.813,2026-07-17 19:22:27.718562-05,2026-07-17 19:22:27.718562-05,script,
2306,7,86,15.763,2026-07-17 19:22:27.718562-05,2026-07-17 19:22:27.718562-05,script,
2307,7,87,60.959,2026-07-17 19:22:27.718562-05,2026-07-17 19:22:27.718562-05,script,
2308,7,88,13.032,2026-07-17 19:22:27.718562-05,2026-07-17 19:22:27.718562-05,script,
2309,7,89,38.406,2026-07-17 19:22:27.718562-05,2026-07-17 19:22:27.718562-05,script,
2310,7,90,13.390,2026-07-17 19:22:27.718562-05,2026-07-17 19:22:27.718562-05,script,
2311,7,91,54.903,2026-07-17 19:22:27.718562-05,2026-07-17 19:22:27.718562-05,script,
2312,7,92,56.144,2026-07-17 19:22:27.718562-05,2026-07-17 19:22:27.718562-05,script,
2313,7,93,35.232,2026-07-17 19:22:27.718562-05,2026-07-17 19:22:27.718562-05,script,
2314,7,94,50.704,2026-07-17 19:22:27.718562-05,2026-07-17 19:22:27.718562-05,script,
2315,7,95,57.994,2026-07-17 19:22:27.718562-05,2026-07-17 19:22:27.718562-05,script,
2316,7,96,67.371,2026-07-17 19:22:27.718562-05,2026-07-17 19:22:27.718562-05,script,
2317,7,97,14.265,2026-07-17 19:22:27.718562-05,2026-07-17 19:22:27.718562-05,script,
2318,7,98,69.583,2026-07-17 19:22:27.718562-05,2026-07-17 19:22:27.718562-05,script,
2319,7,99,66.925,2026-07-17 19:22:27.718562-05,2026-07-17 19:22:27.718562-05,script,
2320,7,100,78.489,2026-07-17 19:22:27.718562-05,2026-07-17 19:22:27.718562-05,script,
2321,7,101,42.129,2026-07-17 19:22:27.718562-05,2026-07-17 19:22:27.718562-05,script,
2322,7,102,76.748,2026-07-17 19:22:27.718562-05,2026-07-17 19:22:27.718562-05,script,
2323,7,103,37.348,2026-07-17 19:22:27.718562-05,2026-07-17 19:22:27.718562-05,script,
2324,7,104,65.133,2026-07-17 19:22:27.718562-05,2026-07-17 19:22:27.718562-05,script,
2325,7,105,55.317,2026-07-17 19:22:27.718562-05,2026-07-17 19:22:27.718562-05,script,
2326,7,106,14.697,2026-07-17 19:22:27.718562-05,2026-07-17 19:22:27.718562-05,script,
2327,7,107,23.641,2026-07-17 19:22:27.718562-05,2026-07-17 19:22:27.718562-05,script,
2328,7,108,50.441,2026-07-17 19:22:27.718562-05,2026-07-17 19:22:27.718562-05,script,
2329,7,109,26.579,2026-07-17 19:22:27.718562-05,2026-07-17 19:22:27.718562-05,script,
2330,7,110,71.918,2026-07-17 19:22:27.718562-05,2026-07-17 19:22:27.718562-05,script,
2331,7,111,30.888,2026-07-17 19:22:27.718562-05,2026-07-17 19:22:27.718562-05,script,
2332,7,112,57.570,2026-07-17 19:22:27.718562-05,2026-07-17 19:22:27.718562-05,script,
2333,7,113,67.244,2026-07-17 19:22:27.718562-05,2026-07-17 19:22:27.718562-05,script,
2334,7,114,42.154,2026-07-17 19:22:27.718562-05,2026-07-17 19:22:27.718562-05,script,
2335,7,115,61.856,2026-07-17 19:22:27.718562-05,2026-07-17 19:22:27.718562-05,script,
2336,7,116,24.481,2026-07-17 19:22:27.718562-05,2026-07-17 19:22:27.718562-05,script,
2337,7,117,52.242,2026-07-17 19:22:27.718562-05,2026-07-17 19:22:27.718562-05,script,
2338,7,118,51.126,2026-07-17 19:22:27.718562-05,2026-07-17 19:22:27.718562-05,script,
2339,7,119,46.176,2026-07-17 19:22:27.718562-05,2026-07-17 19:22:27.718562-05,script,
2340,7,120,51.122,2026-07-17 19:22:27.718562-05,2026-07-17 19:22:27.718562-05,script,
2341,7,121,20.298,2026-07-17 19:22:27.718562-05,2026-07-17 19:22:27.718562-05,script,
2342,7,122,60.482,2026-07-17 19:22:27.718562-05,2026-07-17 19:22:27.718562-05,script,
2343,7,123,69.471,2026-07-17 19:22:27.718562-05,2026-07-17 19:22:27.718562-05,script,
2344,7,124,64.615,2026-07-17 19:22:27.718562-05,2026-07-17 19:22:27.718562-05,script,
2345,7,125,52.767,2026-07-17 19:22:27.718562-05,2026-07-17 19:22:27.718562-05,script,
2346,7,126,79.291,2026-07-17 19:22:27.718562-05,2026-07-17 19:22:27.718562-05,script,
2347,7,127,74.069,2026-07-17 19:22:27.718562-05,2026-07-17 19:22:27.718562-05,script,
2348,7,128,41.262,2026-07-17 19:22:27.718562-05,2026-07-17 19:22:27.718562-05,script,
2349,7,129,61.797,2026-07-17 19:22:27.718562-05,2026-07-17 19:22:27.718562-05,script,
2350,7,130,50.641,2026-07-17 19:22:27.718562-05,2026-07-17 19:22:27.718562-05,script,
2351,7,131,72.490,2026-07-17 19:22:27.718562-05,2026-07-17 19:22:27.718562-05,script,
2352,7,132,49.453,2026-07-17 19:22:27.718562-05,2026-07-17 19:22:27.718562-05,script,
2353,7,133,44.088,2026-07-17 19:22:27.718562-05,2026-07-17 19:22:27.718562-05,script,
2354,7,134,25.556,2026-07-17 19:22:27.718562-05,2026-07-17 19:22:27.718562-05,script,
2355,7,135,65.775,2026-07-17 19:22:27.718562-05,2026-07-17 19:22:27.718562-05,script,
2356,7,136,34.338,2026-07-17 19:22:27.718562-05,2026-07-17 19:22:27.718562-05,script,
2357,7,137,70.911,2026-07-17 19:22:27.718562-05,2026-07-17 19:22:27.718562-05,script,
2358,7,138,24.390,2026-07-17 19:22:27.718562-05,2026-07-17 19:22:27.718562-05,script,
2359,7,139,13.441,2026-07-17 19:22:27.718562-05,2026-07-17 19:22:27.718562-05,script,
2360,7,140,12.838,2026-07-17 19:22:27.718562-05,2026-07-17 19:22:27.718562-05,script,
2361,7,141,58.844,2026-07-17 19:22:27.718562-05,2026-07-17 19:22:27.718562-05,script,
2362,7,142,31.844,2026-07-17 19:22:27.718562-05,2026-07-17 19:22:27.718562-05,script,
2363,7,143,18.270,2026-07-17 19:22:27.718562-05,2026-07-17 19:22:27.718562-05,script,
2364,7,144,72.713,2026-07-17 19:22:27.718562-05,2026-07-17 19:22:27.718562-05,script,
2365,7,145,15.201,2026-07-17 19:22:27.718562-05,2026-07-17 19:22:27.718562-05,script,
2366,7,146,69.320,2026-07-17 19:22:27.718562-05,2026-07-17 19:22:27.718562-05,script,
2367,7,147,71.865,2026-07-17 19:22:27.718562-05,2026-07-17 19:22:27.718562-05,script,
2368,7,148,72.327,2026-07-17 19:22:27.718562-05,2026-07-17 19:22:27.718562-05,script,
2369,7,149,17.855,2026-07-17 19:22:27.718562-05,2026-07-17 19:22:27.718562-05,script,
2370,7,150,35.154,2026-07-17 19:22:27.718562-05,2026-07-17 19:22:27.718562-05,script,
2371,7,151,293.769,2026-07-17 19:22:27.718562-05,2026-07-17 19:22:27.718562-05,script,
2372,7,152,327.971,2026-07-17 19:22:27.718562-05,2026-07-17 19:22:27.718562-05,script,
2373,7,153,170.619,2026-07-17 19:22:27.718562-05,2026-07-17 19:22:27.718562-05,script,
2374,7,154,498.853,2026-07-17 19:22:27.718562-05,2026-07-17 19:22:27.718562-05,script,
2375,7,155,486.511,2026-07-17 19:22:27.718562-05,2026-07-17 19:22:27.718562-05,script,
2376,7,156,336.454,2026-07-17 19:22:27.718562-05,2026-07-17 19:22:27.718562-05,script,
2377,7,157,477.845,2026-07-17 19:22:27.718562-05,2026-07-17 19:22:27.718562-05,script,
2378,7,158,349.900,2026-07-17 19:22:27.718562-05,2026-07-17 19:22:27.718562-05,script,
2379,7,159,375.953,2026-07-17 19:22:27.718562-05,2026-07-17 19:22:27.718562-05,script,
2380,7,160,515.391,2026-07-17 19:22:27.718562-05,2026-07-17 19:22:27.718562-05,script,
2381,7,161,266.803,2026-07-17 19:22:27.718562-05,2026-07-17 19:22:27.718562-05,script,
2382,7,162,443.644,2026-07-17 19:22:27.718562-05,2026-07-17 19:22:27.718562-05,script,
2383,7,163,447.668,2026-07-17 19:22:27.718562-05,2026-07-17 19:22:27.718562-05,script,
2384,7,164,240.674,2026-07-17 19:22:27.718562-05,2026-07-17 19:22:27.718562-05,script,
2385,7,165,358.083,2026-07-17 19:22:27.718562-05,2026-07-17 19:22:27.718562-05,script,
2386,7,166,415.180,2026-07-17 19:22:27.718562-05,2026-07-17 19:22:27.718562-05,script,
2387,7,167,381.034,2026-07-17 19:22:27.718562-05,2026-07-17 19:22:27.718562-05,script,
2388,7,168,255.332,2026-07-17 19:22:27.718562-05,2026-07-17 19:22:27.718562-05,script,
2389,7,169,217.205,2026-07-17 19:22:27.718562-05,2026-07-17 19:22:27.718562-05,script,
2390,7,170,289.926,2026-07-17 19:22:27.718562-05,2026-07-17 19:22:27.718562-05,script,
2391,7,171,428.276,2026-07-17 19:22:27.718562-05,2026-07-17 19:22:27.718562-05,script,
2392,7,172,332.201,2026-07-17 19:22:27.718562-05,2026-07-17 19:22:27.718562-05,script,
2393,7,173,364.372,2026-07-17 19:22:27.718562-05,2026-07-17 19:22:27.718562-05,script,
2394,7,174,231.346,2026-07-17 19:22:27.718562-05,2026-07-17 19:22:27.718562-05,script,
2395,7,175,361.704,2026-07-17 19:22:27.718562-05,2026-07-17 19:22:27.718562-05,script,
2396,7,176,463.553,2026-07-17 19:22:27.718562-05,2026-07-17 19:22:27.718562-05,script,
2397,7,177,524.052,2026-07-17 19:22:27.718562-05,2026-07-17 19:22:27.718562-05,script,
2398,7,178,499.822,2026-07-17 19:22:27.718562-05,2026-07-17 19:22:27.718562-05,script,
2399,7,179,168.494,2026-07-17 19:22:27.718562-05,2026-07-17 19:22:27.718562-05,script,
2400,7,180,352.195,2026-07-17 19:22:27.718562-05,2026-07-17 19:22:27.718562-05,script,
2401,7,181,271.451,2026-07-17 19:22:27.718562-05,2026-07-17 19:22:27.718562-05,script,
2402,7,182,434.624,2026-07-17 19:22:27.718562-05,2026-07-17 19:22:27.718562-05,script,
2403,7,183,341.073,2026-07-17 19:22:27.718562-05,2026-07-17 19:22:27.718562-05,script,
2404,7,184,313.556,2026-07-17 19:22:27.718562-05,2026-07-17 19:22:27.718562-05,script,
2405,7,185,171.349,2026-07-17 19:22:27.718562-05,2026-07-17 19:22:27.718562-05,script,
2406,7,186,177.376,2026-07-17 19:22:27.718562-05,2026-07-17 19:22:27.718562-05,script,
2407,7,187,419.069,2026-07-17 19:22:27.718562-05,2026-07-17 19:22:27.718562-05,script,
2408,7,188,289.577,2026-07-17 19:22:27.718562-05,2026-07-17 19:22:27.718562-05,script,
2409,7,189,297.289,2026-07-17 19:22:27.718562-05,2026-07-17 19:22:27.718562-05,script,
2410,7,190,470.745,2026-07-17 19:22:27.718562-05,2026-07-17 19:22:27.718562-05,script,
2411,7,191,169.269,2026-07-17 19:22:27.718562-05,2026-07-17 19:22:27.718562-05,script,
2412,7,192,243.174,2026-07-17 19:22:27.718562-05,2026-07-17 19:22:27.718562-05,script,
2413,7,193,272.114,2026-07-17 19:22:27.718562-05,2026-07-17 19:22:27.718562-05,script,
2414,7,194,164.771,2026-07-17 19:22:27.718562-05,2026-07-17 19:22:27.718562-05,script,
2415,7,195,354.641,2026-07-17 19:22:27.718562-05,2026-07-17 19:22:27.718562-05,script,
2416,7,196,171.897,2026-07-17 19:22:27.718562-05,2026-07-17 19:22:27.718562-05,script,
2417,7,197,506.045,2026-07-17 19:22:27.718562-05,2026-07-17 19:22:27.718562-05,script,
2418,7,198,536.195,2026-07-17 19:22:27.718562-05,2026-07-17 19:22:27.718562-05,script,
2419,7,199,346.815,2026-07-17 19:22:27.718562-05,2026-07-17 19:22:27.718562-05,script,
2420,7,200,511.687,2026-07-17 19:22:27.718562-05,2026-07-17 19:22:27.718562-05,script,
2421,7,201,295.610,2026-07-17 19:22:27.718562-05,2026-07-17 19:22:27.718562-05,script,
2422,7,202,372.744,2026-07-17 19:22:27.718562-05,2026-07-17 19:22:27.718562-05,script,
2423,7,203,509.287,2026-07-17 19:22:27.718562-05,2026-07-17 19:22:27.718562-05,script,
2424,7,204,179.784,2026-07-17 19:22:27.718562-05,2026-07-17 19:22:27.718562-05,script,
2425,7,205,543.445,2026-07-17 19:22:27.718562-05,2026-07-17 19:22:27.718562-05,script,
2426,7,206,152.630,2026-07-17 19:22:27.718562-05,2026-07-17 19:22:27.718562-05,script,
2427,7,207,295.296,2026-07-17 19:22:27.718562-05,2026-07-17 19:22:27.718562-05,script,
2428,7,208,281.210,2026-07-17 19:22:27.718562-05,2026-07-17 19:22:27.718562-05,script,
2429,7,209,323.100,2026-07-17 19:22:27.718562-05,2026-07-17 19:22:27.718562-05,script,
2430,7,210,275.708,2026-07-17 19:22:27.718562-05,2026-07-17 19:22:27.718562-05,script,
2431,7,211,162.700,2026-07-17 19:22:27.718562-05,2026-07-17 19:22:27.718562-05,script,
2432,7,212,169.155,2026-07-17 19:22:27.718562-05,2026-07-17 19:22:27.718562-05,script,
2433,7,213,494.354,2026-07-17 19:22:27.718562-05,2026-07-17 19:22:27.718562-05,script,
2434,7,214,435.096,2026-07-17 19:22:27.718562-05,2026-07-17 19:22:27.718562-05,script,
2435,7,215,377.481,2026-07-17 19:22:27.718562-05,2026-07-17 19:22:27.718562-05,script,
2436,7,216,454.087,2026-07-17 19:22:27.718562-05,2026-07-17 19:22:27.718562-05,script,
2437,7,217,300.712,2026-07-17 19:22:27.718562-05,2026-07-17 19:22:27.718562-05,script,
2438,7,218,529.082,2026-07-17 19:22:27.718562-05,2026-07-17 19:22:27.718562-05,script,
2439,7,219,421.225,2026-07-17 19:22:27.718562-05,2026-07-17 19:22:27.718562-05,script,
2440,7,220,232.208,2026-07-17 19:22:27.718562-05,2026-07-17 19:22:27.718562-05,script,
2441,7,221,514.984,2026-07-17 19:22:27.718562-05,2026-07-17 19:22:27.718562-05,script,
2442,7,222,260.602,2026-07-17 19:22:27.718562-05,2026-07-17 19:22:27.718562-05,script,
2443,7,223,321.786,2026-07-17 19:22:27.718562-05,2026-07-17 19:22:27.718562-05,script,
2444,7,224,399.373,2026-07-17 19:22:27.718562-05,2026-07-17 19:22:27.718562-05,script,
2445,7,225,396.488,2026-07-17 19:22:27.718562-05,2026-07-17 19:22:27.718562-05,script,
2446,7,226,70.186,2026-07-17 19:22:27.718562-05,2026-07-17 19:22:27.718562-05,script,
2447,7,227,200.188,2026-07-17 19:22:27.718562-05,2026-07-17 19:22:27.718562-05,script,
2448,7,228,90.614,2026-07-17 19:22:27.718562-05,2026-07-17 19:22:27.718562-05,script,
2449,7,229,107.956,2026-07-17 19:22:27.718562-05,2026-07-17 19:22:27.718562-05,script,
2450,7,230,88.273,2026-07-17 19:22:27.718562-05,2026-07-17 19:22:27.718562-05,script,
2451,7,231,160.942,2026-07-17 19:22:27.718562-05,2026-07-17 19:22:27.718562-05,script,
2452,7,232,173.614,2026-07-17 19:22:27.718562-05,2026-07-17 19:22:27.718562-05,script,
2453,7,233,164.379,2026-07-17 19:22:27.718562-05,2026-07-17 19:22:27.718562-05,script,
2454,7,234,214.834,2026-07-17 19:22:27.718562-05,2026-07-17 19:22:27.718562-05,script,
2455,7,235,114.386,2026-07-17 19:22:27.718562-05,2026-07-17 19:22:27.718562-05,script,
2456,7,236,205.758,2026-07-17 19:22:27.718562-05,2026-07-17 19:22:27.718562-05,script,
2457,7,237,154.783,2026-07-17 19:22:27.718562-05,2026-07-17 19:22:27.718562-05,script,
2458,7,238,212.343,2026-07-17 19:22:27.718562-05,2026-07-17 19:22:27.718562-05,script,
2459,7,239,169.309,2026-07-17 19:22:27.718562-05,2026-07-17 19:22:27.718562-05,script,
2460,7,240,168.334,2026-07-17 19:22:27.718562-05,2026-07-17 19:22:27.718562-05,script,
2461,7,241,234.600,2026-07-17 19:22:27.718562-05,2026-07-17 19:22:27.718562-05,script,
2462,7,242,68.724,2026-07-17 19:22:27.718562-05,2026-07-17 19:22:27.718562-05,script,
2463,7,243,130.041,2026-07-17 19:22:27.718562-05,2026-07-17 19:22:27.718562-05,script,
2464,7,244,107.079,2026-07-17 19:22:27.718562-05,2026-07-17 19:22:27.718562-05,script,
2465,7,245,215.036,2026-07-17 19:22:27.718562-05,2026-07-17 19:22:27.718562-05,script,
2466,7,246,87.254,2026-07-17 19:22:27.718562-05,2026-07-17 19:22:27.718562-05,script,
2467,7,247,143.853,2026-07-17 19:22:27.718562-05,2026-07-17 19:22:27.718562-05,script,
2468,7,248,107.760,2026-07-17 19:22:27.718562-05,2026-07-17 19:22:27.718562-05,script,
2469,7,249,134.862,2026-07-17 19:22:27.718562-05,2026-07-17 19:22:27.718562-05,script,
2470,7,250,67.191,2026-07-17 19:22:27.718562-05,2026-07-17 19:22:27.718562-05,script,
2471,7,251,159.898,2026-07-17 19:22:27.718562-05,2026-07-17 19:22:27.718562-05,script,
2472,7,252,78.897,2026-07-17 19:22:27.718562-05,2026-07-17 19:22:27.718562-05,script,
2473,7,253,205.291,2026-07-17 19:22:27.718562-05,2026-07-17 19:22:27.718562-05,script,
2474,7,254,90.541,2026-07-17 19:22:27.718562-05,2026-07-17 19:22:27.718562-05,script,
2475,7,255,158.780,2026-07-17 19:22:27.718562-05,2026-07-17 19:22:27.718562-05,script,
2476,7,256,205.854,2026-07-17 19:22:27.718562-05,2026-07-17 19:22:27.718562-05,script,
2477,7,257,171.325,2026-07-17 19:22:27.718562-05,2026-07-17 19:22:27.718562-05,script,
2478,7,258,222.423,2026-07-17 19:22:27.718562-05,2026-07-17 19:22:27.718562-05,script,
2479,7,259,94.639,2026-07-17 19:22:27.718562-05,2026-07-17 19:22:27.718562-05,script,
2480,7,260,204.389,2026-07-17 19:22:27.718562-05,2026-07-17 19:22:27.718562-05,script,
2481,7,261,164.134,2026-07-17 19:22:27.718562-05,2026-07-17 19:22:27.718562-05,script,
2482,7,262,122.456,2026-07-17 19:22:27.718562-05,2026-07-17 19:22:27.718562-05,script,
2483,7,263,142.920,2026-07-17 19:22:27.718562-05,2026-07-17 19:22:27.718562-05,script,
2484,7,264,132.674,2026-07-17 19:22:27.718562-05,2026-07-17 19:22:27.718562-05,script,
2485,7,265,91.547,2026-07-17 19:22:27.718562-05,2026-07-17 19:22:27.718562-05,script,
2486,7,266,110.119,2026-07-17 19:22:27.718562-05,2026-07-17 19:22:27.718562-05,script,
2487,7,267,67.808,2026-07-17 19:22:27.718562-05,2026-07-17 19:22:27.718562-05,script,
2488,7,268,163.678,2026-07-17 19:22:27.718562-05,2026-07-17 19:22:27.718562-05,script,
2489,7,269,211.607,2026-07-17 19:22:27.718562-05,2026-07-17 19:22:27.718562-05,script,
2490,7,270,124.694,2026-07-17 19:22:27.718562-05,2026-07-17 19:22:27.718562-05,script,
2491,7,271,183.364,2026-07-17 19:22:27.718562-05,2026-07-17 19:22:27.718562-05,script,
2492,7,272,225.889,2026-07-17 19:22:27.718562-05,2026-07-17 19:22:27.718562-05,script,
2493,7,273,119.578,2026-07-17 19:22:27.718562-05,2026-07-17 19:22:27.718562-05,script,
2494,7,274,158.975,2026-07-17 19:22:27.718562-05,2026-07-17 19:22:27.718562-05,script,
2495,7,275,76.554,2026-07-17 19:22:27.718562-05,2026-07-17 19:22:27.718562-05,script,
2496,7,276,222.000,2026-07-17 19:22:27.718562-05,2026-07-17 19:22:27.718562-05,script,
2497,7,277,184.207,2026-07-17 19:22:27.718562-05,2026-07-17 19:22:27.718562-05,script,
2498,7,278,118.607,2026-07-17 19:22:27.718562-05,2026-07-17 19:22:27.718562-05,script,
2499,7,279,168.405,2026-07-17 19:22:27.718562-05,2026-07-17 19:22:27.718562-05,script,
2500,7,280,234.532,2026-07-17 19:22:27.718562-05,2026-07-17 19:22:27.718562-05,script,
2501,7,281,59.309,2026-07-17 19:22:27.718562-05,2026-07-17 19:22:27.718562-05,script,
2502,7,282,19.131,2026-07-17 19:22:27.718562-05,2026-07-17 19:22:27.718562-05,script,
2503,7,283,24.359,2026-07-17 19:22:27.718562-05,2026-07-17 19:22:27.718562-05,script,
2504,7,284,45.433,2026-07-17 19:22:27.718562-05,2026-07-17 19:22:27.718562-05,script,
2505,7,285,17.659,2026-07-17 19:22:27.718562-05,2026-07-17 19:22:27.718562-05,script,
2506,7,286,52.465,2026-07-17 19:22:27.718562-05,2026-07-17 19:22:27.718562-05,script,
2507,7,287,46.366,2026-07-17 19:22:27.718562-05,2026-07-17 19:22:27.718562-05,script,
2508,7,288,41.926,2026-07-17 19:22:27.718562-05,2026-07-17 19:22:27.718562-05,script,
2509,7,289,79.188,2026-07-17 19:22:27.718562-05,2026-07-17 19:22:27.718562-05,script,
2510,7,290,33.723,2026-07-17 19:22:27.718562-05,2026-07-17 19:22:27.718562-05,script,
2511,7,291,12.580,2026-07-17 19:22:27.718562-05,2026-07-17 19:22:27.718562-05,script,
2512,7,292,36.417,2026-07-17 19:22:27.718562-05,2026-07-17 19:22:27.718562-05,script,
2513,7,293,63.759,2026-07-17 19:22:27.718562-05,2026-07-17 19:22:27.718562-05,script,
2514,7,294,12.289,2026-07-17 19:22:27.718562-05,2026-07-17 19:22:27.718562-05,script,
2515,7,295,41.012,2026-07-17 19:22:27.718562-05,2026-07-17 19:22:27.718562-05,script,
2516,7,296,22.735,2026-07-17 19:22:27.718562-05,2026-07-17 19:22:27.718562-05,script,
2517,7,297,64.764,2026-07-17 19:22:27.718562-05,2026-07-17 19:22:27.718562-05,script,
2518,7,298,19.888,2026-07-17 19:22:27.718562-05,2026-07-17 19:22:27.718562-05,script,
2519,7,299,53.141,2026-07-17 19:22:27.718562-05,2026-07-17 19:22:27.718562-05,script,
2520,7,300,28.309,2026-07-17 19:22:27.718562-05,2026-07-17 19:22:27.718562-05,script,
2521,7,301,50.689,2026-07-17 19:22:27.718562-05,2026-07-17 19:22:27.718562-05,script,
2522,7,302,35.380,2026-07-17 19:22:27.718562-05,2026-07-17 19:22:27.718562-05,script,
2523,7,303,57.893,2026-07-17 19:22:27.718562-05,2026-07-17 19:22:27.718562-05,script,
2524,7,304,34.554,2026-07-17 19:22:27.718562-05,2026-07-17 19:22:27.718562-05,script,
2525,7,305,61.060,2026-07-17 19:22:27.718562-05,2026-07-17 19:22:27.718562-05,script,
2526,7,306,72.112,2026-07-17 19:22:27.718562-05,2026-07-17 19:22:27.718562-05,script,
2527,7,307,23.901,2026-07-17 19:22:27.718562-05,2026-07-17 19:22:27.718562-05,script,
2528,7,308,69.316,2026-07-17 19:22:27.718562-05,2026-07-17 19:22:27.718562-05,script,
2529,7,309,73.293,2026-07-17 19:22:27.718562-05,2026-07-17 19:22:27.718562-05,script,
2530,7,310,78.036,2026-07-17 19:22:27.718562-05,2026-07-17 19:22:27.718562-05,script,
2531,7,311,41.190,2026-07-17 19:22:27.718562-05,2026-07-17 19:22:27.718562-05,script,
2532,7,312,73.422,2026-07-17 19:22:27.718562-05,2026-07-17 19:22:27.718562-05,script,
2533,7,313,32.866,2026-07-17 19:22:27.718562-05,2026-07-17 19:22:27.718562-05,script,
2534,7,314,61.088,2026-07-17 19:22:27.718562-05,2026-07-17 19:22:27.718562-05,script,
2535,7,315,39.862,2026-07-17 19:22:27.718562-05,2026-07-17 19:22:27.718562-05,script,
2536,7,316,56.239,2026-07-17 19:22:27.718562-05,2026-07-17 19:22:27.718562-05,script,
2537,7,317,37.238,2026-07-17 19:22:27.718562-05,2026-07-17 19:22:27.718562-05,script,
2538,7,318,77.004,2026-07-17 19:22:27.718562-05,2026-07-17 19:22:27.718562-05,script,
2539,7,319,46.177,2026-07-17 19:22:27.718562-05,2026-07-17 19:22:27.718562-05,script,
2540,7,320,79.350,2026-07-17 19:22:27.718562-05,2026-07-17 19:22:27.718562-05,script,
2541,7,321,12.519,2026-07-17 19:22:27.718562-05,2026-07-17 19:22:27.718562-05,script,
2542,7,322,48.010,2026-07-17 19:22:27.718562-05,2026-07-17 19:22:27.718562-05,script,
2543,7,323,39.207,2026-07-17 19:22:27.718562-05,2026-07-17 19:22:27.718562-05,script,
2544,7,324,38.112,2026-07-17 19:22:27.718562-05,2026-07-17 19:22:27.718562-05,script,
2545,7,325,77.855,2026-07-17 19:22:27.718562-05,2026-07-17 19:22:27.718562-05,script,
2546,7,326,43.484,2026-07-17 19:22:27.718562-05,2026-07-17 19:22:27.718562-05,script,
2547,7,327,56.983,2026-07-17 19:22:27.718562-05,2026-07-17 19:22:27.718562-05,script,
2548,7,328,78.811,2026-07-17 19:22:27.718562-05,2026-07-17 19:22:27.718562-05,script,
2549,7,329,18.949,2026-07-17 19:22:27.718562-05,2026-07-17 19:22:27.718562-05,script,
2550,7,330,36.921,2026-07-17 19:22:27.718562-05,2026-07-17 19:22:27.718562-05,script,
2551,7,331,41.891,2026-07-17 19:22:27.718562-05,2026-07-17 19:22:27.718562-05,script,
2552,7,332,43.056,2026-07-17 19:22:27.718562-05,2026-07-17 19:22:27.718562-05,script,
2553,7,333,74.697,2026-07-17 19:22:27.718562-05,2026-07-17 19:22:27.718562-05,script,
2554,7,334,58.034,2026-07-17 19:22:27.718562-05,2026-07-17 19:22:27.718562-05,script,
2555,7,335,74.432,2026-07-17 19:22:27.718562-05,2026-07-17 19:22:27.718562-05,script,
2556,7,336,67.830,2026-07-17 19:22:27.718562-05,2026-07-17 19:22:27.718562-05,script,
2557,7,337,30.168,2026-07-17 19:22:27.718562-05,2026-07-17 19:22:27.718562-05,script,
2558,7,338,77.087,2026-07-17 19:22:27.718562-05,2026-07-17 19:22:27.718562-05,script,
2559,7,339,58.934,2026-07-17 19:22:27.718562-05,2026-07-17 19:22:27.718562-05,script,
2560,7,340,47.584,2026-07-17 19:22:27.718562-05,2026-07-17 19:22:27.718562-05,script,
2561,7,341,67.013,2026-07-17 19:22:27.718562-05,2026-07-17 19:22:27.718562-05,script,
2562,7,342,22.856,2026-07-17 19:22:27.718562-05,2026-07-17 19:22:27.718562-05,script,
2563,7,343,21.725,2026-07-17 19:22:27.718562-05,2026-07-17 19:22:27.718562-05,script,
2564,7,344,33.247,2026-07-17 19:22:27.718562-05,2026-07-17 19:22:27.718562-05,script,
2565,7,345,77.457,2026-07-17 19:22:27.718562-05,2026-07-17 19:22:27.718562-05,script,
2566,7,346,21.697,2026-07-17 19:22:27.718562-05,2026-07-17 19:22:27.718562-05,script,
2567,7,347,69.253,2026-07-17 19:22:27.718562-05,2026-07-17 19:22:27.718562-05,script,
2568,7,348,41.750,2026-07-17 19:22:27.718562-05,2026-07-17 19:22:27.718562-05,script,
2569,7,349,32.723,2026-07-17 19:22:27.718562-05,2026-07-17 19:22:27.718562-05,script,
2570,7,350,18.606,2026-07-17 19:22:27.718562-05,2026-07-17 19:22:27.718562-05,script,
2571,7,351,10.778,2026-07-17 19:22:27.718562-05,2026-07-17 19:22:27.718562-05,script,
2572,7,352,66.745,2026-07-17 19:22:27.718562-05,2026-07-17 19:22:27.718562-05,script,
2573,7,353,26.585,2026-07-17 19:22:27.718562-05,2026-07-17 19:22:27.718562-05,script,
2574,7,354,61.828,2026-07-17 19:22:27.718562-05,2026-07-17 19:22:27.718562-05,script,
2575,7,355,31.305,2026-07-17 19:22:27.718562-05,2026-07-17 19:22:27.718562-05,script,
2576,7,356,40.658,2026-07-17 19:22:27.718562-05,2026-07-17 19:22:27.718562-05,script,
2577,7,357,64.274,2026-07-17 19:22:27.718562-05,2026-07-17 19:22:27.718562-05,script,
2578,7,358,60.956,2026-07-17 19:22:27.718562-05,2026-07-17 19:22:27.718562-05,script,
2579,7,359,48.777,2026-07-17 19:22:27.718562-05,2026-07-17 19:22:27.718562-05,script,
2580,7,360,11.835,2026-07-17 19:22:27.718562-05,2026-07-17 19:22:27.718562-05,script,
2581,7,361,12.064,2026-07-17 19:22:27.718562-05,2026-07-17 19:22:27.718562-05,script,
2582,7,362,63.246,2026-07-17 19:22:27.718562-05,2026-07-17 19:22:27.718562-05,script,
2583,7,363,57.313,2026-07-17 19:22:27.718562-05,2026-07-17 19:22:27.718562-05,script,
2584,7,364,43.486,2026-07-17 19:22:27.718562-05,2026-07-17 19:22:27.718562-05,script,
2585,7,365,77.484,2026-07-17 19:22:27.718562-05,2026-07-17 19:22:27.718562-05,script,
2586,7,366,59.644,2026-07-17 19:22:27.718562-05,2026-07-17 19:22:27.718562-05,script,
2587,7,367,45.187,2026-07-17 19:22:27.718562-05,2026-07-17 19:22:27.718562-05,script,
2588,7,368,31.088,2026-07-17 19:22:27.718562-05,2026-07-17 19:22:27.718562-05,script,
2589,7,369,26.045,2026-07-17 19:22:27.718562-05,2026-07-17 19:22:27.718562-05,script,
2590,7,370,60.116,2026-07-17 19:22:27.718562-05,2026-07-17 19:22:27.718562-05,script,
2591,8,1,468.403,2026-07-17 19:22:27.718562-05,2026-07-17 19:22:27.718562-05,script,
2592,8,2,381.291,2026-07-17 19:22:27.718562-05,2026-07-17 19:22:27.718562-05,script,
2593,8,3,342.437,2026-07-17 19:22:27.718562-05,2026-07-17 19:22:27.718562-05,script,
2594,8,4,385.828,2026-07-17 19:22:27.718562-05,2026-07-17 19:22:27.718562-05,script,
2595,8,5,373.777,2026-07-17 19:22:27.718562-05,2026-07-17 19:22:27.718562-05,script,
2596,8,6,184.636,2026-07-17 19:22:27.718562-05,2026-07-17 19:22:27.718562-05,script,
2597,8,7,154.126,2026-07-17 19:22:27.718562-05,2026-07-17 19:22:27.718562-05,script,
2598,8,8,321.724,2026-07-17 19:22:27.718562-05,2026-07-17 19:22:27.718562-05,script,
2599,8,9,425.513,2026-07-17 19:22:27.718562-05,2026-07-17 19:22:27.718562-05,script,
2600,8,10,477.816,2026-07-17 19:22:27.718562-05,2026-07-17 19:22:27.718562-05,script,
2601,8,11,186.995,2026-07-17 19:22:27.718562-05,2026-07-17 19:22:27.718562-05,script,
2602,8,12,350.379,2026-07-17 19:22:27.718562-05,2026-07-17 19:22:27.718562-05,script,
2603,8,13,249.603,2026-07-17 19:22:27.718562-05,2026-07-17 19:22:27.718562-05,script,
2604,8,14,462.808,2026-07-17 19:22:27.718562-05,2026-07-17 19:22:27.718562-05,script,
2605,8,15,453.322,2026-07-17 19:22:27.718562-05,2026-07-17 19:22:27.718562-05,script,
2606,8,16,324.946,2026-07-17 19:22:27.718562-05,2026-07-17 19:22:27.718562-05,script,
2607,8,17,417.480,2026-07-17 19:22:27.718562-05,2026-07-17 19:22:27.718562-05,script,
2608,8,18,297.454,2026-07-17 19:22:27.718562-05,2026-07-17 19:22:27.718562-05,script,
2609,8,19,422.522,2026-07-17 19:22:27.718562-05,2026-07-17 19:22:27.718562-05,script,
2610,8,20,410.048,2026-07-17 19:22:27.718562-05,2026-07-17 19:22:27.718562-05,script,
2611,8,21,288.638,2026-07-17 19:22:27.718562-05,2026-07-17 19:22:27.718562-05,script,
2612,8,22,289.126,2026-07-17 19:22:27.718562-05,2026-07-17 19:22:27.718562-05,script,
2613,8,23,541.504,2026-07-17 19:22:27.718562-05,2026-07-17 19:22:27.718562-05,script,
2614,8,24,269.628,2026-07-17 19:22:27.718562-05,2026-07-17 19:22:27.718562-05,script,
2615,8,25,428.045,2026-07-17 19:22:27.718562-05,2026-07-17 19:22:27.718562-05,script,
2616,8,26,381.418,2026-07-17 19:22:27.718562-05,2026-07-17 19:22:27.718562-05,script,
2617,8,27,212.636,2026-07-17 19:22:27.718562-05,2026-07-17 19:22:27.718562-05,script,
2618,8,28,215.274,2026-07-17 19:22:27.718562-05,2026-07-17 19:22:27.718562-05,script,
2619,8,29,525.879,2026-07-17 19:22:27.718562-05,2026-07-17 19:22:27.718562-05,script,
2620,8,30,270.894,2026-07-17 19:22:27.718562-05,2026-07-17 19:22:27.718562-05,script,
2621,8,31,367.291,2026-07-17 19:22:27.718562-05,2026-07-17 19:22:27.718562-05,script,
2622,8,32,175.887,2026-07-17 19:22:27.718562-05,2026-07-17 19:22:27.718562-05,script,
2623,8,33,281.290,2026-07-17 19:22:27.718562-05,2026-07-17 19:22:27.718562-05,script,
2624,8,34,269.581,2026-07-17 19:22:27.718562-05,2026-07-17 19:22:27.718562-05,script,
2625,8,35,325.593,2026-07-17 19:22:27.718562-05,2026-07-17 19:22:27.718562-05,script,
2626,8,36,428.269,2026-07-17 19:22:27.718562-05,2026-07-17 19:22:27.718562-05,script,
2627,8,37,314.282,2026-07-17 19:22:27.718562-05,2026-07-17 19:22:27.718562-05,script,
2628,8,38,415.567,2026-07-17 19:22:27.718562-05,2026-07-17 19:22:27.718562-05,script,
2629,8,39,382.253,2026-07-17 19:22:27.718562-05,2026-07-17 19:22:27.718562-05,script,
2630,8,40,203.297,2026-07-17 19:22:27.718562-05,2026-07-17 19:22:27.718562-05,script,
2631,8,41,327.757,2026-07-17 19:22:27.718562-05,2026-07-17 19:22:27.718562-05,script,
2632,8,42,358.049,2026-07-17 19:22:27.718562-05,2026-07-17 19:22:27.718562-05,script,
2633,8,43,333.807,2026-07-17 19:22:27.718562-05,2026-07-17 19:22:27.718562-05,script,
2634,8,44,270.187,2026-07-17 19:22:27.718562-05,2026-07-17 19:22:27.718562-05,script,
2635,8,45,157.290,2026-07-17 19:22:27.718562-05,2026-07-17 19:22:27.718562-05,script,
2636,8,46,418.028,2026-07-17 19:22:27.718562-05,2026-07-17 19:22:27.718562-05,script,
2637,8,47,255.494,2026-07-17 19:22:27.718562-05,2026-07-17 19:22:27.718562-05,script,
2638,8,48,389.486,2026-07-17 19:22:27.718562-05,2026-07-17 19:22:27.718562-05,script,
2639,8,49,447.314,2026-07-17 19:22:27.718562-05,2026-07-17 19:22:27.718562-05,script,
2640,8,50,343.933,2026-07-17 19:22:27.718562-05,2026-07-17 19:22:27.718562-05,script,
2641,8,51,233.537,2026-07-17 19:22:27.718562-05,2026-07-17 19:22:27.718562-05,script,
2642,8,52,492.878,2026-07-17 19:22:27.718562-05,2026-07-17 19:22:27.718562-05,script,
2643,8,53,296.901,2026-07-17 19:22:27.718562-05,2026-07-17 19:22:27.718562-05,script,
2644,8,54,465.565,2026-07-17 19:22:27.718562-05,2026-07-17 19:22:27.718562-05,script,
2645,8,55,168.216,2026-07-17 19:22:27.718562-05,2026-07-17 19:22:27.718562-05,script,
2646,8,56,185.442,2026-07-17 19:22:27.718562-05,2026-07-17 19:22:27.718562-05,script,
2647,8,57,492.678,2026-07-17 19:22:27.718562-05,2026-07-17 19:22:27.718562-05,script,
2648,8,58,303.402,2026-07-17 19:22:27.718562-05,2026-07-17 19:22:27.718562-05,script,
2649,8,59,548.343,2026-07-17 19:22:27.718562-05,2026-07-17 19:22:27.718562-05,script,
2650,8,60,308.434,2026-07-17 19:22:27.718562-05,2026-07-17 19:22:27.718562-05,script,
2651,8,61,306.344,2026-07-17 19:22:27.718562-05,2026-07-17 19:22:27.718562-05,script,
2652,8,62,503.652,2026-07-17 19:22:27.718562-05,2026-07-17 19:22:27.718562-05,script,
2653,8,63,195.941,2026-07-17 19:22:27.718562-05,2026-07-17 19:22:27.718562-05,script,
2654,8,64,187.638,2026-07-17 19:22:27.718562-05,2026-07-17 19:22:27.718562-05,script,
2655,8,65,527.131,2026-07-17 19:22:27.718562-05,2026-07-17 19:22:27.718562-05,script,
2656,8,66,437.136,2026-07-17 19:22:27.718562-05,2026-07-17 19:22:27.718562-05,script,
2657,8,67,164.669,2026-07-17 19:22:27.718562-05,2026-07-17 19:22:27.718562-05,script,
2658,8,68,217.724,2026-07-17 19:22:27.718562-05,2026-07-17 19:22:27.718562-05,script,
2659,8,69,282.003,2026-07-17 19:22:27.718562-05,2026-07-17 19:22:27.718562-05,script,
2660,8,70,529.891,2026-07-17 19:22:27.718562-05,2026-07-17 19:22:27.718562-05,script,
2661,8,71,398.140,2026-07-17 19:22:27.718562-05,2026-07-17 19:22:27.718562-05,script,
2662,8,72,247.315,2026-07-17 19:22:27.718562-05,2026-07-17 19:22:27.718562-05,script,
2663,8,73,522.083,2026-07-17 19:22:27.718562-05,2026-07-17 19:22:27.718562-05,script,
2664,8,74,462.111,2026-07-17 19:22:27.718562-05,2026-07-17 19:22:27.718562-05,script,
2665,8,75,334.733,2026-07-17 19:22:27.718562-05,2026-07-17 19:22:27.718562-05,script,
2666,8,76,17.201,2026-07-17 19:22:27.718562-05,2026-07-17 19:22:27.718562-05,script,
2667,8,77,72.797,2026-07-17 19:22:27.718562-05,2026-07-17 19:22:27.718562-05,script,
2668,8,78,56.861,2026-07-17 19:22:27.718562-05,2026-07-17 19:22:27.718562-05,script,
2669,8,79,29.406,2026-07-17 19:22:27.718562-05,2026-07-17 19:22:27.718562-05,script,
2670,8,80,49.054,2026-07-17 19:22:27.718562-05,2026-07-17 19:22:27.718562-05,script,
2671,8,81,23.479,2026-07-17 19:22:27.718562-05,2026-07-17 19:22:27.718562-05,script,
2672,8,82,16.037,2026-07-17 19:22:27.718562-05,2026-07-17 19:22:27.718562-05,script,
2673,8,83,17.693,2026-07-17 19:22:27.718562-05,2026-07-17 19:22:27.718562-05,script,
2674,8,84,46.826,2026-07-17 19:22:27.718562-05,2026-07-17 19:22:27.718562-05,script,
2675,8,85,43.888,2026-07-17 19:22:27.718562-05,2026-07-17 19:22:27.718562-05,script,
2676,8,86,53.058,2026-07-17 19:22:27.718562-05,2026-07-17 19:22:27.718562-05,script,
2677,8,87,74.462,2026-07-17 19:22:27.718562-05,2026-07-17 19:22:27.718562-05,script,
2678,8,88,60.372,2026-07-17 19:22:27.718562-05,2026-07-17 19:22:27.718562-05,script,
2679,8,89,60.313,2026-07-17 19:22:27.718562-05,2026-07-17 19:22:27.718562-05,script,
2680,8,90,64.045,2026-07-17 19:22:27.718562-05,2026-07-17 19:22:27.718562-05,script,
2681,8,91,77.976,2026-07-17 19:22:27.718562-05,2026-07-17 19:22:27.718562-05,script,
2682,8,92,45.717,2026-07-17 19:22:27.718562-05,2026-07-17 19:22:27.718562-05,script,
2683,8,93,26.145,2026-07-17 19:22:27.718562-05,2026-07-17 19:22:27.718562-05,script,
2684,8,94,29.998,2026-07-17 19:22:27.718562-05,2026-07-17 19:22:27.718562-05,script,
2685,8,95,43.353,2026-07-17 19:22:27.718562-05,2026-07-17 19:22:27.718562-05,script,
2686,8,96,14.426,2026-07-17 19:22:27.718562-05,2026-07-17 19:22:27.718562-05,script,
2687,8,97,37.951,2026-07-17 19:22:27.718562-05,2026-07-17 19:22:27.718562-05,script,
2688,8,98,65.010,2026-07-17 19:22:27.718562-05,2026-07-17 19:22:27.718562-05,script,
2689,8,99,27.476,2026-07-17 19:22:27.718562-05,2026-07-17 19:22:27.718562-05,script,
2690,8,100,71.576,2026-07-17 19:22:27.718562-05,2026-07-17 19:22:27.718562-05,script,
2691,8,101,22.963,2026-07-17 19:22:27.718562-05,2026-07-17 19:22:27.718562-05,script,
2692,8,102,63.893,2026-07-17 19:22:27.718562-05,2026-07-17 19:22:27.718562-05,script,
2693,8,103,50.908,2026-07-17 19:22:27.718562-05,2026-07-17 19:22:27.718562-05,script,
2694,8,104,56.368,2026-07-17 19:22:27.718562-05,2026-07-17 19:22:27.718562-05,script,
2695,8,105,71.326,2026-07-17 19:22:27.718562-05,2026-07-17 19:22:27.718562-05,script,
2696,8,106,37.007,2026-07-17 19:22:27.718562-05,2026-07-17 19:22:27.718562-05,script,
2697,8,107,56.535,2026-07-17 19:22:27.718562-05,2026-07-17 19:22:27.718562-05,script,
2698,8,108,73.714,2026-07-17 19:22:27.718562-05,2026-07-17 19:22:27.718562-05,script,
2699,8,109,76.757,2026-07-17 19:22:27.718562-05,2026-07-17 19:22:27.718562-05,script,
2700,8,110,55.933,2026-07-17 19:22:27.718562-05,2026-07-17 19:22:27.718562-05,script,
2701,8,111,46.721,2026-07-17 19:22:27.718562-05,2026-07-17 19:22:27.718562-05,script,
2702,8,112,27.687,2026-07-17 19:22:27.718562-05,2026-07-17 19:22:27.718562-05,script,
2703,8,113,10.469,2026-07-17 19:22:27.718562-05,2026-07-17 19:22:27.718562-05,script,
2704,8,114,27.472,2026-07-17 19:22:27.718562-05,2026-07-17 19:22:27.718562-05,script,
2705,8,115,49.814,2026-07-17 19:22:27.718562-05,2026-07-17 19:22:27.718562-05,script,
2706,8,116,38.912,2026-07-17 19:22:27.718562-05,2026-07-17 19:22:27.718562-05,script,
2707,8,117,53.662,2026-07-17 19:22:27.718562-05,2026-07-17 19:22:27.718562-05,script,
2708,8,118,11.154,2026-07-17 19:22:27.718562-05,2026-07-17 19:22:27.718562-05,script,
2709,8,119,75.615,2026-07-17 19:22:27.718562-05,2026-07-17 19:22:27.718562-05,script,
2710,8,120,50.853,2026-07-17 19:22:27.718562-05,2026-07-17 19:22:27.718562-05,script,
2711,8,121,42.475,2026-07-17 19:22:27.718562-05,2026-07-17 19:22:27.718562-05,script,
2712,8,122,23.310,2026-07-17 19:22:27.718562-05,2026-07-17 19:22:27.718562-05,script,
2713,8,123,64.597,2026-07-17 19:22:27.718562-05,2026-07-17 19:22:27.718562-05,script,
2714,8,124,18.622,2026-07-17 19:22:27.718562-05,2026-07-17 19:22:27.718562-05,script,
2715,8,125,41.876,2026-07-17 19:22:27.718562-05,2026-07-17 19:22:27.718562-05,script,
2716,8,126,55.193,2026-07-17 19:22:27.718562-05,2026-07-17 19:22:27.718562-05,script,
2717,8,127,77.352,2026-07-17 19:22:27.718562-05,2026-07-17 19:22:27.718562-05,script,
2718,8,128,64.844,2026-07-17 19:22:27.718562-05,2026-07-17 19:22:27.718562-05,script,
2719,8,129,24.207,2026-07-17 19:22:27.718562-05,2026-07-17 19:22:27.718562-05,script,
2720,8,130,73.005,2026-07-17 19:22:27.718562-05,2026-07-17 19:22:27.718562-05,script,
2721,8,131,30.279,2026-07-17 19:22:27.718562-05,2026-07-17 19:22:27.718562-05,script,
2722,8,132,39.939,2026-07-17 19:22:27.718562-05,2026-07-17 19:22:27.718562-05,script,
2723,8,133,38.044,2026-07-17 19:22:27.718562-05,2026-07-17 19:22:27.718562-05,script,
2724,8,134,75.627,2026-07-17 19:22:27.718562-05,2026-07-17 19:22:27.718562-05,script,
2725,8,135,52.874,2026-07-17 19:22:27.718562-05,2026-07-17 19:22:27.718562-05,script,
2726,8,136,67.491,2026-07-17 19:22:27.718562-05,2026-07-17 19:22:27.718562-05,script,
2727,8,137,66.987,2026-07-17 19:22:27.718562-05,2026-07-17 19:22:27.718562-05,script,
2728,8,138,50.356,2026-07-17 19:22:27.718562-05,2026-07-17 19:22:27.718562-05,script,
2729,8,139,61.701,2026-07-17 19:22:27.718562-05,2026-07-17 19:22:27.718562-05,script,
2730,8,140,11.439,2026-07-17 19:22:27.718562-05,2026-07-17 19:22:27.718562-05,script,
2731,8,141,16.865,2026-07-17 19:22:27.718562-05,2026-07-17 19:22:27.718562-05,script,
2732,8,142,11.466,2026-07-17 19:22:27.718562-05,2026-07-17 19:22:27.718562-05,script,
2733,8,143,10.042,2026-07-17 19:22:27.718562-05,2026-07-17 19:22:27.718562-05,script,
2734,8,144,17.536,2026-07-17 19:22:27.718562-05,2026-07-17 19:22:27.718562-05,script,
2735,8,145,36.927,2026-07-17 19:22:27.718562-05,2026-07-17 19:22:27.718562-05,script,
2736,8,146,26.075,2026-07-17 19:22:27.718562-05,2026-07-17 19:22:27.718562-05,script,
2737,8,147,75.209,2026-07-17 19:22:27.718562-05,2026-07-17 19:22:27.718562-05,script,
2738,8,148,36.463,2026-07-17 19:22:27.718562-05,2026-07-17 19:22:27.718562-05,script,
2739,8,149,44.763,2026-07-17 19:22:27.718562-05,2026-07-17 19:22:27.718562-05,script,
2740,8,150,58.087,2026-07-17 19:22:27.718562-05,2026-07-17 19:22:27.718562-05,script,
2741,8,151,362.762,2026-07-17 19:22:27.718562-05,2026-07-17 19:22:27.718562-05,script,
2742,8,152,464.785,2026-07-17 19:22:27.718562-05,2026-07-17 19:22:27.718562-05,script,
2743,8,153,517.384,2026-07-17 19:22:27.718562-05,2026-07-17 19:22:27.718562-05,script,
2744,8,154,490.251,2026-07-17 19:22:27.718562-05,2026-07-17 19:22:27.718562-05,script,
2745,8,155,276.881,2026-07-17 19:22:27.718562-05,2026-07-17 19:22:27.718562-05,script,
2746,8,156,317.921,2026-07-17 19:22:27.718562-05,2026-07-17 19:22:27.718562-05,script,
2747,8,157,503.669,2026-07-17 19:22:27.718562-05,2026-07-17 19:22:27.718562-05,script,
2748,8,158,451.827,2026-07-17 19:22:27.718562-05,2026-07-17 19:22:27.718562-05,script,
2749,8,159,157.743,2026-07-17 19:22:27.718562-05,2026-07-17 19:22:27.718562-05,script,
2750,8,160,224.754,2026-07-17 19:22:27.718562-05,2026-07-17 19:22:27.718562-05,script,
2751,8,161,525.503,2026-07-17 19:22:27.718562-05,2026-07-17 19:22:27.718562-05,script,
2752,8,162,402.643,2026-07-17 19:22:27.718562-05,2026-07-17 19:22:27.718562-05,script,
2753,8,163,313.003,2026-07-17 19:22:27.718562-05,2026-07-17 19:22:27.718562-05,script,
2754,8,164,254.767,2026-07-17 19:22:27.718562-05,2026-07-17 19:22:27.718562-05,script,
2755,8,165,178.371,2026-07-17 19:22:27.718562-05,2026-07-17 19:22:27.718562-05,script,
2756,8,166,462.792,2026-07-17 19:22:27.718562-05,2026-07-17 19:22:27.718562-05,script,
2757,8,167,313.079,2026-07-17 19:22:27.718562-05,2026-07-17 19:22:27.718562-05,script,
2758,8,168,197.194,2026-07-17 19:22:27.718562-05,2026-07-17 19:22:27.718562-05,script,
2759,8,169,415.840,2026-07-17 19:22:27.718562-05,2026-07-17 19:22:27.718562-05,script,
2760,8,170,358.009,2026-07-17 19:22:27.718562-05,2026-07-17 19:22:27.718562-05,script,
2761,8,171,163.549,2026-07-17 19:22:27.718562-05,2026-07-17 19:22:27.718562-05,script,
2762,8,172,410.905,2026-07-17 19:22:27.718562-05,2026-07-17 19:22:27.718562-05,script,
2763,8,173,461.877,2026-07-17 19:22:27.718562-05,2026-07-17 19:22:27.718562-05,script,
2764,8,174,213.748,2026-07-17 19:22:27.718562-05,2026-07-17 19:22:27.718562-05,script,
2765,8,175,245.550,2026-07-17 19:22:27.718562-05,2026-07-17 19:22:27.718562-05,script,
2766,8,176,341.965,2026-07-17 19:22:27.718562-05,2026-07-17 19:22:27.718562-05,script,
2767,8,177,304.570,2026-07-17 19:22:27.718562-05,2026-07-17 19:22:27.718562-05,script,
2768,8,178,309.546,2026-07-17 19:22:27.718562-05,2026-07-17 19:22:27.718562-05,script,
2769,8,179,300.522,2026-07-17 19:22:27.718562-05,2026-07-17 19:22:27.718562-05,script,
2770,8,180,461.744,2026-07-17 19:22:27.718562-05,2026-07-17 19:22:27.718562-05,script,
2771,8,181,512.698,2026-07-17 19:22:27.718562-05,2026-07-17 19:22:27.718562-05,script,
2772,8,182,528.341,2026-07-17 19:22:27.718562-05,2026-07-17 19:22:27.718562-05,script,
2773,8,183,160.013,2026-07-17 19:22:27.718562-05,2026-07-17 19:22:27.718562-05,script,
2774,8,184,307.898,2026-07-17 19:22:27.718562-05,2026-07-17 19:22:27.718562-05,script,
2775,8,185,240.258,2026-07-17 19:22:27.718562-05,2026-07-17 19:22:27.718562-05,script,
2776,8,186,231.537,2026-07-17 19:22:27.718562-05,2026-07-17 19:22:27.718562-05,script,
2777,8,187,163.875,2026-07-17 19:22:27.718562-05,2026-07-17 19:22:27.718562-05,script,
2778,8,188,284.447,2026-07-17 19:22:27.718562-05,2026-07-17 19:22:27.718562-05,script,
2779,8,189,434.468,2026-07-17 19:22:27.718562-05,2026-07-17 19:22:27.718562-05,script,
2780,8,190,458.577,2026-07-17 19:22:27.718562-05,2026-07-17 19:22:27.718562-05,script,
2781,8,191,441.485,2026-07-17 19:22:27.718562-05,2026-07-17 19:22:27.718562-05,script,
2782,8,192,255.371,2026-07-17 19:22:27.718562-05,2026-07-17 19:22:27.718562-05,script,
2783,8,193,478.072,2026-07-17 19:22:27.718562-05,2026-07-17 19:22:27.718562-05,script,
2784,8,194,365.055,2026-07-17 19:22:27.718562-05,2026-07-17 19:22:27.718562-05,script,
2785,8,195,166.312,2026-07-17 19:22:27.718562-05,2026-07-17 19:22:27.718562-05,script,
2786,8,196,451.651,2026-07-17 19:22:27.718562-05,2026-07-17 19:22:27.718562-05,script,
2787,8,197,368.007,2026-07-17 19:22:27.718562-05,2026-07-17 19:22:27.718562-05,script,
2788,8,198,406.228,2026-07-17 19:22:27.718562-05,2026-07-17 19:22:27.718562-05,script,
2789,8,199,153.099,2026-07-17 19:22:27.718562-05,2026-07-17 19:22:27.718562-05,script,
2790,8,200,526.968,2026-07-17 19:22:27.718562-05,2026-07-17 19:22:27.718562-05,script,
2791,8,201,275.418,2026-07-17 19:22:27.718562-05,2026-07-17 19:22:27.718562-05,script,
2792,8,202,250.555,2026-07-17 19:22:27.718562-05,2026-07-17 19:22:27.718562-05,script,
2793,8,203,431.361,2026-07-17 19:22:27.718562-05,2026-07-17 19:22:27.718562-05,script,
2794,8,204,457.642,2026-07-17 19:22:27.718562-05,2026-07-17 19:22:27.718562-05,script,
2795,8,205,306.874,2026-07-17 19:22:27.718562-05,2026-07-17 19:22:27.718562-05,script,
2796,8,206,490.215,2026-07-17 19:22:27.718562-05,2026-07-17 19:22:27.718562-05,script,
2797,8,207,517.184,2026-07-17 19:22:27.718562-05,2026-07-17 19:22:27.718562-05,script,
2798,8,208,263.251,2026-07-17 19:22:27.718562-05,2026-07-17 19:22:27.718562-05,script,
2799,8,209,410.245,2026-07-17 19:22:27.718562-05,2026-07-17 19:22:27.718562-05,script,
2800,8,210,386.400,2026-07-17 19:22:27.718562-05,2026-07-17 19:22:27.718562-05,script,
2801,8,211,443.317,2026-07-17 19:22:27.718562-05,2026-07-17 19:22:27.718562-05,script,
2802,8,212,232.190,2026-07-17 19:22:27.718562-05,2026-07-17 19:22:27.718562-05,script,
2803,8,213,386.787,2026-07-17 19:22:27.718562-05,2026-07-17 19:22:27.718562-05,script,
2804,8,214,271.640,2026-07-17 19:22:27.718562-05,2026-07-17 19:22:27.718562-05,script,
2805,8,215,200.351,2026-07-17 19:22:27.718562-05,2026-07-17 19:22:27.718562-05,script,
2806,8,216,182.016,2026-07-17 19:22:27.718562-05,2026-07-17 19:22:27.718562-05,script,
2807,8,217,275.900,2026-07-17 19:22:27.718562-05,2026-07-17 19:22:27.718562-05,script,
2808,8,218,300.240,2026-07-17 19:22:27.718562-05,2026-07-17 19:22:27.718562-05,script,
2809,8,219,443.779,2026-07-17 19:22:27.718562-05,2026-07-17 19:22:27.718562-05,script,
2810,8,220,531.538,2026-07-17 19:22:27.718562-05,2026-07-17 19:22:27.718562-05,script,
2811,8,221,302.394,2026-07-17 19:22:27.718562-05,2026-07-17 19:22:27.718562-05,script,
2812,8,222,314.087,2026-07-17 19:22:27.718562-05,2026-07-17 19:22:27.718562-05,script,
2813,8,223,548.427,2026-07-17 19:22:27.718562-05,2026-07-17 19:22:27.718562-05,script,
2814,8,224,439.202,2026-07-17 19:22:27.718562-05,2026-07-17 19:22:27.718562-05,script,
2815,8,225,312.783,2026-07-17 19:22:27.718562-05,2026-07-17 19:22:27.718562-05,script,
2816,8,226,239.794,2026-07-17 19:22:27.718562-05,2026-07-17 19:22:27.718562-05,script,
2817,8,227,157.344,2026-07-17 19:22:27.718562-05,2026-07-17 19:22:27.718562-05,script,
2818,8,228,142.532,2026-07-17 19:22:27.718562-05,2026-07-17 19:22:27.718562-05,script,
2819,8,229,233.040,2026-07-17 19:22:27.718562-05,2026-07-17 19:22:27.718562-05,script,
2820,8,230,81.165,2026-07-17 19:22:27.718562-05,2026-07-17 19:22:27.718562-05,script,
2821,8,231,112.774,2026-07-17 19:22:27.718562-05,2026-07-17 19:22:27.718562-05,script,
2822,8,232,99.118,2026-07-17 19:22:27.718562-05,2026-07-17 19:22:27.718562-05,script,
2823,8,233,197.713,2026-07-17 19:22:27.718562-05,2026-07-17 19:22:27.718562-05,script,
2824,8,234,61.095,2026-07-17 19:22:27.718562-05,2026-07-17 19:22:27.718562-05,script,
2825,8,235,98.566,2026-07-17 19:22:27.718562-05,2026-07-17 19:22:27.718562-05,script,
2826,8,236,169.672,2026-07-17 19:22:27.718562-05,2026-07-17 19:22:27.718562-05,script,
2827,8,237,112.887,2026-07-17 19:22:27.718562-05,2026-07-17 19:22:27.718562-05,script,
2828,8,238,76.635,2026-07-17 19:22:27.718562-05,2026-07-17 19:22:27.718562-05,script,
2829,8,239,74.937,2026-07-17 19:22:27.718562-05,2026-07-17 19:22:27.718562-05,script,
2830,8,240,114.976,2026-07-17 19:22:27.718562-05,2026-07-17 19:22:27.718562-05,script,
2831,8,241,202.777,2026-07-17 19:22:27.718562-05,2026-07-17 19:22:27.718562-05,script,
2832,8,242,212.348,2026-07-17 19:22:27.718562-05,2026-07-17 19:22:27.718562-05,script,
2833,8,243,95.210,2026-07-17 19:22:27.718562-05,2026-07-17 19:22:27.718562-05,script,
2834,8,244,68.498,2026-07-17 19:22:27.718562-05,2026-07-17 19:22:27.718562-05,script,
2835,8,245,143.642,2026-07-17 19:22:27.718562-05,2026-07-17 19:22:27.718562-05,script,
2836,8,246,77.289,2026-07-17 19:22:27.718562-05,2026-07-17 19:22:27.718562-05,script,
2837,8,247,99.600,2026-07-17 19:22:27.718562-05,2026-07-17 19:22:27.718562-05,script,
2838,8,248,118.516,2026-07-17 19:22:27.718562-05,2026-07-17 19:22:27.718562-05,script,
2839,8,249,238.852,2026-07-17 19:22:27.718562-05,2026-07-17 19:22:27.718562-05,script,
2840,8,250,189.314,2026-07-17 19:22:27.718562-05,2026-07-17 19:22:27.718562-05,script,
2841,8,251,70.696,2026-07-17 19:22:27.718562-05,2026-07-17 19:22:27.718562-05,script,
2842,8,252,233.643,2026-07-17 19:22:27.718562-05,2026-07-17 19:22:27.718562-05,script,
2843,8,253,126.165,2026-07-17 19:22:27.718562-05,2026-07-17 19:22:27.718562-05,script,
2844,8,254,60.802,2026-07-17 19:22:27.718562-05,2026-07-17 19:22:27.718562-05,script,
2845,8,255,149.694,2026-07-17 19:22:27.718562-05,2026-07-17 19:22:27.718562-05,script,
2846,8,256,82.375,2026-07-17 19:22:27.718562-05,2026-07-17 19:22:27.718562-05,script,
2847,8,257,144.504,2026-07-17 19:22:27.718562-05,2026-07-17 19:22:27.718562-05,script,
2848,8,258,227.077,2026-07-17 19:22:27.718562-05,2026-07-17 19:22:27.718562-05,script,
2849,8,259,101.052,2026-07-17 19:22:27.718562-05,2026-07-17 19:22:27.718562-05,script,
2850,8,260,229.298,2026-07-17 19:22:27.718562-05,2026-07-17 19:22:27.718562-05,script,
2851,8,261,184.449,2026-07-17 19:22:27.718562-05,2026-07-17 19:22:27.718562-05,script,
2852,8,262,117.275,2026-07-17 19:22:27.718562-05,2026-07-17 19:22:27.718562-05,script,
2853,8,263,208.775,2026-07-17 19:22:27.718562-05,2026-07-17 19:22:27.718562-05,script,
2854,8,264,230.962,2026-07-17 19:22:27.718562-05,2026-07-17 19:22:27.718562-05,script,
2855,8,265,182.024,2026-07-17 19:22:27.718562-05,2026-07-17 19:22:27.718562-05,script,
2856,8,266,197.729,2026-07-17 19:22:27.718562-05,2026-07-17 19:22:27.718562-05,script,
2857,8,267,239.008,2026-07-17 19:22:27.718562-05,2026-07-17 19:22:27.718562-05,script,
2858,8,268,126.993,2026-07-17 19:22:27.718562-05,2026-07-17 19:22:27.718562-05,script,
2859,8,269,181.769,2026-07-17 19:22:27.718562-05,2026-07-17 19:22:27.718562-05,script,
2860,8,270,208.148,2026-07-17 19:22:27.718562-05,2026-07-17 19:22:27.718562-05,script,
2861,8,271,123.414,2026-07-17 19:22:27.718562-05,2026-07-17 19:22:27.718562-05,script,
2862,8,272,141.802,2026-07-17 19:22:27.718562-05,2026-07-17 19:22:27.718562-05,script,
2863,8,273,82.664,2026-07-17 19:22:27.718562-05,2026-07-17 19:22:27.718562-05,script,
2864,8,274,116.665,2026-07-17 19:22:27.718562-05,2026-07-17 19:22:27.718562-05,script,
2865,8,275,73.008,2026-07-17 19:22:27.718562-05,2026-07-17 19:22:27.718562-05,script,
2866,8,276,179.859,2026-07-17 19:22:27.718562-05,2026-07-17 19:22:27.718562-05,script,
2867,8,277,157.722,2026-07-17 19:22:27.718562-05,2026-07-17 19:22:27.718562-05,script,
2868,8,278,69.054,2026-07-17 19:22:27.718562-05,2026-07-17 19:22:27.718562-05,script,
2869,8,279,86.593,2026-07-17 19:22:27.718562-05,2026-07-17 19:22:27.718562-05,script,
2870,8,280,197.601,2026-07-17 19:22:27.718562-05,2026-07-17 19:22:27.718562-05,script,
2871,8,281,27.654,2026-07-17 19:22:27.718562-05,2026-07-17 19:22:27.718562-05,script,
2872,8,282,55.813,2026-07-17 19:22:27.718562-05,2026-07-17 19:22:27.718562-05,script,
2873,8,283,37.091,2026-07-17 19:22:27.718562-05,2026-07-17 19:22:27.718562-05,script,
2874,8,284,52.362,2026-07-17 19:22:27.718562-05,2026-07-17 19:22:27.718562-05,script,
2875,8,285,15.515,2026-07-17 19:22:27.718562-05,2026-07-17 19:22:27.718562-05,script,
2876,8,286,35.998,2026-07-17 19:22:27.718562-05,2026-07-17 19:22:27.718562-05,script,
2877,8,287,12.633,2026-07-17 19:22:27.718562-05,2026-07-17 19:22:27.718562-05,script,
2878,8,288,60.076,2026-07-17 19:22:27.718562-05,2026-07-17 19:22:27.718562-05,script,
2879,8,289,73.558,2026-07-17 19:22:27.718562-05,2026-07-17 19:22:27.718562-05,script,
2880,8,290,77.607,2026-07-17 19:22:27.718562-05,2026-07-17 19:22:27.718562-05,script,
2881,8,291,53.724,2026-07-17 19:22:27.718562-05,2026-07-17 19:22:27.718562-05,script,
2882,8,292,70.861,2026-07-17 19:22:27.718562-05,2026-07-17 19:22:27.718562-05,script,
2883,8,293,31.900,2026-07-17 19:22:27.718562-05,2026-07-17 19:22:27.718562-05,script,
2884,8,294,22.616,2026-07-17 19:22:27.718562-05,2026-07-17 19:22:27.718562-05,script,
2885,8,295,50.495,2026-07-17 19:22:27.718562-05,2026-07-17 19:22:27.718562-05,script,
2886,8,296,50.369,2026-07-17 19:22:27.718562-05,2026-07-17 19:22:27.718562-05,script,
2887,8,297,10.925,2026-07-17 19:22:27.718562-05,2026-07-17 19:22:27.718562-05,script,
2888,8,298,65.836,2026-07-17 19:22:27.718562-05,2026-07-17 19:22:27.718562-05,script,
2889,8,299,15.371,2026-07-17 19:22:27.718562-05,2026-07-17 19:22:27.718562-05,script,
2890,8,300,62.660,2026-07-17 19:22:27.718562-05,2026-07-17 19:22:27.718562-05,script,
2891,8,301,38.051,2026-07-17 19:22:27.718562-05,2026-07-17 19:22:27.718562-05,script,
2892,8,302,60.473,2026-07-17 19:22:27.718562-05,2026-07-17 19:22:27.718562-05,script,
2893,8,303,31.773,2026-07-17 19:22:27.718562-05,2026-07-17 19:22:27.718562-05,script,
2894,8,304,67.740,2026-07-17 19:22:27.718562-05,2026-07-17 19:22:27.718562-05,script,
2895,8,305,71.663,2026-07-17 19:22:27.718562-05,2026-07-17 19:22:27.718562-05,script,
2896,8,306,57.219,2026-07-17 19:22:27.718562-05,2026-07-17 19:22:27.718562-05,script,
2897,8,307,22.815,2026-07-17 19:22:27.718562-05,2026-07-17 19:22:27.718562-05,script,
2898,8,308,19.498,2026-07-17 19:22:27.718562-05,2026-07-17 19:22:27.718562-05,script,
2899,8,309,45.775,2026-07-17 19:22:27.718562-05,2026-07-17 19:22:27.718562-05,script,
2900,8,310,18.948,2026-07-17 19:22:27.718562-05,2026-07-17 19:22:27.718562-05,script,
2901,8,311,12.683,2026-07-17 19:22:27.718562-05,2026-07-17 19:22:27.718562-05,script,
2902,8,312,15.204,2026-07-17 19:22:27.718562-05,2026-07-17 19:22:27.718562-05,script,
2903,8,313,21.755,2026-07-17 19:22:27.718562-05,2026-07-17 19:22:27.718562-05,script,
2904,8,314,64.299,2026-07-17 19:22:27.718562-05,2026-07-17 19:22:27.718562-05,script,
2905,8,315,71.121,2026-07-17 19:22:27.718562-05,2026-07-17 19:22:27.718562-05,script,
2906,8,316,73.398,2026-07-17 19:22:27.718562-05,2026-07-17 19:22:27.718562-05,script,
2907,8,317,19.117,2026-07-17 19:22:27.718562-05,2026-07-17 19:22:27.718562-05,script,
2908,8,318,39.405,2026-07-17 19:22:27.718562-05,2026-07-17 19:22:27.718562-05,script,
2909,8,319,33.414,2026-07-17 19:22:27.718562-05,2026-07-17 19:22:27.718562-05,script,
2910,8,320,21.902,2026-07-17 19:22:27.718562-05,2026-07-17 19:22:27.718562-05,script,
2911,8,321,75.498,2026-07-17 19:22:27.718562-05,2026-07-17 19:22:27.718562-05,script,
2912,8,322,22.901,2026-07-17 19:22:27.718562-05,2026-07-17 19:22:27.718562-05,script,
2913,8,323,11.329,2026-07-17 19:22:27.718562-05,2026-07-17 19:22:27.718562-05,script,
2914,8,324,46.811,2026-07-17 19:22:27.718562-05,2026-07-17 19:22:27.718562-05,script,
2915,8,325,56.619,2026-07-17 19:22:27.718562-05,2026-07-17 19:22:27.718562-05,script,
2916,8,326,79.826,2026-07-17 19:22:27.718562-05,2026-07-17 19:22:27.718562-05,script,
2917,8,327,77.478,2026-07-17 19:22:27.718562-05,2026-07-17 19:22:27.718562-05,script,
2918,8,328,19.590,2026-07-17 19:22:27.718562-05,2026-07-17 19:22:27.718562-05,script,
2919,8,329,78.843,2026-07-17 19:22:27.718562-05,2026-07-17 19:22:27.718562-05,script,
2920,8,330,76.474,2026-07-17 19:22:27.718562-05,2026-07-17 19:22:27.718562-05,script,
2921,8,331,47.912,2026-07-17 19:22:27.718562-05,2026-07-17 19:22:27.718562-05,script,
2922,8,332,21.176,2026-07-17 19:22:27.718562-05,2026-07-17 19:22:27.718562-05,script,
2923,8,333,11.995,2026-07-17 19:22:27.718562-05,2026-07-17 19:22:27.718562-05,script,
2924,8,334,46.511,2026-07-17 19:22:27.718562-05,2026-07-17 19:22:27.718562-05,script,
2925,8,335,27.153,2026-07-17 19:22:27.718562-05,2026-07-17 19:22:27.718562-05,script,
2926,8,336,24.842,2026-07-17 19:22:27.718562-05,2026-07-17 19:22:27.718562-05,script,
2927,8,337,30.743,2026-07-17 19:22:27.718562-05,2026-07-17 19:22:27.718562-05,script,
2928,8,338,69.382,2026-07-17 19:22:27.718562-05,2026-07-17 19:22:27.718562-05,script,
2929,8,339,18.503,2026-07-17 19:22:27.718562-05,2026-07-17 19:22:27.718562-05,script,
2930,8,340,11.136,2026-07-17 19:22:27.718562-05,2026-07-17 19:22:27.718562-05,script,
2931,8,341,23.017,2026-07-17 19:22:27.718562-05,2026-07-17 19:22:27.718562-05,script,
2932,8,342,79.512,2026-07-17 19:22:27.718562-05,2026-07-17 19:22:27.718562-05,script,
2933,8,343,75.137,2026-07-17 19:22:27.718562-05,2026-07-17 19:22:27.718562-05,script,
2934,8,344,20.869,2026-07-17 19:22:27.718562-05,2026-07-17 19:22:27.718562-05,script,
2935,8,345,38.028,2026-07-17 19:22:27.718562-05,2026-07-17 19:22:27.718562-05,script,
2936,8,346,39.006,2026-07-17 19:22:27.718562-05,2026-07-17 19:22:27.718562-05,script,
2937,8,347,48.876,2026-07-17 19:22:27.718562-05,2026-07-17 19:22:27.718562-05,script,
2938,8,348,77.741,2026-07-17 19:22:27.718562-05,2026-07-17 19:22:27.718562-05,script,
2939,8,349,26.763,2026-07-17 19:22:27.718562-05,2026-07-17 19:22:27.718562-05,script,
2940,8,350,32.006,2026-07-17 19:22:27.718562-05,2026-07-17 19:22:27.718562-05,script,
2941,8,351,23.380,2026-07-17 19:22:27.718562-05,2026-07-17 19:22:27.718562-05,script,
2942,8,352,12.823,2026-07-17 19:22:27.718562-05,2026-07-17 19:22:27.718562-05,script,
2943,8,353,28.903,2026-07-17 19:22:27.718562-05,2026-07-17 19:22:27.718562-05,script,
2944,8,354,79.492,2026-07-17 19:22:27.718562-05,2026-07-17 19:22:27.718562-05,script,
2945,8,355,61.560,2026-07-17 19:22:27.718562-05,2026-07-17 19:22:27.718562-05,script,
2946,8,356,55.598,2026-07-17 19:22:27.718562-05,2026-07-17 19:22:27.718562-05,script,
2947,8,357,55.224,2026-07-17 19:22:27.718562-05,2026-07-17 19:22:27.718562-05,script,
2948,8,358,24.199,2026-07-17 19:22:27.718562-05,2026-07-17 19:22:27.718562-05,script,
2949,8,359,43.749,2026-07-17 19:22:27.718562-05,2026-07-17 19:22:27.718562-05,script,
2950,8,360,49.695,2026-07-17 19:22:27.718562-05,2026-07-17 19:22:27.718562-05,script,
2951,8,361,72.523,2026-07-17 19:22:27.718562-05,2026-07-17 19:22:27.718562-05,script,
2952,8,362,33.913,2026-07-17 19:22:27.718562-05,2026-07-17 19:22:27.718562-05,script,
2953,8,363,63.983,2026-07-17 19:22:27.718562-05,2026-07-17 19:22:27.718562-05,script,
2954,8,364,31.264,2026-07-17 19:22:27.718562-05,2026-07-17 19:22:27.718562-05,script,
2955,8,365,66.756,2026-07-17 19:22:27.718562-05,2026-07-17 19:22:27.718562-05,script,
2956,8,366,23.682,2026-07-17 19:22:27.718562-05,2026-07-17 19:22:27.718562-05,script,
2957,8,367,28.499,2026-07-17 19:22:27.718562-05,2026-07-17 19:22:27.718562-05,script,
2958,8,368,44.545,2026-07-17 19:22:27.718562-05,2026-07-17 19:22:27.718562-05,script,
2959,8,369,31.020,2026-07-17 19:22:27.718562-05,2026-07-17 19:22:27.718562-05,script,
2960,8,370,23.021,2026-07-17 19:22:27.718562-05,2026-07-17 19:22:27.718562-05,script,
2961,9,1,430.444,2026-07-17 19:22:27.718562-05,2026-07-17 19:22:27.718562-05,script,
2962,9,2,537.581,2026-07-17 19:22:27.718562-05,2026-07-17 19:22:27.718562-05,script,
2963,9,3,401.277,2026-07-17 19:22:27.718562-05,2026-07-17 19:22:27.718562-05,script,
2964,9,4,269.784,2026-07-17 19:22:27.718562-05,2026-07-17 19:22:27.718562-05,script,
2965,9,5,384.489,2026-07-17 19:22:27.718562-05,2026-07-17 19:22:27.718562-05,script,
2966,9,6,167.057,2026-07-17 19:22:27.718562-05,2026-07-17 19:22:27.718562-05,script,
2967,9,7,407.893,2026-07-17 19:22:27.718562-05,2026-07-17 19:22:27.718562-05,script,
2968,9,8,240.548,2026-07-17 19:22:27.718562-05,2026-07-17 19:22:27.718562-05,script,
2969,9,9,448.037,2026-07-17 19:22:27.718562-05,2026-07-17 19:22:27.718562-05,script,
2970,9,10,469.686,2026-07-17 19:22:27.718562-05,2026-07-17 19:22:27.718562-05,script,
2971,9,11,274.439,2026-07-17 19:22:27.718562-05,2026-07-17 19:22:27.718562-05,script,
2972,9,12,195.118,2026-07-17 19:22:27.718562-05,2026-07-17 19:22:27.718562-05,script,
2973,9,13,496.517,2026-07-17 19:22:27.718562-05,2026-07-17 19:22:27.718562-05,script,
2974,9,14,235.217,2026-07-17 19:22:27.718562-05,2026-07-17 19:22:27.718562-05,script,
2975,9,15,264.679,2026-07-17 19:22:27.718562-05,2026-07-17 19:22:27.718562-05,script,
2976,9,16,352.954,2026-07-17 19:22:27.718562-05,2026-07-17 19:22:27.718562-05,script,
2977,9,17,475.013,2026-07-17 19:22:27.718562-05,2026-07-17 19:22:27.718562-05,script,
2978,9,18,161.989,2026-07-17 19:22:27.718562-05,2026-07-17 19:22:27.718562-05,script,
2979,9,19,268.182,2026-07-17 19:22:27.718562-05,2026-07-17 19:22:27.718562-05,script,
2980,9,20,172.218,2026-07-17 19:22:27.718562-05,2026-07-17 19:22:27.718562-05,script,
2981,9,21,316.375,2026-07-17 19:22:27.718562-05,2026-07-17 19:22:27.718562-05,script,
2982,9,22,469.619,2026-07-17 19:22:27.718562-05,2026-07-17 19:22:27.718562-05,script,
2983,9,23,364.518,2026-07-17 19:22:27.718562-05,2026-07-17 19:22:27.718562-05,script,
2984,9,24,396.424,2026-07-17 19:22:27.718562-05,2026-07-17 19:22:27.718562-05,script,
2985,9,25,522.007,2026-07-17 19:22:27.718562-05,2026-07-17 19:22:27.718562-05,script,
2986,9,26,189.418,2026-07-17 19:22:27.718562-05,2026-07-17 19:22:27.718562-05,script,
2987,9,27,212.372,2026-07-17 19:22:27.718562-05,2026-07-17 19:22:27.718562-05,script,
2988,9,28,177.663,2026-07-17 19:22:27.718562-05,2026-07-17 19:22:27.718562-05,script,
2989,9,29,449.271,2026-07-17 19:22:27.718562-05,2026-07-17 19:22:27.718562-05,script,
2990,9,30,169.901,2026-07-17 19:22:27.718562-05,2026-07-17 19:22:27.718562-05,script,
2991,9,31,277.105,2026-07-17 19:22:27.718562-05,2026-07-17 19:22:27.718562-05,script,
2992,9,32,461.120,2026-07-17 19:22:27.718562-05,2026-07-17 19:22:27.718562-05,script,
2993,9,33,355.080,2026-07-17 19:22:27.718562-05,2026-07-17 19:22:27.718562-05,script,
2994,9,34,207.448,2026-07-17 19:22:27.718562-05,2026-07-17 19:22:27.718562-05,script,
2995,9,35,305.209,2026-07-17 19:22:27.718562-05,2026-07-17 19:22:27.718562-05,script,
2996,9,36,468.840,2026-07-17 19:22:27.718562-05,2026-07-17 19:22:27.718562-05,script,
2997,9,37,545.749,2026-07-17 19:22:27.718562-05,2026-07-17 19:22:27.718562-05,script,
2998,9,38,475.862,2026-07-17 19:22:27.718562-05,2026-07-17 19:22:27.718562-05,script,
2999,9,39,310.739,2026-07-17 19:22:27.718562-05,2026-07-17 19:22:27.718562-05,script,
3000,9,40,345.921,2026-07-17 19:22:27.718562-05,2026-07-17 19:22:27.718562-05,script,
3001,9,41,258.483,2026-07-17 19:22:27.718562-05,2026-07-17 19:22:27.718562-05,script,
3002,9,42,343.718,2026-07-17 19:22:27.718562-05,2026-07-17 19:22:27.718562-05,script,
3003,9,43,309.237,2026-07-17 19:22:27.718562-05,2026-07-17 19:22:27.718562-05,script,
3004,9,44,367.374,2026-07-17 19:22:27.718562-05,2026-07-17 19:22:27.718562-05,script,
3005,9,45,184.500,2026-07-17 19:22:27.718562-05,2026-07-17 19:22:27.718562-05,script,
3006,9,46,429.794,2026-07-17 19:22:27.718562-05,2026-07-17 19:22:27.718562-05,script,
3007,9,47,165.393,2026-07-17 19:22:27.718562-05,2026-07-17 19:22:27.718562-05,script,
3008,9,48,351.909,2026-07-17 19:22:27.718562-05,2026-07-17 19:22:27.718562-05,script,
3009,9,49,170.312,2026-07-17 19:22:27.718562-05,2026-07-17 19:22:27.718562-05,script,
3010,9,50,485.582,2026-07-17 19:22:27.718562-05,2026-07-17 19:22:27.718562-05,script,
3011,9,51,268.822,2026-07-17 19:22:27.718562-05,2026-07-17 19:22:27.718562-05,script,
3012,9,52,338.631,2026-07-17 19:22:27.718562-05,2026-07-17 19:22:27.718562-05,script,
3013,9,53,155.568,2026-07-17 19:22:27.718562-05,2026-07-17 19:22:27.718562-05,script,
3014,9,54,395.980,2026-07-17 19:22:27.718562-05,2026-07-17 19:22:27.718562-05,script,
3015,9,55,211.465,2026-07-17 19:22:27.718562-05,2026-07-17 19:22:27.718562-05,script,
3016,9,56,485.438,2026-07-17 19:22:27.718562-05,2026-07-17 19:22:27.718562-05,script,
3017,9,57,457.306,2026-07-17 19:22:27.718562-05,2026-07-17 19:22:27.718562-05,script,
3018,9,58,191.951,2026-07-17 19:22:27.718562-05,2026-07-17 19:22:27.718562-05,script,
3019,9,59,319.031,2026-07-17 19:22:27.718562-05,2026-07-17 19:22:27.718562-05,script,
3020,9,60,301.211,2026-07-17 19:22:27.718562-05,2026-07-17 19:22:27.718562-05,script,
3021,9,61,291.102,2026-07-17 19:22:27.718562-05,2026-07-17 19:22:27.718562-05,script,
3022,9,62,373.480,2026-07-17 19:22:27.718562-05,2026-07-17 19:22:27.718562-05,script,
3023,9,63,378.007,2026-07-17 19:22:27.718562-05,2026-07-17 19:22:27.718562-05,script,
3024,9,64,531.089,2026-07-17 19:22:27.718562-05,2026-07-17 19:22:27.718562-05,script,
3025,9,65,471.697,2026-07-17 19:22:27.718562-05,2026-07-17 19:22:27.718562-05,script,
3026,9,66,321.174,2026-07-17 19:22:27.718562-05,2026-07-17 19:22:27.718562-05,script,
3027,9,67,257.178,2026-07-17 19:22:27.718562-05,2026-07-17 19:22:27.718562-05,script,
3028,9,68,266.158,2026-07-17 19:22:27.718562-05,2026-07-17 19:22:27.718562-05,script,
3029,9,69,437.847,2026-07-17 19:22:27.718562-05,2026-07-17 19:22:27.718562-05,script,
3030,9,70,384.810,2026-07-17 19:22:27.718562-05,2026-07-17 19:22:27.718562-05,script,
3031,9,71,404.985,2026-07-17 19:22:27.718562-05,2026-07-17 19:22:27.718562-05,script,
3032,9,72,255.331,2026-07-17 19:22:27.718562-05,2026-07-17 19:22:27.718562-05,script,
3033,9,73,202.129,2026-07-17 19:22:27.718562-05,2026-07-17 19:22:27.718562-05,script,
3034,9,74,458.770,2026-07-17 19:22:27.718562-05,2026-07-17 19:22:27.718562-05,script,
3035,9,75,266.170,2026-07-17 19:22:27.718562-05,2026-07-17 19:22:27.718562-05,script,
3036,9,76,16.645,2026-07-17 19:22:27.718562-05,2026-07-17 19:22:27.718562-05,script,
3037,9,77,11.739,2026-07-17 19:22:27.718562-05,2026-07-17 19:22:27.718562-05,script,
3038,9,78,26.052,2026-07-17 19:22:27.718562-05,2026-07-17 19:22:27.718562-05,script,
3039,9,79,70.891,2026-07-17 19:22:27.718562-05,2026-07-17 19:22:27.718562-05,script,
3040,9,80,48.465,2026-07-17 19:22:27.718562-05,2026-07-17 19:22:27.718562-05,script,
3041,9,81,75.704,2026-07-17 19:22:27.718562-05,2026-07-17 19:22:27.718562-05,script,
3042,9,82,70.510,2026-07-17 19:22:27.718562-05,2026-07-17 19:22:27.718562-05,script,
3043,9,83,10.089,2026-07-17 19:22:27.718562-05,2026-07-17 19:22:27.718562-05,script,
3044,9,84,32.983,2026-07-17 19:22:27.718562-05,2026-07-17 19:22:27.718562-05,script,
3045,9,85,42.787,2026-07-17 19:22:27.718562-05,2026-07-17 19:22:27.718562-05,script,
3046,9,86,58.534,2026-07-17 19:22:27.718562-05,2026-07-17 19:22:27.718562-05,script,
3047,9,87,30.547,2026-07-17 19:22:27.718562-05,2026-07-17 19:22:27.718562-05,script,
3048,9,88,61.329,2026-07-17 19:22:27.718562-05,2026-07-17 19:22:27.718562-05,script,
3049,9,89,14.363,2026-07-17 19:22:27.718562-05,2026-07-17 19:22:27.718562-05,script,
3050,9,90,79.574,2026-07-17 19:22:27.718562-05,2026-07-17 19:22:27.718562-05,script,
3051,9,91,46.952,2026-07-17 19:22:27.718562-05,2026-07-17 19:22:27.718562-05,script,
3052,9,92,62.245,2026-07-17 19:22:27.718562-05,2026-07-17 19:22:27.718562-05,script,
3053,9,93,25.014,2026-07-17 19:22:27.718562-05,2026-07-17 19:22:27.718562-05,script,
3054,9,94,31.774,2026-07-17 19:22:27.718562-05,2026-07-17 19:22:27.718562-05,script,
3055,9,95,73.409,2026-07-17 19:22:27.718562-05,2026-07-17 19:22:27.718562-05,script,
3056,9,96,70.305,2026-07-17 19:22:27.718562-05,2026-07-17 19:22:27.718562-05,script,
3057,9,97,34.990,2026-07-17 19:22:27.718562-05,2026-07-17 19:22:27.718562-05,script,
3058,9,98,35.806,2026-07-17 19:22:27.718562-05,2026-07-17 19:22:27.718562-05,script,
3059,9,99,51.063,2026-07-17 19:22:27.718562-05,2026-07-17 19:22:27.718562-05,script,
3060,9,100,50.617,2026-07-17 19:22:27.718562-05,2026-07-17 19:22:27.718562-05,script,
3061,9,101,71.884,2026-07-17 19:22:27.718562-05,2026-07-17 19:22:27.718562-05,script,
3062,9,102,74.954,2026-07-17 19:22:27.718562-05,2026-07-17 19:22:27.718562-05,script,
3063,9,103,26.461,2026-07-17 19:22:27.718562-05,2026-07-17 19:22:27.718562-05,script,
3064,9,104,20.596,2026-07-17 19:22:27.718562-05,2026-07-17 19:22:27.718562-05,script,
3065,9,105,68.746,2026-07-17 19:22:27.718562-05,2026-07-17 19:22:27.718562-05,script,
3066,9,106,44.563,2026-07-17 19:22:27.718562-05,2026-07-17 19:22:27.718562-05,script,
3067,9,107,18.466,2026-07-17 19:22:27.718562-05,2026-07-17 19:22:27.718562-05,script,
3068,9,108,67.038,2026-07-17 19:22:27.718562-05,2026-07-17 19:22:27.718562-05,script,
3069,9,109,59.520,2026-07-17 19:22:27.718562-05,2026-07-17 19:22:27.718562-05,script,
3070,9,110,73.381,2026-07-17 19:22:27.718562-05,2026-07-17 19:22:27.718562-05,script,
3071,9,111,21.370,2026-07-17 19:22:27.718562-05,2026-07-17 19:22:27.718562-05,script,
3072,9,112,13.112,2026-07-17 19:22:27.718562-05,2026-07-17 19:22:27.718562-05,script,
3073,9,113,72.781,2026-07-17 19:22:27.718562-05,2026-07-17 19:22:27.718562-05,script,
3074,9,114,62.411,2026-07-17 19:22:27.718562-05,2026-07-17 19:22:27.718562-05,script,
3075,9,115,29.775,2026-07-17 19:22:27.718562-05,2026-07-17 19:22:27.718562-05,script,
3076,9,116,22.597,2026-07-17 19:22:27.718562-05,2026-07-17 19:22:27.718562-05,script,
3077,9,117,71.018,2026-07-17 19:22:27.718562-05,2026-07-17 19:22:27.718562-05,script,
3078,9,118,18.623,2026-07-17 19:22:27.718562-05,2026-07-17 19:22:27.718562-05,script,
3079,9,119,37.190,2026-07-17 19:22:27.718562-05,2026-07-17 19:22:27.718562-05,script,
3080,9,120,30.323,2026-07-17 19:22:27.718562-05,2026-07-17 19:22:27.718562-05,script,
3081,9,121,59.476,2026-07-17 19:22:27.718562-05,2026-07-17 19:22:27.718562-05,script,
3082,9,122,14.718,2026-07-17 19:22:27.718562-05,2026-07-17 19:22:27.718562-05,script,
3083,9,123,28.340,2026-07-17 19:22:27.718562-05,2026-07-17 19:22:27.718562-05,script,
3084,9,124,64.798,2026-07-17 19:22:27.718562-05,2026-07-17 19:22:27.718562-05,script,
3085,9,125,73.026,2026-07-17 19:22:27.718562-05,2026-07-17 19:22:27.718562-05,script,
3086,9,126,76.679,2026-07-17 19:22:27.718562-05,2026-07-17 19:22:27.718562-05,script,
3087,9,127,16.078,2026-07-17 19:22:27.718562-05,2026-07-17 19:22:27.718562-05,script,
3088,9,128,60.091,2026-07-17 19:22:27.718562-05,2026-07-17 19:22:27.718562-05,script,
3089,9,129,38.110,2026-07-17 19:22:27.718562-05,2026-07-17 19:22:27.718562-05,script,
3090,9,130,32.192,2026-07-17 19:22:27.718562-05,2026-07-17 19:22:27.718562-05,script,
3091,9,131,24.856,2026-07-17 19:22:27.718562-05,2026-07-17 19:22:27.718562-05,script,
3092,9,132,44.593,2026-07-17 19:22:27.718562-05,2026-07-17 19:22:27.718562-05,script,
3093,9,133,57.141,2026-07-17 19:22:27.718562-05,2026-07-17 19:22:27.718562-05,script,
3094,9,134,38.125,2026-07-17 19:22:27.718562-05,2026-07-17 19:22:27.718562-05,script,
3095,9,135,61.502,2026-07-17 19:22:27.718562-05,2026-07-17 19:22:27.718562-05,script,
3096,9,136,50.518,2026-07-17 19:22:27.718562-05,2026-07-17 19:22:27.718562-05,script,
3097,9,137,21.616,2026-07-17 19:22:27.718562-05,2026-07-17 19:22:27.718562-05,script,
3098,9,138,24.366,2026-07-17 19:22:27.718562-05,2026-07-17 19:22:27.718562-05,script,
3099,9,139,12.254,2026-07-17 19:22:27.718562-05,2026-07-17 19:22:27.718562-05,script,
3100,9,140,45.145,2026-07-17 19:22:27.718562-05,2026-07-17 19:22:27.718562-05,script,
3101,9,141,40.537,2026-07-17 19:22:27.718562-05,2026-07-17 19:22:27.718562-05,script,
3102,9,142,33.082,2026-07-17 19:22:27.718562-05,2026-07-17 19:22:27.718562-05,script,
3103,9,143,14.392,2026-07-17 19:22:27.718562-05,2026-07-17 19:22:27.718562-05,script,
3104,9,144,17.468,2026-07-17 19:22:27.718562-05,2026-07-17 19:22:27.718562-05,script,
3105,9,145,26.913,2026-07-17 19:22:27.718562-05,2026-07-17 19:22:27.718562-05,script,
3106,9,146,29.014,2026-07-17 19:22:27.718562-05,2026-07-17 19:22:27.718562-05,script,
3107,9,147,54.935,2026-07-17 19:22:27.718562-05,2026-07-17 19:22:27.718562-05,script,
3108,9,148,37.706,2026-07-17 19:22:27.718562-05,2026-07-17 19:22:27.718562-05,script,
3109,9,149,19.043,2026-07-17 19:22:27.718562-05,2026-07-17 19:22:27.718562-05,script,
3110,9,150,13.855,2026-07-17 19:22:27.718562-05,2026-07-17 19:22:27.718562-05,script,
3111,9,151,191.249,2026-07-17 19:22:27.718562-05,2026-07-17 19:22:27.718562-05,script,
3112,9,152,154.385,2026-07-17 19:22:27.718562-05,2026-07-17 19:22:27.718562-05,script,
3113,9,153,352.785,2026-07-17 19:22:27.718562-05,2026-07-17 19:22:27.718562-05,script,
3114,9,154,174.072,2026-07-17 19:22:27.718562-05,2026-07-17 19:22:27.718562-05,script,
3115,9,155,366.563,2026-07-17 19:22:27.718562-05,2026-07-17 19:22:27.718562-05,script,
3116,9,156,157.997,2026-07-17 19:22:27.718562-05,2026-07-17 19:22:27.718562-05,script,
3117,9,157,482.968,2026-07-17 19:22:27.718562-05,2026-07-17 19:22:27.718562-05,script,
3118,9,158,187.659,2026-07-17 19:22:27.718562-05,2026-07-17 19:22:27.718562-05,script,
3119,9,159,201.895,2026-07-17 19:22:27.718562-05,2026-07-17 19:22:27.718562-05,script,
3120,9,160,188.387,2026-07-17 19:22:27.718562-05,2026-07-17 19:22:27.718562-05,script,
3121,9,161,211.793,2026-07-17 19:22:27.718562-05,2026-07-17 19:22:27.718562-05,script,
3122,9,162,542.401,2026-07-17 19:22:27.718562-05,2026-07-17 19:22:27.718562-05,script,
3123,9,163,390.603,2026-07-17 19:22:27.718562-05,2026-07-17 19:22:27.718562-05,script,
3124,9,164,434.973,2026-07-17 19:22:27.718562-05,2026-07-17 19:22:27.718562-05,script,
3125,9,165,519.783,2026-07-17 19:22:27.718562-05,2026-07-17 19:22:27.718562-05,script,
3126,9,166,522.632,2026-07-17 19:22:27.718562-05,2026-07-17 19:22:27.718562-05,script,
3127,9,167,157.245,2026-07-17 19:22:27.718562-05,2026-07-17 19:22:27.718562-05,script,
3128,9,168,517.652,2026-07-17 19:22:27.718562-05,2026-07-17 19:22:27.718562-05,script,
3129,9,169,362.162,2026-07-17 19:22:27.718562-05,2026-07-17 19:22:27.718562-05,script,
3130,9,170,333.330,2026-07-17 19:22:27.718562-05,2026-07-17 19:22:27.718562-05,script,
3131,9,171,222.989,2026-07-17 19:22:27.718562-05,2026-07-17 19:22:27.718562-05,script,
3132,9,172,381.425,2026-07-17 19:22:27.718562-05,2026-07-17 19:22:27.718562-05,script,
3133,9,173,215.878,2026-07-17 19:22:27.718562-05,2026-07-17 19:22:27.718562-05,script,
3134,9,174,443.150,2026-07-17 19:22:27.718562-05,2026-07-17 19:22:27.718562-05,script,
3135,9,175,184.862,2026-07-17 19:22:27.718562-05,2026-07-17 19:22:27.718562-05,script,
3136,9,176,546.303,2026-07-17 19:22:27.718562-05,2026-07-17 19:22:27.718562-05,script,
3137,9,177,308.871,2026-07-17 19:22:27.718562-05,2026-07-17 19:22:27.718562-05,script,
3138,9,178,276.443,2026-07-17 19:22:27.718562-05,2026-07-17 19:22:27.718562-05,script,
3139,9,179,374.610,2026-07-17 19:22:27.718562-05,2026-07-17 19:22:27.718562-05,script,
3140,9,180,262.155,2026-07-17 19:22:27.718562-05,2026-07-17 19:22:27.718562-05,script,
3141,9,181,181.198,2026-07-17 19:22:27.718562-05,2026-07-17 19:22:27.718562-05,script,
3142,9,182,528.559,2026-07-17 19:22:27.718562-05,2026-07-17 19:22:27.718562-05,script,
3143,9,183,227.639,2026-07-17 19:22:27.718562-05,2026-07-17 19:22:27.718562-05,script,
3144,9,184,287.761,2026-07-17 19:22:27.718562-05,2026-07-17 19:22:27.718562-05,script,
3145,9,185,206.004,2026-07-17 19:22:27.718562-05,2026-07-17 19:22:27.718562-05,script,
3146,9,186,220.344,2026-07-17 19:22:27.718562-05,2026-07-17 19:22:27.718562-05,script,
3147,9,187,368.292,2026-07-17 19:22:27.718562-05,2026-07-17 19:22:27.718562-05,script,
3148,9,188,396.584,2026-07-17 19:22:27.718562-05,2026-07-17 19:22:27.718562-05,script,
3149,9,189,432.393,2026-07-17 19:22:27.718562-05,2026-07-17 19:22:27.718562-05,script,
3150,9,190,202.855,2026-07-17 19:22:27.718562-05,2026-07-17 19:22:27.718562-05,script,
3151,9,191,181.384,2026-07-17 19:22:27.718562-05,2026-07-17 19:22:27.718562-05,script,
3152,9,192,297.513,2026-07-17 19:22:27.718562-05,2026-07-17 19:22:27.718562-05,script,
3153,9,193,362.915,2026-07-17 19:22:27.718562-05,2026-07-17 19:22:27.718562-05,script,
3154,9,194,159.128,2026-07-17 19:22:27.718562-05,2026-07-17 19:22:27.718562-05,script,
3155,9,195,404.748,2026-07-17 19:22:27.718562-05,2026-07-17 19:22:27.718562-05,script,
3156,9,196,250.265,2026-07-17 19:22:27.718562-05,2026-07-17 19:22:27.718562-05,script,
3157,9,197,485.829,2026-07-17 19:22:27.718562-05,2026-07-17 19:22:27.718562-05,script,
3158,9,198,310.654,2026-07-17 19:22:27.718562-05,2026-07-17 19:22:27.718562-05,script,
3159,9,199,328.920,2026-07-17 19:22:27.718562-05,2026-07-17 19:22:27.718562-05,script,
3160,9,200,209.540,2026-07-17 19:22:27.718562-05,2026-07-17 19:22:27.718562-05,script,
3161,9,201,317.437,2026-07-17 19:22:27.718562-05,2026-07-17 19:22:27.718562-05,script,
3162,9,202,479.294,2026-07-17 19:22:27.718562-05,2026-07-17 19:22:27.718562-05,script,
3163,9,203,544.030,2026-07-17 19:22:27.718562-05,2026-07-17 19:22:27.718562-05,script,
3164,9,204,174.306,2026-07-17 19:22:27.718562-05,2026-07-17 19:22:27.718562-05,script,
3165,9,205,165.253,2026-07-17 19:22:27.718562-05,2026-07-17 19:22:27.718562-05,script,
3166,9,206,521.813,2026-07-17 19:22:27.718562-05,2026-07-17 19:22:27.718562-05,script,
3167,9,207,496.371,2026-07-17 19:22:27.718562-05,2026-07-17 19:22:27.718562-05,script,
3168,9,208,186.207,2026-07-17 19:22:27.718562-05,2026-07-17 19:22:27.718562-05,script,
3169,9,209,539.494,2026-07-17 19:22:27.718562-05,2026-07-17 19:22:27.718562-05,script,
3170,9,210,272.452,2026-07-17 19:22:27.718562-05,2026-07-17 19:22:27.718562-05,script,
3171,9,211,538.193,2026-07-17 19:22:27.718562-05,2026-07-17 19:22:27.718562-05,script,
3172,9,212,463.113,2026-07-17 19:22:27.718562-05,2026-07-17 19:22:27.718562-05,script,
3173,9,213,538.537,2026-07-17 19:22:27.718562-05,2026-07-17 19:22:27.718562-05,script,
3174,9,214,455.763,2026-07-17 19:22:27.718562-05,2026-07-17 19:22:27.718562-05,script,
3175,9,215,195.803,2026-07-17 19:22:27.718562-05,2026-07-17 19:22:27.718562-05,script,
3176,9,216,392.653,2026-07-17 19:22:27.718562-05,2026-07-17 19:22:27.718562-05,script,
3177,9,217,190.042,2026-07-17 19:22:27.718562-05,2026-07-17 19:22:27.718562-05,script,
3178,9,218,301.391,2026-07-17 19:22:27.718562-05,2026-07-17 19:22:27.718562-05,script,
3179,9,219,309.940,2026-07-17 19:22:27.718562-05,2026-07-17 19:22:27.718562-05,script,
3180,9,220,156.365,2026-07-17 19:22:27.718562-05,2026-07-17 19:22:27.718562-05,script,
3181,9,221,224.631,2026-07-17 19:22:27.718562-05,2026-07-17 19:22:27.718562-05,script,
3182,9,222,339.539,2026-07-17 19:22:27.718562-05,2026-07-17 19:22:27.718562-05,script,
3183,9,223,370.243,2026-07-17 19:22:27.718562-05,2026-07-17 19:22:27.718562-05,script,
3184,9,224,320.814,2026-07-17 19:22:27.718562-05,2026-07-17 19:22:27.718562-05,script,
3185,9,225,184.255,2026-07-17 19:22:27.718562-05,2026-07-17 19:22:27.718562-05,script,
3186,9,226,167.751,2026-07-17 19:22:27.718562-05,2026-07-17 19:22:27.718562-05,script,
3187,9,227,202.167,2026-07-17 19:22:27.718562-05,2026-07-17 19:22:27.718562-05,script,
3188,9,228,98.015,2026-07-17 19:22:27.718562-05,2026-07-17 19:22:27.718562-05,script,
3189,9,229,198.804,2026-07-17 19:22:27.718562-05,2026-07-17 19:22:27.718562-05,script,
3190,9,230,76.005,2026-07-17 19:22:27.718562-05,2026-07-17 19:22:27.718562-05,script,
3191,9,231,116.142,2026-07-17 19:22:27.718562-05,2026-07-17 19:22:27.718562-05,script,
3192,9,232,220.272,2026-07-17 19:22:27.718562-05,2026-07-17 19:22:27.718562-05,script,
3193,9,233,207.000,2026-07-17 19:22:27.718562-05,2026-07-17 19:22:27.718562-05,script,
3194,9,234,110.571,2026-07-17 19:22:27.718562-05,2026-07-17 19:22:27.718562-05,script,
3195,9,235,224.288,2026-07-17 19:22:27.718562-05,2026-07-17 19:22:27.718562-05,script,
3196,9,236,61.080,2026-07-17 19:22:27.718562-05,2026-07-17 19:22:27.718562-05,script,
3197,9,237,227.143,2026-07-17 19:22:27.718562-05,2026-07-17 19:22:27.718562-05,script,
3198,9,238,80.260,2026-07-17 19:22:27.718562-05,2026-07-17 19:22:27.718562-05,script,
3199,9,239,214.519,2026-07-17 19:22:27.718562-05,2026-07-17 19:22:27.718562-05,script,
3200,9,240,226.815,2026-07-17 19:22:27.718562-05,2026-07-17 19:22:27.718562-05,script,
3201,9,241,74.711,2026-07-17 19:22:27.718562-05,2026-07-17 19:22:27.718562-05,script,
3202,9,242,154.708,2026-07-17 19:22:27.718562-05,2026-07-17 19:22:27.718562-05,script,
3203,9,243,107.727,2026-07-17 19:22:27.718562-05,2026-07-17 19:22:27.718562-05,script,
3204,9,244,223.037,2026-07-17 19:22:27.718562-05,2026-07-17 19:22:27.718562-05,script,
3205,9,245,142.224,2026-07-17 19:22:27.718562-05,2026-07-17 19:22:27.718562-05,script,
3206,9,246,180.474,2026-07-17 19:22:27.718562-05,2026-07-17 19:22:27.718562-05,script,
3207,9,247,118.818,2026-07-17 19:22:27.718562-05,2026-07-17 19:22:27.718562-05,script,
3208,9,248,96.765,2026-07-17 19:22:27.718562-05,2026-07-17 19:22:27.718562-05,script,
3209,9,249,208.781,2026-07-17 19:22:27.718562-05,2026-07-17 19:22:27.718562-05,script,
3210,9,250,153.154,2026-07-17 19:22:27.718562-05,2026-07-17 19:22:27.718562-05,script,
3211,9,251,206.416,2026-07-17 19:22:27.718562-05,2026-07-17 19:22:27.718562-05,script,
3212,9,252,168.353,2026-07-17 19:22:27.718562-05,2026-07-17 19:22:27.718562-05,script,
3213,9,253,125.860,2026-07-17 19:22:27.718562-05,2026-07-17 19:22:27.718562-05,script,
3214,9,254,226.161,2026-07-17 19:22:27.718562-05,2026-07-17 19:22:27.718562-05,script,
3215,9,255,94.314,2026-07-17 19:22:27.718562-05,2026-07-17 19:22:27.718562-05,script,
3216,9,256,82.395,2026-07-17 19:22:27.718562-05,2026-07-17 19:22:27.718562-05,script,
3217,9,257,232.700,2026-07-17 19:22:27.718562-05,2026-07-17 19:22:27.718562-05,script,
3218,9,258,142.789,2026-07-17 19:22:27.718562-05,2026-07-17 19:22:27.718562-05,script,
3219,9,259,117.300,2026-07-17 19:22:27.718562-05,2026-07-17 19:22:27.718562-05,script,
3220,9,260,116.376,2026-07-17 19:22:27.718562-05,2026-07-17 19:22:27.718562-05,script,
3221,9,261,163.771,2026-07-17 19:22:27.718562-05,2026-07-17 19:22:27.718562-05,script,
3222,9,262,160.066,2026-07-17 19:22:27.718562-05,2026-07-17 19:22:27.718562-05,script,
3223,9,263,141.517,2026-07-17 19:22:27.718562-05,2026-07-17 19:22:27.718562-05,script,
3224,9,264,216.720,2026-07-17 19:22:27.718562-05,2026-07-17 19:22:27.718562-05,script,
3225,9,265,207.507,2026-07-17 19:22:27.718562-05,2026-07-17 19:22:27.718562-05,script,
3226,9,266,117.704,2026-07-17 19:22:27.718562-05,2026-07-17 19:22:27.718562-05,script,
3227,9,267,159.193,2026-07-17 19:22:27.718562-05,2026-07-17 19:22:27.718562-05,script,
3228,9,268,188.592,2026-07-17 19:22:27.718562-05,2026-07-17 19:22:27.718562-05,script,
3229,9,269,75.719,2026-07-17 19:22:27.718562-05,2026-07-17 19:22:27.718562-05,script,
3230,9,270,132.652,2026-07-17 19:22:27.718562-05,2026-07-17 19:22:27.718562-05,script,
3231,9,271,183.280,2026-07-17 19:22:27.718562-05,2026-07-17 19:22:27.718562-05,script,
3232,9,272,139.269,2026-07-17 19:22:27.718562-05,2026-07-17 19:22:27.718562-05,script,
3233,9,273,185.923,2026-07-17 19:22:27.718562-05,2026-07-17 19:22:27.718562-05,script,
3234,9,274,90.386,2026-07-17 19:22:27.718562-05,2026-07-17 19:22:27.718562-05,script,
3235,9,275,62.361,2026-07-17 19:22:27.718562-05,2026-07-17 19:22:27.718562-05,script,
3236,9,276,138.627,2026-07-17 19:22:27.718562-05,2026-07-17 19:22:27.718562-05,script,
3237,9,277,166.223,2026-07-17 19:22:27.718562-05,2026-07-17 19:22:27.718562-05,script,
3238,9,278,156.147,2026-07-17 19:22:27.718562-05,2026-07-17 19:22:27.718562-05,script,
3239,9,279,107.881,2026-07-17 19:22:27.718562-05,2026-07-17 19:22:27.718562-05,script,
3240,9,280,148.893,2026-07-17 19:22:27.718562-05,2026-07-17 19:22:27.718562-05,script,
3241,9,281,28.060,2026-07-17 19:22:27.718562-05,2026-07-17 19:22:27.718562-05,script,
3242,9,282,24.466,2026-07-17 19:22:27.718562-05,2026-07-17 19:22:27.718562-05,script,
3243,9,283,29.293,2026-07-17 19:22:27.718562-05,2026-07-17 19:22:27.718562-05,script,
3244,9,284,36.141,2026-07-17 19:22:27.718562-05,2026-07-17 19:22:27.718562-05,script,
3245,9,285,46.702,2026-07-17 19:22:27.718562-05,2026-07-17 19:22:27.718562-05,script,
3246,9,286,70.970,2026-07-17 19:22:27.718562-05,2026-07-17 19:22:27.718562-05,script,
3247,9,287,21.392,2026-07-17 19:22:27.718562-05,2026-07-17 19:22:27.718562-05,script,
3248,9,288,72.584,2026-07-17 19:22:27.718562-05,2026-07-17 19:22:27.718562-05,script,
3249,9,289,46.709,2026-07-17 19:22:27.718562-05,2026-07-17 19:22:27.718562-05,script,
3250,9,290,17.899,2026-07-17 19:22:27.718562-05,2026-07-17 19:22:27.718562-05,script,
3251,9,291,69.276,2026-07-17 19:22:27.718562-05,2026-07-17 19:22:27.718562-05,script,
3252,9,292,41.217,2026-07-17 19:22:27.718562-05,2026-07-17 19:22:27.718562-05,script,
3253,9,293,64.402,2026-07-17 19:22:27.718562-05,2026-07-17 19:22:27.718562-05,script,
3254,9,294,31.936,2026-07-17 19:22:27.718562-05,2026-07-17 19:22:27.718562-05,script,
3255,9,295,28.309,2026-07-17 19:22:27.718562-05,2026-07-17 19:22:27.718562-05,script,
3256,9,296,55.114,2026-07-17 19:22:27.718562-05,2026-07-17 19:22:27.718562-05,script,
3257,9,297,36.776,2026-07-17 19:22:27.718562-05,2026-07-17 19:22:27.718562-05,script,
3258,9,298,14.546,2026-07-17 19:22:27.718562-05,2026-07-17 19:22:27.718562-05,script,
3259,9,299,32.269,2026-07-17 19:22:27.718562-05,2026-07-17 19:22:27.718562-05,script,
3260,9,300,23.642,2026-07-17 19:22:27.718562-05,2026-07-17 19:22:27.718562-05,script,
3261,9,301,68.358,2026-07-17 19:22:27.718562-05,2026-07-17 19:22:27.718562-05,script,
3262,9,302,23.329,2026-07-17 19:22:27.718562-05,2026-07-17 19:22:27.718562-05,script,
3263,9,303,16.682,2026-07-17 19:22:27.718562-05,2026-07-17 19:22:27.718562-05,script,
3264,9,304,20.028,2026-07-17 19:22:27.718562-05,2026-07-17 19:22:27.718562-05,script,
3265,9,305,23.268,2026-07-17 19:22:27.718562-05,2026-07-17 19:22:27.718562-05,script,
3266,9,306,48.759,2026-07-17 19:22:27.718562-05,2026-07-17 19:22:27.718562-05,script,
3267,9,307,26.898,2026-07-17 19:22:27.718562-05,2026-07-17 19:22:27.718562-05,script,
3268,9,308,43.084,2026-07-17 19:22:27.718562-05,2026-07-17 19:22:27.718562-05,script,
3269,9,309,68.897,2026-07-17 19:22:27.718562-05,2026-07-17 19:22:27.718562-05,script,
3270,9,310,33.484,2026-07-17 19:22:27.718562-05,2026-07-17 19:22:27.718562-05,script,
3271,9,311,74.515,2026-07-17 19:22:27.718562-05,2026-07-17 19:22:27.718562-05,script,
3272,9,312,43.819,2026-07-17 19:22:27.718562-05,2026-07-17 19:22:27.718562-05,script,
3273,9,313,66.523,2026-07-17 19:22:27.718562-05,2026-07-17 19:22:27.718562-05,script,
3274,9,314,39.221,2026-07-17 19:22:27.718562-05,2026-07-17 19:22:27.718562-05,script,
3275,9,315,73.575,2026-07-17 19:22:27.718562-05,2026-07-17 19:22:27.718562-05,script,
3276,9,316,32.805,2026-07-17 19:22:27.718562-05,2026-07-17 19:22:27.718562-05,script,
3277,9,317,20.785,2026-07-17 19:22:27.718562-05,2026-07-17 19:22:27.718562-05,script,
3278,9,318,79.078,2026-07-17 19:22:27.718562-05,2026-07-17 19:22:27.718562-05,script,
3279,9,319,34.837,2026-07-17 19:22:27.718562-05,2026-07-17 19:22:27.718562-05,script,
3280,9,320,26.465,2026-07-17 19:22:27.718562-05,2026-07-17 19:22:27.718562-05,script,
3281,9,321,77.733,2026-07-17 19:22:27.718562-05,2026-07-17 19:22:27.718562-05,script,
3282,9,322,44.253,2026-07-17 19:22:27.718562-05,2026-07-17 19:22:27.718562-05,script,
3283,9,323,73.262,2026-07-17 19:22:27.718562-05,2026-07-17 19:22:27.718562-05,script,
3284,9,324,50.228,2026-07-17 19:22:27.718562-05,2026-07-17 19:22:27.718562-05,script,
3285,9,325,54.381,2026-07-17 19:22:27.718562-05,2026-07-17 19:22:27.718562-05,script,
3286,9,326,71.298,2026-07-17 19:22:27.718562-05,2026-07-17 19:22:27.718562-05,script,
3287,9,327,46.496,2026-07-17 19:22:27.718562-05,2026-07-17 19:22:27.718562-05,script,
3288,9,328,39.242,2026-07-17 19:22:27.718562-05,2026-07-17 19:22:27.718562-05,script,
3289,9,329,15.046,2026-07-17 19:22:27.718562-05,2026-07-17 19:22:27.718562-05,script,
3290,9,330,42.935,2026-07-17 19:22:27.718562-05,2026-07-17 19:22:27.718562-05,script,
3291,9,331,67.797,2026-07-17 19:22:27.718562-05,2026-07-17 19:22:27.718562-05,script,
3292,9,332,43.333,2026-07-17 19:22:27.718562-05,2026-07-17 19:22:27.718562-05,script,
3293,9,333,24.614,2026-07-17 19:22:27.718562-05,2026-07-17 19:22:27.718562-05,script,
3294,9,334,71.743,2026-07-17 19:22:27.718562-05,2026-07-17 19:22:27.718562-05,script,
3295,9,335,11.088,2026-07-17 19:22:27.718562-05,2026-07-17 19:22:27.718562-05,script,
3296,9,336,73.685,2026-07-17 19:22:27.718562-05,2026-07-17 19:22:27.718562-05,script,
3297,9,337,76.487,2026-07-17 19:22:27.718562-05,2026-07-17 19:22:27.718562-05,script,
3298,9,338,36.182,2026-07-17 19:22:27.718562-05,2026-07-17 19:22:27.718562-05,script,
3299,9,339,17.837,2026-07-17 19:22:27.718562-05,2026-07-17 19:22:27.718562-05,script,
3300,9,340,38.968,2026-07-17 19:22:27.718562-05,2026-07-17 19:22:27.718562-05,script,
3301,9,341,27.792,2026-07-17 19:22:27.718562-05,2026-07-17 19:22:27.718562-05,script,
3302,9,342,14.482,2026-07-17 19:22:27.718562-05,2026-07-17 19:22:27.718562-05,script,
3303,9,343,41.295,2026-07-17 19:22:27.718562-05,2026-07-17 19:22:27.718562-05,script,
3304,9,344,21.353,2026-07-17 19:22:27.718562-05,2026-07-17 19:22:27.718562-05,script,
3305,9,345,53.366,2026-07-17 19:22:27.718562-05,2026-07-17 19:22:27.718562-05,script,
3306,9,346,14.240,2026-07-17 19:22:27.718562-05,2026-07-17 19:22:27.718562-05,script,
3307,9,347,17.198,2026-07-17 19:22:27.718562-05,2026-07-17 19:22:27.718562-05,script,
3308,9,348,44.305,2026-07-17 19:22:27.718562-05,2026-07-17 19:22:27.718562-05,script,
3309,9,349,67.376,2026-07-17 19:22:27.718562-05,2026-07-17 19:22:27.718562-05,script,
3310,9,350,17.118,2026-07-17 19:22:27.718562-05,2026-07-17 19:22:27.718562-05,script,
3311,9,351,46.707,2026-07-17 19:22:27.718562-05,2026-07-17 19:22:27.718562-05,script,
3312,9,352,27.440,2026-07-17 19:22:27.718562-05,2026-07-17 19:22:27.718562-05,script,
3313,9,353,39.598,2026-07-17 19:22:27.718562-05,2026-07-17 19:22:27.718562-05,script,
3314,9,354,72.080,2026-07-17 19:22:27.718562-05,2026-07-17 19:22:27.718562-05,script,
3315,9,355,14.286,2026-07-17 19:22:27.718562-05,2026-07-17 19:22:27.718562-05,script,
3316,9,356,70.208,2026-07-17 19:22:27.718562-05,2026-07-17 19:22:27.718562-05,script,
3317,9,357,44.710,2026-07-17 19:22:27.718562-05,2026-07-17 19:22:27.718562-05,script,
3318,9,358,12.657,2026-07-17 19:22:27.718562-05,2026-07-17 19:22:27.718562-05,script,
3319,9,359,34.219,2026-07-17 19:22:27.718562-05,2026-07-17 19:22:27.718562-05,script,
3320,9,360,72.203,2026-07-17 19:22:27.718562-05,2026-07-17 19:22:27.718562-05,script,
3321,9,361,45.424,2026-07-17 19:22:27.718562-05,2026-07-17 19:22:27.718562-05,script,
3322,9,362,44.988,2026-07-17 19:22:27.718562-05,2026-07-17 19:22:27.718562-05,script,
3323,9,363,61.216,2026-07-17 19:22:27.718562-05,2026-07-17 19:22:27.718562-05,script,
3324,9,364,58.242,2026-07-17 19:22:27.718562-05,2026-07-17 19:22:27.718562-05,script,
3325,9,365,72.348,2026-07-17 19:22:27.718562-05,2026-07-17 19:22:27.718562-05,script,
3326,9,366,61.511,2026-07-17 19:22:27.718562-05,2026-07-17 19:22:27.718562-05,script,
3327,9,367,43.805,2026-07-17 19:22:27.718562-05,2026-07-17 19:22:27.718562-05,script,
3328,9,368,73.752,2026-07-17 19:22:27.718562-05,2026-07-17 19:22:27.718562-05,script,
3329,9,369,30.567,2026-07-17 19:22:27.718562-05,2026-07-17 19:22:27.718562-05,script,
3330,9,370,10.340,2026-07-17 19:22:27.718562-05,2026-07-17 19:22:27.718562-05,script,
3331,10,1,484.770,2026-07-17 19:22:27.718562-05,2026-07-17 19:22:27.718562-05,script,
3332,10,2,349.128,2026-07-17 19:22:27.718562-05,2026-07-17 19:22:27.718562-05,script,
3333,10,3,325.206,2026-07-17 19:22:27.718562-05,2026-07-17 19:22:27.718562-05,script,
3334,10,4,496.719,2026-07-17 19:22:27.718562-05,2026-07-17 19:22:27.718562-05,script,
3335,10,5,170.201,2026-07-17 19:22:27.718562-05,2026-07-17 19:22:27.718562-05,script,
3336,10,6,508.112,2026-07-17 19:22:27.718562-05,2026-07-17 19:22:27.718562-05,script,
3337,10,7,298.465,2026-07-17 19:22:27.718562-05,2026-07-17 19:22:27.718562-05,script,
3338,10,8,385.974,2026-07-17 19:22:27.718562-05,2026-07-17 19:22:27.718562-05,script,
3339,10,9,544.492,2026-07-17 19:22:27.718562-05,2026-07-17 19:22:27.718562-05,script,
3340,10,10,240.634,2026-07-17 19:22:27.718562-05,2026-07-17 19:22:27.718562-05,script,
3341,10,11,374.032,2026-07-17 19:22:27.718562-05,2026-07-17 19:22:27.718562-05,script,
3342,10,12,319.614,2026-07-17 19:22:27.718562-05,2026-07-17 19:22:27.718562-05,script,
3343,10,13,230.300,2026-07-17 19:22:27.718562-05,2026-07-17 19:22:27.718562-05,script,
3344,10,14,375.243,2026-07-17 19:22:27.718562-05,2026-07-17 19:22:27.718562-05,script,
3345,10,15,313.031,2026-07-17 19:22:27.718562-05,2026-07-17 19:22:27.718562-05,script,
3346,10,16,271.342,2026-07-17 19:22:27.718562-05,2026-07-17 19:22:27.718562-05,script,
3347,10,17,162.010,2026-07-17 19:22:27.718562-05,2026-07-17 19:22:27.718562-05,script,
3348,10,18,221.675,2026-07-17 19:22:27.718562-05,2026-07-17 19:22:27.718562-05,script,
3349,10,19,321.086,2026-07-17 19:22:27.718562-05,2026-07-17 19:22:27.718562-05,script,
3350,10,20,227.948,2026-07-17 19:22:27.718562-05,2026-07-17 19:22:27.718562-05,script,
3351,10,21,169.808,2026-07-17 19:22:27.718562-05,2026-07-17 19:22:27.718562-05,script,
3352,10,22,244.957,2026-07-17 19:22:27.718562-05,2026-07-17 19:22:27.718562-05,script,
3353,10,23,291.962,2026-07-17 19:22:27.718562-05,2026-07-17 19:22:27.718562-05,script,
3354,10,24,430.826,2026-07-17 19:22:27.718562-05,2026-07-17 19:22:27.718562-05,script,
3355,10,25,250.071,2026-07-17 19:22:27.718562-05,2026-07-17 19:22:27.718562-05,script,
3356,10,26,453.535,2026-07-17 19:22:27.718562-05,2026-07-17 19:22:27.718562-05,script,
3357,10,27,307.050,2026-07-17 19:22:27.718562-05,2026-07-17 19:22:27.718562-05,script,
3358,10,28,436.847,2026-07-17 19:22:27.718562-05,2026-07-17 19:22:27.718562-05,script,
3359,10,29,543.739,2026-07-17 19:22:27.718562-05,2026-07-17 19:22:27.718562-05,script,
3360,10,30,234.283,2026-07-17 19:22:27.718562-05,2026-07-17 19:22:27.718562-05,script,
3361,10,31,365.578,2026-07-17 19:22:27.718562-05,2026-07-17 19:22:27.718562-05,script,
3362,10,32,256.733,2026-07-17 19:22:27.718562-05,2026-07-17 19:22:27.718562-05,script,
3363,10,33,371.437,2026-07-17 19:22:27.718562-05,2026-07-17 19:22:27.718562-05,script,
3364,10,34,199.661,2026-07-17 19:22:27.718562-05,2026-07-17 19:22:27.718562-05,script,
3365,10,35,404.955,2026-07-17 19:22:27.718562-05,2026-07-17 19:22:27.718562-05,script,
3366,10,36,498.992,2026-07-17 19:22:27.718562-05,2026-07-17 19:22:27.718562-05,script,
3367,10,37,252.506,2026-07-17 19:22:27.718562-05,2026-07-17 19:22:27.718562-05,script,
3368,10,38,443.287,2026-07-17 19:22:27.718562-05,2026-07-17 19:22:27.718562-05,script,
3369,10,39,259.285,2026-07-17 19:22:27.718562-05,2026-07-17 19:22:27.718562-05,script,
3370,10,40,505.932,2026-07-17 19:22:27.718562-05,2026-07-17 19:22:27.718562-05,script,
3371,10,41,445.285,2026-07-17 19:22:27.718562-05,2026-07-17 19:22:27.718562-05,script,
3372,10,42,518.754,2026-07-17 19:22:27.718562-05,2026-07-17 19:22:27.718562-05,script,
3373,10,43,408.012,2026-07-17 19:22:27.718562-05,2026-07-17 19:22:27.718562-05,script,
3374,10,44,458.165,2026-07-17 19:22:27.718562-05,2026-07-17 19:22:27.718562-05,script,
3375,10,45,177.541,2026-07-17 19:22:27.718562-05,2026-07-17 19:22:27.718562-05,script,
3376,10,46,439.809,2026-07-17 19:22:27.718562-05,2026-07-17 19:22:27.718562-05,script,
3377,10,47,306.813,2026-07-17 19:22:27.718562-05,2026-07-17 19:22:27.718562-05,script,
3378,10,48,485.435,2026-07-17 19:22:27.718562-05,2026-07-17 19:22:27.718562-05,script,
3379,10,49,207.560,2026-07-17 19:22:27.718562-05,2026-07-17 19:22:27.718562-05,script,
3380,10,50,175.234,2026-07-17 19:22:27.718562-05,2026-07-17 19:22:27.718562-05,script,
3381,10,51,312.662,2026-07-17 19:22:27.718562-05,2026-07-17 19:22:27.718562-05,script,
3382,10,52,360.450,2026-07-17 19:22:27.718562-05,2026-07-17 19:22:27.718562-05,script,
3383,10,53,529.032,2026-07-17 19:22:27.718562-05,2026-07-17 19:22:27.718562-05,script,
3384,10,54,378.248,2026-07-17 19:22:27.718562-05,2026-07-17 19:22:27.718562-05,script,
3385,10,55,302.235,2026-07-17 19:22:27.718562-05,2026-07-17 19:22:27.718562-05,script,
3386,10,56,315.198,2026-07-17 19:22:27.718562-05,2026-07-17 19:22:27.718562-05,script,
3387,10,57,505.881,2026-07-17 19:22:27.718562-05,2026-07-17 19:22:27.718562-05,script,
3388,10,58,277.294,2026-07-17 19:22:27.718562-05,2026-07-17 19:22:27.718562-05,script,
3389,10,59,503.333,2026-07-17 19:22:27.718562-05,2026-07-17 19:22:27.718562-05,script,
3390,10,60,239.403,2026-07-17 19:22:27.718562-05,2026-07-17 19:22:27.718562-05,script,
3391,10,61,524.165,2026-07-17 19:22:27.718562-05,2026-07-17 19:22:27.718562-05,script,
3392,10,62,379.123,2026-07-17 19:22:27.718562-05,2026-07-17 19:22:27.718562-05,script,
3393,10,63,502.209,2026-07-17 19:22:27.718562-05,2026-07-17 19:22:27.718562-05,script,
3394,10,64,495.618,2026-07-17 19:22:27.718562-05,2026-07-17 19:22:27.718562-05,script,
3395,10,65,369.713,2026-07-17 19:22:27.718562-05,2026-07-17 19:22:27.718562-05,script,
3396,10,66,295.932,2026-07-17 19:22:27.718562-05,2026-07-17 19:22:27.718562-05,script,
3397,10,67,166.006,2026-07-17 19:22:27.718562-05,2026-07-17 19:22:27.718562-05,script,
3398,10,68,300.773,2026-07-17 19:22:27.718562-05,2026-07-17 19:22:27.718562-05,script,
3399,10,69,264.890,2026-07-17 19:22:27.718562-05,2026-07-17 19:22:27.718562-05,script,
3400,10,70,452.726,2026-07-17 19:22:27.718562-05,2026-07-17 19:22:27.718562-05,script,
3401,10,71,428.049,2026-07-17 19:22:27.718562-05,2026-07-17 19:22:27.718562-05,script,
3402,10,72,240.738,2026-07-17 19:22:27.718562-05,2026-07-17 19:22:27.718562-05,script,
3403,10,73,246.046,2026-07-17 19:22:27.718562-05,2026-07-17 19:22:27.718562-05,script,
3404,10,74,152.446,2026-07-17 19:22:27.718562-05,2026-07-17 19:22:27.718562-05,script,
3405,10,75,207.627,2026-07-17 19:22:27.718562-05,2026-07-17 19:22:27.718562-05,script,
3406,10,76,33.968,2026-07-17 19:22:27.718562-05,2026-07-17 19:22:27.718562-05,script,
3407,10,77,10.653,2026-07-17 19:22:27.718562-05,2026-07-17 19:22:27.718562-05,script,
3408,10,78,32.803,2026-07-17 19:22:27.718562-05,2026-07-17 19:22:27.718562-05,script,
3409,10,79,66.475,2026-07-17 19:22:27.718562-05,2026-07-17 19:22:27.718562-05,script,
3410,10,80,33.925,2026-07-17 19:22:27.718562-05,2026-07-17 19:22:27.718562-05,script,
3411,10,81,79.508,2026-07-17 19:22:27.718562-05,2026-07-17 19:22:27.718562-05,script,
3412,10,82,24.575,2026-07-17 19:22:27.718562-05,2026-07-17 19:22:27.718562-05,script,
3413,10,83,68.330,2026-07-17 19:22:27.718562-05,2026-07-17 19:22:27.718562-05,script,
3414,10,84,56.410,2026-07-17 19:22:27.718562-05,2026-07-17 19:22:27.718562-05,script,
3415,10,85,67.437,2026-07-17 19:22:27.718562-05,2026-07-17 19:22:27.718562-05,script,
3416,10,86,76.349,2026-07-17 19:22:27.718562-05,2026-07-17 19:22:27.718562-05,script,
3417,10,87,21.901,2026-07-17 19:22:27.718562-05,2026-07-17 19:22:27.718562-05,script,
3418,10,88,63.805,2026-07-17 19:22:27.718562-05,2026-07-17 19:22:27.718562-05,script,
3419,10,89,33.951,2026-07-17 19:22:27.718562-05,2026-07-17 19:22:27.718562-05,script,
3420,10,90,41.356,2026-07-17 19:22:27.718562-05,2026-07-17 19:22:27.718562-05,script,
3421,10,91,24.455,2026-07-17 19:22:27.718562-05,2026-07-17 19:22:27.718562-05,script,
3422,10,92,70.450,2026-07-17 19:22:27.718562-05,2026-07-17 19:22:27.718562-05,script,
3423,10,93,28.983,2026-07-17 19:22:27.718562-05,2026-07-17 19:22:27.718562-05,script,
3424,10,94,65.877,2026-07-17 19:22:27.718562-05,2026-07-17 19:22:27.718562-05,script,
3425,10,95,37.811,2026-07-17 19:22:27.718562-05,2026-07-17 19:22:27.718562-05,script,
3426,10,96,53.232,2026-07-17 19:22:27.718562-05,2026-07-17 19:22:27.718562-05,script,
3427,10,97,41.970,2026-07-17 19:22:27.718562-05,2026-07-17 19:22:27.718562-05,script,
3428,10,98,41.083,2026-07-17 19:22:27.718562-05,2026-07-17 19:22:27.718562-05,script,
3429,10,99,55.319,2026-07-17 19:22:27.718562-05,2026-07-17 19:22:27.718562-05,script,
3430,10,100,30.491,2026-07-17 19:22:27.718562-05,2026-07-17 19:22:27.718562-05,script,
3431,10,101,69.836,2026-07-17 19:22:27.718562-05,2026-07-17 19:22:27.718562-05,script,
3432,10,102,74.776,2026-07-17 19:22:27.718562-05,2026-07-17 19:22:27.718562-05,script,
3433,10,103,35.830,2026-07-17 19:22:27.718562-05,2026-07-17 19:22:27.718562-05,script,
3434,10,104,35.493,2026-07-17 19:22:27.718562-05,2026-07-17 19:22:27.718562-05,script,
3435,10,105,67.837,2026-07-17 19:22:27.718562-05,2026-07-17 19:22:27.718562-05,script,
3436,10,106,18.324,2026-07-17 19:22:27.718562-05,2026-07-17 19:22:27.718562-05,script,
3437,10,107,74.479,2026-07-17 19:22:27.718562-05,2026-07-17 19:22:27.718562-05,script,
3438,10,108,57.203,2026-07-17 19:22:27.718562-05,2026-07-17 19:22:27.718562-05,script,
3439,10,109,71.993,2026-07-17 19:22:27.718562-05,2026-07-17 19:22:27.718562-05,script,
3440,10,110,16.254,2026-07-17 19:22:27.718562-05,2026-07-17 19:22:27.718562-05,script,
3441,10,111,20.452,2026-07-17 19:22:27.718562-05,2026-07-17 19:22:27.718562-05,script,
3442,10,112,23.126,2026-07-17 19:22:27.718562-05,2026-07-17 19:22:27.718562-05,script,
3443,10,113,75.535,2026-07-17 19:22:27.718562-05,2026-07-17 19:22:27.718562-05,script,
3444,10,114,77.615,2026-07-17 19:22:27.718562-05,2026-07-17 19:22:27.718562-05,script,
3445,10,115,74.337,2026-07-17 19:22:27.718562-05,2026-07-17 19:22:27.718562-05,script,
3446,10,116,40.095,2026-07-17 19:22:27.718562-05,2026-07-17 19:22:27.718562-05,script,
3447,10,117,12.802,2026-07-17 19:22:27.718562-05,2026-07-17 19:22:27.718562-05,script,
3448,10,118,60.781,2026-07-17 19:22:27.718562-05,2026-07-17 19:22:27.718562-05,script,
3449,10,119,34.649,2026-07-17 19:22:27.718562-05,2026-07-17 19:22:27.718562-05,script,
3450,10,120,39.113,2026-07-17 19:22:27.718562-05,2026-07-17 19:22:27.718562-05,script,
3451,10,121,40.243,2026-07-17 19:22:27.718562-05,2026-07-17 19:22:27.718562-05,script,
3452,10,122,72.509,2026-07-17 19:22:27.718562-05,2026-07-17 19:22:27.718562-05,script,
3453,10,123,52.865,2026-07-17 19:22:27.718562-05,2026-07-17 19:22:27.718562-05,script,
3454,10,124,75.314,2026-07-17 19:22:27.718562-05,2026-07-17 19:22:27.718562-05,script,
3455,10,125,49.052,2026-07-17 19:22:27.718562-05,2026-07-17 19:22:27.718562-05,script,
3456,10,126,71.911,2026-07-17 19:22:27.718562-05,2026-07-17 19:22:27.718562-05,script,
3457,10,127,61.460,2026-07-17 19:22:27.718562-05,2026-07-17 19:22:27.718562-05,script,
3458,10,128,46.385,2026-07-17 19:22:27.718562-05,2026-07-17 19:22:27.718562-05,script,
3459,10,129,36.666,2026-07-17 19:22:27.718562-05,2026-07-17 19:22:27.718562-05,script,
3460,10,130,37.197,2026-07-17 19:22:27.718562-05,2026-07-17 19:22:27.718562-05,script,
3461,10,131,62.780,2026-07-17 19:22:27.718562-05,2026-07-17 19:22:27.718562-05,script,
3462,10,132,16.820,2026-07-17 19:22:27.718562-05,2026-07-17 19:22:27.718562-05,script,
3463,10,133,36.772,2026-07-17 19:22:27.718562-05,2026-07-17 19:22:27.718562-05,script,
3464,10,134,35.478,2026-07-17 19:22:27.718562-05,2026-07-17 19:22:27.718562-05,script,
3465,10,135,77.878,2026-07-17 19:22:27.718562-05,2026-07-17 19:22:27.718562-05,script,
3466,10,136,52.889,2026-07-17 19:22:27.718562-05,2026-07-17 19:22:27.718562-05,script,
3467,10,137,57.829,2026-07-17 19:22:27.718562-05,2026-07-17 19:22:27.718562-05,script,
3468,10,138,33.146,2026-07-17 19:22:27.718562-05,2026-07-17 19:22:27.718562-05,script,
3469,10,139,35.609,2026-07-17 19:22:27.718562-05,2026-07-17 19:22:27.718562-05,script,
3470,10,140,65.350,2026-07-17 19:22:27.718562-05,2026-07-17 19:22:27.718562-05,script,
3471,10,141,79.807,2026-07-17 19:22:27.718562-05,2026-07-17 19:22:27.718562-05,script,
3472,10,142,22.073,2026-07-17 19:22:27.718562-05,2026-07-17 19:22:27.718562-05,script,
3473,10,143,71.555,2026-07-17 19:22:27.718562-05,2026-07-17 19:22:27.718562-05,script,
3474,10,144,60.925,2026-07-17 19:22:27.718562-05,2026-07-17 19:22:27.718562-05,script,
3475,10,145,25.114,2026-07-17 19:22:27.718562-05,2026-07-17 19:22:27.718562-05,script,
3476,10,146,49.859,2026-07-17 19:22:27.718562-05,2026-07-17 19:22:27.718562-05,script,
3477,10,147,61.898,2026-07-17 19:22:27.718562-05,2026-07-17 19:22:27.718562-05,script,
3478,10,148,25.199,2026-07-17 19:22:27.718562-05,2026-07-17 19:22:27.718562-05,script,
3479,10,149,29.180,2026-07-17 19:22:27.718562-05,2026-07-17 19:22:27.718562-05,script,
3480,10,150,60.734,2026-07-17 19:22:27.718562-05,2026-07-17 19:22:27.718562-05,script,
3481,10,151,501.495,2026-07-17 19:22:27.718562-05,2026-07-17 19:22:27.718562-05,script,
3482,10,152,267.694,2026-07-17 19:22:27.718562-05,2026-07-17 19:22:27.718562-05,script,
3483,10,153,262.601,2026-07-17 19:22:27.718562-05,2026-07-17 19:22:27.718562-05,script,
3484,10,154,488.113,2026-07-17 19:22:27.718562-05,2026-07-17 19:22:27.718562-05,script,
3485,10,155,428.929,2026-07-17 19:22:27.718562-05,2026-07-17 19:22:27.718562-05,script,
3486,10,156,379.288,2026-07-17 19:22:27.718562-05,2026-07-17 19:22:27.718562-05,script,
3487,10,157,397.709,2026-07-17 19:22:27.718562-05,2026-07-17 19:22:27.718562-05,script,
3488,10,158,186.485,2026-07-17 19:22:27.718562-05,2026-07-17 19:22:27.718562-05,script,
3489,10,159,401.210,2026-07-17 19:22:27.718562-05,2026-07-17 19:22:27.718562-05,script,
3490,10,160,182.796,2026-07-17 19:22:27.718562-05,2026-07-17 19:22:27.718562-05,script,
3491,10,161,282.391,2026-07-17 19:22:27.718562-05,2026-07-17 19:22:27.718562-05,script,
3492,10,162,412.617,2026-07-17 19:22:27.718562-05,2026-07-17 19:22:27.718562-05,script,
3493,10,163,352.096,2026-07-17 19:22:27.718562-05,2026-07-17 19:22:27.718562-05,script,
3494,10,164,368.974,2026-07-17 19:22:27.718562-05,2026-07-17 19:22:27.718562-05,script,
3495,10,165,168.341,2026-07-17 19:22:27.718562-05,2026-07-17 19:22:27.718562-05,script,
3496,10,166,475.921,2026-07-17 19:22:27.718562-05,2026-07-17 19:22:27.718562-05,script,
3497,10,167,154.005,2026-07-17 19:22:27.718562-05,2026-07-17 19:22:27.718562-05,script,
3498,10,168,179.330,2026-07-17 19:22:27.718562-05,2026-07-17 19:22:27.718562-05,script,
3499,10,169,470.771,2026-07-17 19:22:27.718562-05,2026-07-17 19:22:27.718562-05,script,
3500,10,170,362.110,2026-07-17 19:22:27.718562-05,2026-07-17 19:22:27.718562-05,script,
3501,10,171,508.823,2026-07-17 19:22:27.718562-05,2026-07-17 19:22:27.718562-05,script,
3502,10,172,198.648,2026-07-17 19:22:27.718562-05,2026-07-17 19:22:27.718562-05,script,
3503,10,173,211.873,2026-07-17 19:22:27.718562-05,2026-07-17 19:22:27.718562-05,script,
3504,10,174,157.483,2026-07-17 19:22:27.718562-05,2026-07-17 19:22:27.718562-05,script,
3505,10,175,445.754,2026-07-17 19:22:27.718562-05,2026-07-17 19:22:27.718562-05,script,
3506,10,176,332.383,2026-07-17 19:22:27.718562-05,2026-07-17 19:22:27.718562-05,script,
3507,10,177,357.288,2026-07-17 19:22:27.718562-05,2026-07-17 19:22:27.718562-05,script,
3508,10,178,531.058,2026-07-17 19:22:27.718562-05,2026-07-17 19:22:27.718562-05,script,
3509,10,179,447.112,2026-07-17 19:22:27.718562-05,2026-07-17 19:22:27.718562-05,script,
3510,10,180,304.468,2026-07-17 19:22:27.718562-05,2026-07-17 19:22:27.718562-05,script,
3511,10,181,216.093,2026-07-17 19:22:27.718562-05,2026-07-17 19:22:27.718562-05,script,
3512,10,182,371.434,2026-07-17 19:22:27.718562-05,2026-07-17 19:22:27.718562-05,script,
3513,10,183,418.338,2026-07-17 19:22:27.718562-05,2026-07-17 19:22:27.718562-05,script,
3514,10,184,548.165,2026-07-17 19:22:27.718562-05,2026-07-17 19:22:27.718562-05,script,
3515,10,185,392.247,2026-07-17 19:22:27.718562-05,2026-07-17 19:22:27.718562-05,script,
3516,10,186,512.128,2026-07-17 19:22:27.718562-05,2026-07-17 19:22:27.718562-05,script,
3517,10,187,366.693,2026-07-17 19:22:27.718562-05,2026-07-17 19:22:27.718562-05,script,
3518,10,188,466.160,2026-07-17 19:22:27.718562-05,2026-07-17 19:22:27.718562-05,script,
3519,10,189,451.851,2026-07-17 19:22:27.718562-05,2026-07-17 19:22:27.718562-05,script,
3520,10,190,330.148,2026-07-17 19:22:27.718562-05,2026-07-17 19:22:27.718562-05,script,
3521,10,191,343.429,2026-07-17 19:22:27.718562-05,2026-07-17 19:22:27.718562-05,script,
3522,10,192,167.145,2026-07-17 19:22:27.718562-05,2026-07-17 19:22:27.718562-05,script,
3523,10,193,415.145,2026-07-17 19:22:27.718562-05,2026-07-17 19:22:27.718562-05,script,
3524,10,194,483.985,2026-07-17 19:22:27.718562-05,2026-07-17 19:22:27.718562-05,script,
3525,10,195,355.735,2026-07-17 19:22:27.718562-05,2026-07-17 19:22:27.718562-05,script,
3526,10,196,272.412,2026-07-17 19:22:27.718562-05,2026-07-17 19:22:27.718562-05,script,
3527,10,197,359.030,2026-07-17 19:22:27.718562-05,2026-07-17 19:22:27.718562-05,script,
3528,10,198,295.551,2026-07-17 19:22:27.718562-05,2026-07-17 19:22:27.718562-05,script,
3529,10,199,358.608,2026-07-17 19:22:27.718562-05,2026-07-17 19:22:27.718562-05,script,
3530,10,200,525.131,2026-07-17 19:22:27.718562-05,2026-07-17 19:22:27.718562-05,script,
3531,10,201,334.528,2026-07-17 19:22:27.718562-05,2026-07-17 19:22:27.718562-05,script,
3532,10,202,483.902,2026-07-17 19:22:27.718562-05,2026-07-17 19:22:27.718562-05,script,
3533,10,203,434.342,2026-07-17 19:22:27.718562-05,2026-07-17 19:22:27.718562-05,script,
3534,10,204,372.112,2026-07-17 19:22:27.718562-05,2026-07-17 19:22:27.718562-05,script,
3535,10,205,207.794,2026-07-17 19:22:27.718562-05,2026-07-17 19:22:27.718562-05,script,
3536,10,206,525.680,2026-07-17 19:22:27.718562-05,2026-07-17 19:22:27.718562-05,script,
3537,10,207,370.253,2026-07-17 19:22:27.718562-05,2026-07-17 19:22:27.718562-05,script,
3538,10,208,316.697,2026-07-17 19:22:27.718562-05,2026-07-17 19:22:27.718562-05,script,
3539,10,209,248.343,2026-07-17 19:22:27.718562-05,2026-07-17 19:22:27.718562-05,script,
3540,10,210,187.799,2026-07-17 19:22:27.718562-05,2026-07-17 19:22:27.718562-05,script,
3541,10,211,296.677,2026-07-17 19:22:27.718562-05,2026-07-17 19:22:27.718562-05,script,
3542,10,212,205.469,2026-07-17 19:22:27.718562-05,2026-07-17 19:22:27.718562-05,script,
3543,10,213,276.440,2026-07-17 19:22:27.718562-05,2026-07-17 19:22:27.718562-05,script,
3544,10,214,178.411,2026-07-17 19:22:27.718562-05,2026-07-17 19:22:27.718562-05,script,
3545,10,215,503.439,2026-07-17 19:22:27.718562-05,2026-07-17 19:22:27.718562-05,script,
3546,10,216,368.496,2026-07-17 19:22:27.718562-05,2026-07-17 19:22:27.718562-05,script,
3547,10,217,326.229,2026-07-17 19:22:27.718562-05,2026-07-17 19:22:27.718562-05,script,
3548,10,218,544.952,2026-07-17 19:22:27.718562-05,2026-07-17 19:22:27.718562-05,script,
3549,10,219,513.559,2026-07-17 19:22:27.718562-05,2026-07-17 19:22:27.718562-05,script,
3550,10,220,443.564,2026-07-17 19:22:27.718562-05,2026-07-17 19:22:27.718562-05,script,
3551,10,221,212.256,2026-07-17 19:22:27.718562-05,2026-07-17 19:22:27.718562-05,script,
3552,10,222,415.026,2026-07-17 19:22:27.718562-05,2026-07-17 19:22:27.718562-05,script,
3553,10,223,399.607,2026-07-17 19:22:27.718562-05,2026-07-17 19:22:27.718562-05,script,
3554,10,224,483.967,2026-07-17 19:22:27.718562-05,2026-07-17 19:22:27.718562-05,script,
3555,10,225,408.423,2026-07-17 19:22:27.718562-05,2026-07-17 19:22:27.718562-05,script,
3556,10,226,192.223,2026-07-17 19:22:27.718562-05,2026-07-17 19:22:27.718562-05,script,
3557,10,227,217.187,2026-07-17 19:22:27.718562-05,2026-07-17 19:22:27.718562-05,script,
3558,10,228,162.445,2026-07-17 19:22:27.718562-05,2026-07-17 19:22:27.718562-05,script,
3559,10,229,95.703,2026-07-17 19:22:27.718562-05,2026-07-17 19:22:27.718562-05,script,
3560,10,230,230.896,2026-07-17 19:22:27.718562-05,2026-07-17 19:22:27.718562-05,script,
3561,10,231,131.052,2026-07-17 19:22:27.718562-05,2026-07-17 19:22:27.718562-05,script,
3562,10,232,225.582,2026-07-17 19:22:27.718562-05,2026-07-17 19:22:27.718562-05,script,
3563,10,233,172.595,2026-07-17 19:22:27.718562-05,2026-07-17 19:22:27.718562-05,script,
3564,10,234,62.984,2026-07-17 19:22:27.718562-05,2026-07-17 19:22:27.718562-05,script,
3565,10,235,181.137,2026-07-17 19:22:27.718562-05,2026-07-17 19:22:27.718562-05,script,
3566,10,236,168.992,2026-07-17 19:22:27.718562-05,2026-07-17 19:22:27.718562-05,script,
3567,10,237,69.926,2026-07-17 19:22:27.718562-05,2026-07-17 19:22:27.718562-05,script,
3568,10,238,142.678,2026-07-17 19:22:27.718562-05,2026-07-17 19:22:27.718562-05,script,
3569,10,239,94.422,2026-07-17 19:22:27.718562-05,2026-07-17 19:22:27.718562-05,script,
3570,10,240,104.245,2026-07-17 19:22:27.718562-05,2026-07-17 19:22:27.718562-05,script,
3571,10,241,229.933,2026-07-17 19:22:27.718562-05,2026-07-17 19:22:27.718562-05,script,
3572,10,242,155.868,2026-07-17 19:22:27.718562-05,2026-07-17 19:22:27.718562-05,script,
3573,10,243,182.388,2026-07-17 19:22:27.718562-05,2026-07-17 19:22:27.718562-05,script,
3574,10,244,221.838,2026-07-17 19:22:27.718562-05,2026-07-17 19:22:27.718562-05,script,
3575,10,245,152.787,2026-07-17 19:22:27.718562-05,2026-07-17 19:22:27.718562-05,script,
3576,10,246,154.941,2026-07-17 19:22:27.718562-05,2026-07-17 19:22:27.718562-05,script,
3577,10,247,110.259,2026-07-17 19:22:27.718562-05,2026-07-17 19:22:27.718562-05,script,
3578,10,248,226.811,2026-07-17 19:22:27.718562-05,2026-07-17 19:22:27.718562-05,script,
3579,10,249,167.864,2026-07-17 19:22:27.718562-05,2026-07-17 19:22:27.718562-05,script,
3580,10,250,112.222,2026-07-17 19:22:27.718562-05,2026-07-17 19:22:27.718562-05,script,
3581,10,251,166.370,2026-07-17 19:22:27.718562-05,2026-07-17 19:22:27.718562-05,script,
3582,10,252,130.116,2026-07-17 19:22:27.718562-05,2026-07-17 19:22:27.718562-05,script,
3583,10,253,199.663,2026-07-17 19:22:27.718562-05,2026-07-17 19:22:27.718562-05,script,
3584,10,254,188.703,2026-07-17 19:22:27.718562-05,2026-07-17 19:22:27.718562-05,script,
3585,10,255,178.885,2026-07-17 19:22:27.718562-05,2026-07-17 19:22:27.718562-05,script,
3586,10,256,194.652,2026-07-17 19:22:27.718562-05,2026-07-17 19:22:27.718562-05,script,
3587,10,257,197.445,2026-07-17 19:22:27.718562-05,2026-07-17 19:22:27.718562-05,script,
3588,10,258,173.272,2026-07-17 19:22:27.718562-05,2026-07-17 19:22:27.718562-05,script,
3589,10,259,194.252,2026-07-17 19:22:27.718562-05,2026-07-17 19:22:27.718562-05,script,
3590,10,260,154.034,2026-07-17 19:22:27.718562-05,2026-07-17 19:22:27.718562-05,script,
3591,10,261,73.784,2026-07-17 19:22:27.718562-05,2026-07-17 19:22:27.718562-05,script,
3592,10,262,163.254,2026-07-17 19:22:27.718562-05,2026-07-17 19:22:27.718562-05,script,
3593,10,263,87.306,2026-07-17 19:22:27.718562-05,2026-07-17 19:22:27.718562-05,script,
3594,10,264,167.234,2026-07-17 19:22:27.718562-05,2026-07-17 19:22:27.718562-05,script,
3595,10,265,172.059,2026-07-17 19:22:27.718562-05,2026-07-17 19:22:27.718562-05,script,
3596,10,266,134.148,2026-07-17 19:22:27.718562-05,2026-07-17 19:22:27.718562-05,script,
3597,10,267,194.819,2026-07-17 19:22:27.718562-05,2026-07-17 19:22:27.718562-05,script,
3598,10,268,130.648,2026-07-17 19:22:27.718562-05,2026-07-17 19:22:27.718562-05,script,
3599,10,269,187.670,2026-07-17 19:22:27.718562-05,2026-07-17 19:22:27.718562-05,script,
3600,10,270,104.771,2026-07-17 19:22:27.718562-05,2026-07-17 19:22:27.718562-05,script,
3601,10,271,122.534,2026-07-17 19:22:27.718562-05,2026-07-17 19:22:27.718562-05,script,
3602,10,272,233.185,2026-07-17 19:22:27.718562-05,2026-07-17 19:22:27.718562-05,script,
3603,10,273,181.246,2026-07-17 19:22:27.718562-05,2026-07-17 19:22:27.718562-05,script,
3604,10,274,186.140,2026-07-17 19:22:27.718562-05,2026-07-17 19:22:27.718562-05,script,
3605,10,275,163.617,2026-07-17 19:22:27.718562-05,2026-07-17 19:22:27.718562-05,script,
3606,10,276,214.698,2026-07-17 19:22:27.718562-05,2026-07-17 19:22:27.718562-05,script,
3607,10,277,93.616,2026-07-17 19:22:27.718562-05,2026-07-17 19:22:27.718562-05,script,
3608,10,278,218.119,2026-07-17 19:22:27.718562-05,2026-07-17 19:22:27.718562-05,script,
3609,10,279,75.582,2026-07-17 19:22:27.718562-05,2026-07-17 19:22:27.718562-05,script,
3610,10,280,228.816,2026-07-17 19:22:27.718562-05,2026-07-17 19:22:27.718562-05,script,
3611,10,281,25.144,2026-07-17 19:22:27.718562-05,2026-07-17 19:22:27.718562-05,script,
3612,10,282,40.671,2026-07-17 19:22:27.718562-05,2026-07-17 19:22:27.718562-05,script,
3613,10,283,68.416,2026-07-17 19:22:27.718562-05,2026-07-17 19:22:27.718562-05,script,
3614,10,284,19.853,2026-07-17 19:22:27.718562-05,2026-07-17 19:22:27.718562-05,script,
3615,10,285,75.538,2026-07-17 19:22:27.718562-05,2026-07-17 19:22:27.718562-05,script,
3616,10,286,28.820,2026-07-17 19:22:27.718562-05,2026-07-17 19:22:27.718562-05,script,
3617,10,287,22.437,2026-07-17 19:22:27.718562-05,2026-07-17 19:22:27.718562-05,script,
3618,10,288,75.817,2026-07-17 19:22:27.718562-05,2026-07-17 19:22:27.718562-05,script,
3619,10,289,15.249,2026-07-17 19:22:27.718562-05,2026-07-17 19:22:27.718562-05,script,
3620,10,290,36.100,2026-07-17 19:22:27.718562-05,2026-07-17 19:22:27.718562-05,script,
3621,10,291,66.112,2026-07-17 19:22:27.718562-05,2026-07-17 19:22:27.718562-05,script,
3622,10,292,23.356,2026-07-17 19:22:27.718562-05,2026-07-17 19:22:27.718562-05,script,
3623,10,293,21.436,2026-07-17 19:22:27.718562-05,2026-07-17 19:22:27.718562-05,script,
3624,10,294,16.560,2026-07-17 19:22:27.718562-05,2026-07-17 19:22:27.718562-05,script,
3625,10,295,15.527,2026-07-17 19:22:27.718562-05,2026-07-17 19:22:27.718562-05,script,
3626,10,296,62.570,2026-07-17 19:22:27.718562-05,2026-07-17 19:22:27.718562-05,script,
3627,10,297,22.209,2026-07-17 19:22:27.718562-05,2026-07-17 19:22:27.718562-05,script,
3628,10,298,28.106,2026-07-17 19:22:27.718562-05,2026-07-17 19:22:27.718562-05,script,
3629,10,299,38.130,2026-07-17 19:22:27.718562-05,2026-07-17 19:22:27.718562-05,script,
3630,10,300,56.982,2026-07-17 19:22:27.718562-05,2026-07-17 19:22:27.718562-05,script,
3631,10,301,60.218,2026-07-17 19:22:27.718562-05,2026-07-17 19:22:27.718562-05,script,
3632,10,302,73.951,2026-07-17 19:22:27.718562-05,2026-07-17 19:22:27.718562-05,script,
3633,10,303,21.667,2026-07-17 19:22:27.718562-05,2026-07-17 19:22:27.718562-05,script,
3634,10,304,77.954,2026-07-17 19:22:27.718562-05,2026-07-17 19:22:27.718562-05,script,
3635,10,305,79.287,2026-07-17 19:22:27.718562-05,2026-07-17 19:22:27.718562-05,script,
3636,10,306,54.143,2026-07-17 19:22:27.718562-05,2026-07-17 19:22:27.718562-05,script,
3637,10,307,35.923,2026-07-17 19:22:27.718562-05,2026-07-17 19:22:27.718562-05,script,
3638,10,308,32.474,2026-07-17 19:22:27.718562-05,2026-07-17 19:22:27.718562-05,script,
3639,10,309,53.160,2026-07-17 19:22:27.718562-05,2026-07-17 19:22:27.718562-05,script,
3640,10,310,57.472,2026-07-17 19:22:27.718562-05,2026-07-17 19:22:27.718562-05,script,
3641,10,311,17.264,2026-07-17 19:22:27.718562-05,2026-07-17 19:22:27.718562-05,script,
3642,10,312,47.590,2026-07-17 19:22:27.718562-05,2026-07-17 19:22:27.718562-05,script,
3643,10,313,23.451,2026-07-17 19:22:27.718562-05,2026-07-17 19:22:27.718562-05,script,
3644,10,314,18.278,2026-07-17 19:22:27.718562-05,2026-07-17 19:22:27.718562-05,script,
3645,10,315,12.983,2026-07-17 19:22:27.718562-05,2026-07-17 19:22:27.718562-05,script,
3646,10,316,62.202,2026-07-17 19:22:27.718562-05,2026-07-17 19:22:27.718562-05,script,
3647,10,317,47.056,2026-07-17 19:22:27.718562-05,2026-07-17 19:22:27.718562-05,script,
3648,10,318,11.261,2026-07-17 19:22:27.718562-05,2026-07-17 19:22:27.718562-05,script,
3649,10,319,26.996,2026-07-17 19:22:27.718562-05,2026-07-17 19:22:27.718562-05,script,
3650,10,320,71.579,2026-07-17 19:22:27.718562-05,2026-07-17 19:22:27.718562-05,script,
3651,10,321,41.536,2026-07-17 19:22:27.718562-05,2026-07-17 19:22:27.718562-05,script,
3652,10,322,73.338,2026-07-17 19:22:27.718562-05,2026-07-17 19:22:27.718562-05,script,
3653,10,323,58.110,2026-07-17 19:22:27.718562-05,2026-07-17 19:22:27.718562-05,script,
3654,10,324,49.092,2026-07-17 19:22:27.718562-05,2026-07-17 19:22:27.718562-05,script,
3655,10,325,52.259,2026-07-17 19:22:27.718562-05,2026-07-17 19:22:27.718562-05,script,
3656,10,326,25.087,2026-07-17 19:22:27.718562-05,2026-07-17 19:22:27.718562-05,script,
3657,10,327,74.386,2026-07-17 19:22:27.718562-05,2026-07-17 19:22:27.718562-05,script,
3658,10,328,10.555,2026-07-17 19:22:27.718562-05,2026-07-17 19:22:27.718562-05,script,
3659,10,329,47.019,2026-07-17 19:22:27.718562-05,2026-07-17 19:22:27.718562-05,script,
3660,10,330,54.524,2026-07-17 19:22:27.718562-05,2026-07-17 19:22:27.718562-05,script,
3661,10,331,22.947,2026-07-17 19:22:27.718562-05,2026-07-17 19:22:27.718562-05,script,
3662,10,332,55.207,2026-07-17 19:22:27.718562-05,2026-07-17 19:22:27.718562-05,script,
3663,10,333,10.507,2026-07-17 19:22:27.718562-05,2026-07-17 19:22:27.718562-05,script,
3664,10,334,27.368,2026-07-17 19:22:27.718562-05,2026-07-17 19:22:27.718562-05,script,
3665,10,335,38.644,2026-07-17 19:22:27.718562-05,2026-07-17 19:22:27.718562-05,script,
3666,10,336,26.259,2026-07-17 19:22:27.718562-05,2026-07-17 19:22:27.718562-05,script,
3667,10,337,27.540,2026-07-17 19:22:27.718562-05,2026-07-17 19:22:27.718562-05,script,
3668,10,338,63.391,2026-07-17 19:22:27.718562-05,2026-07-17 19:22:27.718562-05,script,
3669,10,339,61.193,2026-07-17 19:22:27.718562-05,2026-07-17 19:22:27.718562-05,script,
3670,10,340,15.958,2026-07-17 19:22:27.718562-05,2026-07-17 19:22:27.718562-05,script,
3671,10,341,56.616,2026-07-17 19:22:27.718562-05,2026-07-17 19:22:27.718562-05,script,
3672,10,342,61.977,2026-07-17 19:22:27.718562-05,2026-07-17 19:22:27.718562-05,script,
3673,10,343,62.723,2026-07-17 19:22:27.718562-05,2026-07-17 19:22:27.718562-05,script,
3674,10,344,26.007,2026-07-17 19:22:27.718562-05,2026-07-17 19:22:27.718562-05,script,
3675,10,345,22.824,2026-07-17 19:22:27.718562-05,2026-07-17 19:22:27.718562-05,script,
3676,10,346,24.611,2026-07-17 19:22:27.718562-05,2026-07-17 19:22:27.718562-05,script,
3677,10,347,38.053,2026-07-17 19:22:27.718562-05,2026-07-17 19:22:27.718562-05,script,
3678,10,348,66.262,2026-07-17 19:22:27.718562-05,2026-07-17 19:22:27.718562-05,script,
3679,10,349,13.598,2026-07-17 19:22:27.718562-05,2026-07-17 19:22:27.718562-05,script,
3680,10,350,74.643,2026-07-17 19:22:27.718562-05,2026-07-17 19:22:27.718562-05,script,
3681,10,351,22.403,2026-07-17 19:22:27.718562-05,2026-07-17 19:22:27.718562-05,script,
3682,10,352,25.492,2026-07-17 19:22:27.718562-05,2026-07-17 19:22:27.718562-05,script,
3683,10,353,60.609,2026-07-17 19:22:27.718562-05,2026-07-17 19:22:27.718562-05,script,
3684,10,354,11.541,2026-07-17 19:22:27.718562-05,2026-07-17 19:22:27.718562-05,script,
3685,10,355,50.559,2026-07-17 19:22:27.718562-05,2026-07-17 19:22:27.718562-05,script,
3686,10,356,49.439,2026-07-17 19:22:27.718562-05,2026-07-17 19:22:27.718562-05,script,
3687,10,357,25.932,2026-07-17 19:22:27.718562-05,2026-07-17 19:22:27.718562-05,script,
3688,10,358,21.082,2026-07-17 19:22:27.718562-05,2026-07-17 19:22:27.718562-05,script,
3689,10,359,11.069,2026-07-17 19:22:27.718562-05,2026-07-17 19:22:27.718562-05,script,
3690,10,360,69.783,2026-07-17 19:22:27.718562-05,2026-07-17 19:22:27.718562-05,script,
3691,10,361,34.539,2026-07-17 19:22:27.718562-05,2026-07-17 19:22:27.718562-05,script,
3692,10,362,59.104,2026-07-17 19:22:27.718562-05,2026-07-17 19:22:27.718562-05,script,
3693,10,363,34.052,2026-07-17 19:22:27.718562-05,2026-07-17 19:22:27.718562-05,script,
3694,10,364,79.337,2026-07-17 19:22:27.718562-05,2026-07-17 19:22:27.718562-05,script,
3695,10,365,53.892,2026-07-17 19:22:27.718562-05,2026-07-17 19:22:27.718562-05,script,
3696,10,366,58.918,2026-07-17 19:22:27.718562-05,2026-07-17 19:22:27.718562-05,script,
3697,10,367,55.345,2026-07-17 19:22:27.718562-05,2026-07-17 19:22:27.718562-05,script,
3698,10,368,35.012,2026-07-17 19:22:27.718562-05,2026-07-17 19:22:27.718562-05,script,
3699,10,369,52.437,2026-07-17 19:22:27.718562-05,2026-07-17 19:22:27.718562-05,script,
3700,10,370,66.352,2026-07-17 19:22:27.718562-05,2026-07-17 19:22:27.718562-05,script,
3701,11,1,151.670,2026-07-17 19:22:27.718562-05,2026-07-17 19:22:27.718562-05,script,
3702,11,2,262.472,2026-07-17 19:22:27.718562-05,2026-07-17 19:22:27.718562-05,script,
3703,11,3,328.371,2026-07-17 19:22:27.718562-05,2026-07-17 19:22:27.718562-05,script,
3704,11,4,246.567,2026-07-17 19:22:27.718562-05,2026-07-17 19:22:27.718562-05,script,
3705,11,5,540.295,2026-07-17 19:22:27.718562-05,2026-07-17 19:22:27.718562-05,script,
3706,11,6,181.731,2026-07-17 19:22:27.718562-05,2026-07-17 19:22:27.718562-05,script,
3707,11,7,522.149,2026-07-17 19:22:27.718562-05,2026-07-17 19:22:27.718562-05,script,
3708,11,8,279.571,2026-07-17 19:22:27.718562-05,2026-07-17 19:22:27.718562-05,script,
3709,11,9,279.598,2026-07-17 19:22:27.718562-05,2026-07-17 19:22:27.718562-05,script,
3710,11,10,424.241,2026-07-17 19:22:27.718562-05,2026-07-17 19:22:27.718562-05,script,
3711,11,11,310.554,2026-07-17 19:22:27.718562-05,2026-07-17 19:22:27.718562-05,script,
3712,11,12,238.598,2026-07-17 19:22:27.718562-05,2026-07-17 19:22:27.718562-05,script,
3713,11,13,289.873,2026-07-17 19:22:27.718562-05,2026-07-17 19:22:27.718562-05,script,
3714,11,14,356.856,2026-07-17 19:22:27.718562-05,2026-07-17 19:22:27.718562-05,script,
3715,11,15,376.255,2026-07-17 19:22:27.718562-05,2026-07-17 19:22:27.718562-05,script,
3716,11,16,317.575,2026-07-17 19:22:27.718562-05,2026-07-17 19:22:27.718562-05,script,
3717,11,17,549.611,2026-07-17 19:22:27.718562-05,2026-07-17 19:22:27.718562-05,script,
3718,11,18,296.503,2026-07-17 19:22:27.718562-05,2026-07-17 19:22:27.718562-05,script,
3719,11,19,395.870,2026-07-17 19:22:27.718562-05,2026-07-17 19:22:27.718562-05,script,
3720,11,20,524.248,2026-07-17 19:22:27.718562-05,2026-07-17 19:22:27.718562-05,script,
3721,11,21,424.217,2026-07-17 19:22:27.718562-05,2026-07-17 19:22:27.718562-05,script,
3722,11,22,510.692,2026-07-17 19:22:27.718562-05,2026-07-17 19:22:27.718562-05,script,
3723,11,23,502.190,2026-07-17 19:22:27.718562-05,2026-07-17 19:22:27.718562-05,script,
3724,11,24,337.058,2026-07-17 19:22:27.718562-05,2026-07-17 19:22:27.718562-05,script,
3725,11,25,411.366,2026-07-17 19:22:27.718562-05,2026-07-17 19:22:27.718562-05,script,
3726,11,26,429.320,2026-07-17 19:22:27.718562-05,2026-07-17 19:22:27.718562-05,script,
3727,11,27,469.466,2026-07-17 19:22:27.718562-05,2026-07-17 19:22:27.718562-05,script,
3728,11,28,305.972,2026-07-17 19:22:27.718562-05,2026-07-17 19:22:27.718562-05,script,
3729,11,29,170.334,2026-07-17 19:22:27.718562-05,2026-07-17 19:22:27.718562-05,script,
3730,11,30,491.381,2026-07-17 19:22:27.718562-05,2026-07-17 19:22:27.718562-05,script,
3731,11,31,169.077,2026-07-17 19:22:27.718562-05,2026-07-17 19:22:27.718562-05,script,
3732,11,32,165.184,2026-07-17 19:22:27.718562-05,2026-07-17 19:22:27.718562-05,script,
3733,11,33,322.205,2026-07-17 19:22:27.718562-05,2026-07-17 19:22:27.718562-05,script,
3734,11,34,266.147,2026-07-17 19:22:27.718562-05,2026-07-17 19:22:27.718562-05,script,
3735,11,35,225.246,2026-07-17 19:22:27.718562-05,2026-07-17 19:22:27.718562-05,script,
3736,11,36,473.254,2026-07-17 19:22:27.718562-05,2026-07-17 19:22:27.718562-05,script,
3737,11,37,521.544,2026-07-17 19:22:27.718562-05,2026-07-17 19:22:27.718562-05,script,
3738,11,38,395.936,2026-07-17 19:22:27.718562-05,2026-07-17 19:22:27.718562-05,script,
3739,11,39,325.187,2026-07-17 19:22:27.718562-05,2026-07-17 19:22:27.718562-05,script,
3740,11,40,246.260,2026-07-17 19:22:27.718562-05,2026-07-17 19:22:27.718562-05,script,
3741,11,41,401.039,2026-07-17 19:22:27.718562-05,2026-07-17 19:22:27.718562-05,script,
3742,11,42,414.566,2026-07-17 19:22:27.718562-05,2026-07-17 19:22:27.718562-05,script,
3743,11,43,540.383,2026-07-17 19:22:27.718562-05,2026-07-17 19:22:27.718562-05,script,
3744,11,44,468.345,2026-07-17 19:22:27.718562-05,2026-07-17 19:22:27.718562-05,script,
3745,11,45,207.622,2026-07-17 19:22:27.718562-05,2026-07-17 19:22:27.718562-05,script,
3746,11,46,205.593,2026-07-17 19:22:27.718562-05,2026-07-17 19:22:27.718562-05,script,
3747,11,47,370.889,2026-07-17 19:22:27.718562-05,2026-07-17 19:22:27.718562-05,script,
3748,11,48,363.822,2026-07-17 19:22:27.718562-05,2026-07-17 19:22:27.718562-05,script,
3749,11,49,248.371,2026-07-17 19:22:27.718562-05,2026-07-17 19:22:27.718562-05,script,
3750,11,50,192.313,2026-07-17 19:22:27.718562-05,2026-07-17 19:22:27.718562-05,script,
3751,11,51,529.944,2026-07-17 19:22:27.718562-05,2026-07-17 19:22:27.718562-05,script,
3752,11,52,462.261,2026-07-17 19:22:27.718562-05,2026-07-17 19:22:27.718562-05,script,
3753,11,53,226.186,2026-07-17 19:22:27.718562-05,2026-07-17 19:22:27.718562-05,script,
3754,11,54,506.908,2026-07-17 19:22:27.718562-05,2026-07-17 19:22:27.718562-05,script,
3755,11,55,323.960,2026-07-17 19:22:27.718562-05,2026-07-17 19:22:27.718562-05,script,
3756,11,56,484.320,2026-07-17 19:22:27.718562-05,2026-07-17 19:22:27.718562-05,script,
3757,11,57,452.325,2026-07-17 19:22:27.718562-05,2026-07-17 19:22:27.718562-05,script,
3758,11,58,309.096,2026-07-17 19:22:27.718562-05,2026-07-17 19:22:27.718562-05,script,
3759,11,59,434.855,2026-07-17 19:22:27.718562-05,2026-07-17 19:22:27.718562-05,script,
3760,11,60,212.157,2026-07-17 19:22:27.718562-05,2026-07-17 19:22:27.718562-05,script,
3761,11,61,179.901,2026-07-17 19:22:27.718562-05,2026-07-17 19:22:27.718562-05,script,
3762,11,62,342.798,2026-07-17 19:22:27.718562-05,2026-07-17 19:22:27.718562-05,script,
3763,11,63,178.130,2026-07-17 19:22:27.718562-05,2026-07-17 19:22:27.718562-05,script,
3764,11,64,360.077,2026-07-17 19:22:27.718562-05,2026-07-17 19:22:27.718562-05,script,
3765,11,65,358.398,2026-07-17 19:22:27.718562-05,2026-07-17 19:22:27.718562-05,script,
3766,11,66,342.390,2026-07-17 19:22:27.718562-05,2026-07-17 19:22:27.718562-05,script,
3767,11,67,443.094,2026-07-17 19:22:27.718562-05,2026-07-17 19:22:27.718562-05,script,
3768,11,68,439.168,2026-07-17 19:22:27.718562-05,2026-07-17 19:22:27.718562-05,script,
3769,11,69,226.974,2026-07-17 19:22:27.718562-05,2026-07-17 19:22:27.718562-05,script,
3770,11,70,394.914,2026-07-17 19:22:27.718562-05,2026-07-17 19:22:27.718562-05,script,
3771,11,71,502.735,2026-07-17 19:22:27.718562-05,2026-07-17 19:22:27.718562-05,script,
3772,11,72,232.663,2026-07-17 19:22:27.718562-05,2026-07-17 19:22:27.718562-05,script,
3773,11,73,254.637,2026-07-17 19:22:27.718562-05,2026-07-17 19:22:27.718562-05,script,
3774,11,74,481.535,2026-07-17 19:22:27.718562-05,2026-07-17 19:22:27.718562-05,script,
3775,11,75,479.144,2026-07-17 19:22:27.718562-05,2026-07-17 19:22:27.718562-05,script,
3776,11,76,42.622,2026-07-17 19:22:27.718562-05,2026-07-17 19:22:27.718562-05,script,
3777,11,77,11.444,2026-07-17 19:22:27.718562-05,2026-07-17 19:22:27.718562-05,script,
3778,11,78,37.006,2026-07-17 19:22:27.718562-05,2026-07-17 19:22:27.718562-05,script,
3779,11,79,14.505,2026-07-17 19:22:27.718562-05,2026-07-17 19:22:27.718562-05,script,
3780,11,80,11.248,2026-07-17 19:22:27.718562-05,2026-07-17 19:22:27.718562-05,script,
3781,11,81,61.515,2026-07-17 19:22:27.718562-05,2026-07-17 19:22:27.718562-05,script,
3782,11,82,56.270,2026-07-17 19:22:27.718562-05,2026-07-17 19:22:27.718562-05,script,
3783,11,83,59.725,2026-07-17 19:22:27.718562-05,2026-07-17 19:22:27.718562-05,script,
3784,11,84,12.595,2026-07-17 19:22:27.718562-05,2026-07-17 19:22:27.718562-05,script,
3785,11,85,20.667,2026-07-17 19:22:27.718562-05,2026-07-17 19:22:27.718562-05,script,
3786,11,86,73.039,2026-07-17 19:22:27.718562-05,2026-07-17 19:22:27.718562-05,script,
3787,11,87,39.869,2026-07-17 19:22:27.718562-05,2026-07-17 19:22:27.718562-05,script,
3788,11,88,25.791,2026-07-17 19:22:27.718562-05,2026-07-17 19:22:27.718562-05,script,
3789,11,89,19.092,2026-07-17 19:22:27.718562-05,2026-07-17 19:22:27.718562-05,script,
3790,11,90,76.472,2026-07-17 19:22:27.718562-05,2026-07-17 19:22:27.718562-05,script,
3791,11,91,70.799,2026-07-17 19:22:27.718562-05,2026-07-17 19:22:27.718562-05,script,
3792,11,92,56.613,2026-07-17 19:22:27.718562-05,2026-07-17 19:22:27.718562-05,script,
3793,11,93,76.878,2026-07-17 19:22:27.718562-05,2026-07-17 19:22:27.718562-05,script,
3794,11,94,72.387,2026-07-17 19:22:27.718562-05,2026-07-17 19:22:27.718562-05,script,
3795,11,95,55.453,2026-07-17 19:22:27.718562-05,2026-07-17 19:22:27.718562-05,script,
3796,11,96,38.744,2026-07-17 19:22:27.718562-05,2026-07-17 19:22:27.718562-05,script,
3797,11,97,59.962,2026-07-17 19:22:27.718562-05,2026-07-17 19:22:27.718562-05,script,
3798,11,98,57.630,2026-07-17 19:22:27.718562-05,2026-07-17 19:22:27.718562-05,script,
3799,11,99,20.114,2026-07-17 19:22:27.718562-05,2026-07-17 19:22:27.718562-05,script,
3800,11,100,71.468,2026-07-17 19:22:27.718562-05,2026-07-17 19:22:27.718562-05,script,
3801,11,101,73.809,2026-07-17 19:22:27.718562-05,2026-07-17 19:22:27.718562-05,script,
3802,11,102,29.023,2026-07-17 19:22:27.718562-05,2026-07-17 19:22:27.718562-05,script,
3803,11,103,49.823,2026-07-17 19:22:27.718562-05,2026-07-17 19:22:27.718562-05,script,
3804,11,104,43.497,2026-07-17 19:22:27.718562-05,2026-07-17 19:22:27.718562-05,script,
3805,11,105,34.649,2026-07-17 19:22:27.718562-05,2026-07-17 19:22:27.718562-05,script,
3806,11,106,40.404,2026-07-17 19:22:27.718562-05,2026-07-17 19:22:27.718562-05,script,
3807,11,107,65.219,2026-07-17 19:22:27.718562-05,2026-07-17 19:22:27.718562-05,script,
3808,11,108,36.730,2026-07-17 19:22:27.718562-05,2026-07-17 19:22:27.718562-05,script,
3809,11,109,27.687,2026-07-17 19:22:27.718562-05,2026-07-17 19:22:27.718562-05,script,
3810,11,110,37.083,2026-07-17 19:22:27.718562-05,2026-07-17 19:22:27.718562-05,script,
3811,11,111,32.577,2026-07-17 19:22:27.718562-05,2026-07-17 19:22:27.718562-05,script,
3812,11,112,62.862,2026-07-17 19:22:27.718562-05,2026-07-17 19:22:27.718562-05,script,
3813,11,113,64.407,2026-07-17 19:22:27.718562-05,2026-07-17 19:22:27.718562-05,script,
3814,11,114,16.388,2026-07-17 19:22:27.718562-05,2026-07-17 19:22:27.718562-05,script,
3815,11,115,57.362,2026-07-17 19:22:27.718562-05,2026-07-17 19:22:27.718562-05,script,
3816,11,116,10.381,2026-07-17 19:22:27.718562-05,2026-07-17 19:22:27.718562-05,script,
3817,11,117,19.866,2026-07-17 19:22:27.718562-05,2026-07-17 19:22:27.718562-05,script,
3818,11,118,68.987,2026-07-17 19:22:27.718562-05,2026-07-17 19:22:27.718562-05,script,
3819,11,119,34.873,2026-07-17 19:22:27.718562-05,2026-07-17 19:22:27.718562-05,script,
3820,11,120,47.364,2026-07-17 19:22:27.718562-05,2026-07-17 19:22:27.718562-05,script,
3821,11,121,44.852,2026-07-17 19:22:27.718562-05,2026-07-17 19:22:27.718562-05,script,
3822,11,122,44.113,2026-07-17 19:22:27.718562-05,2026-07-17 19:22:27.718562-05,script,
3823,11,123,13.025,2026-07-17 19:22:27.718562-05,2026-07-17 19:22:27.718562-05,script,
3824,11,124,67.706,2026-07-17 19:22:27.718562-05,2026-07-17 19:22:27.718562-05,script,
3825,11,125,74.591,2026-07-17 19:22:27.718562-05,2026-07-17 19:22:27.718562-05,script,
3826,11,126,20.153,2026-07-17 19:22:27.718562-05,2026-07-17 19:22:27.718562-05,script,
3827,11,127,25.057,2026-07-17 19:22:27.718562-05,2026-07-17 19:22:27.718562-05,script,
3828,11,128,24.274,2026-07-17 19:22:27.718562-05,2026-07-17 19:22:27.718562-05,script,
3829,11,129,25.837,2026-07-17 19:22:27.718562-05,2026-07-17 19:22:27.718562-05,script,
3830,11,130,34.935,2026-07-17 19:22:27.718562-05,2026-07-17 19:22:27.718562-05,script,
3831,11,131,30.025,2026-07-17 19:22:27.718562-05,2026-07-17 19:22:27.718562-05,script,
3832,11,132,61.031,2026-07-17 19:22:27.718562-05,2026-07-17 19:22:27.718562-05,script,
3833,11,133,59.642,2026-07-17 19:22:27.718562-05,2026-07-17 19:22:27.718562-05,script,
3834,11,134,61.426,2026-07-17 19:22:27.718562-05,2026-07-17 19:22:27.718562-05,script,
3835,11,135,12.085,2026-07-17 19:22:27.718562-05,2026-07-17 19:22:27.718562-05,script,
3836,11,136,63.902,2026-07-17 19:22:27.718562-05,2026-07-17 19:22:27.718562-05,script,
3837,11,137,32.740,2026-07-17 19:22:27.718562-05,2026-07-17 19:22:27.718562-05,script,
3838,11,138,33.218,2026-07-17 19:22:27.718562-05,2026-07-17 19:22:27.718562-05,script,
3839,11,139,43.877,2026-07-17 19:22:27.718562-05,2026-07-17 19:22:27.718562-05,script,
3840,11,140,41.733,2026-07-17 19:22:27.718562-05,2026-07-17 19:22:27.718562-05,script,
3841,11,141,17.273,2026-07-17 19:22:27.718562-05,2026-07-17 19:22:27.718562-05,script,
3842,11,142,62.896,2026-07-17 19:22:27.718562-05,2026-07-17 19:22:27.718562-05,script,
3843,11,143,41.986,2026-07-17 19:22:27.718562-05,2026-07-17 19:22:27.718562-05,script,
3844,11,144,53.006,2026-07-17 19:22:27.718562-05,2026-07-17 19:22:27.718562-05,script,
3845,11,145,59.081,2026-07-17 19:22:27.718562-05,2026-07-17 19:22:27.718562-05,script,
3846,11,146,75.641,2026-07-17 19:22:27.718562-05,2026-07-17 19:22:27.718562-05,script,
3847,11,147,60.435,2026-07-17 19:22:27.718562-05,2026-07-17 19:22:27.718562-05,script,
3848,11,148,48.467,2026-07-17 19:22:27.718562-05,2026-07-17 19:22:27.718562-05,script,
3849,11,149,29.200,2026-07-17 19:22:27.718562-05,2026-07-17 19:22:27.718562-05,script,
3850,11,150,37.338,2026-07-17 19:22:27.718562-05,2026-07-17 19:22:27.718562-05,script,
3851,11,151,524.883,2026-07-17 19:22:27.718562-05,2026-07-17 19:22:27.718562-05,script,
3852,11,152,324.187,2026-07-17 19:22:27.718562-05,2026-07-17 19:22:27.718562-05,script,
3853,11,153,491.637,2026-07-17 19:22:27.718562-05,2026-07-17 19:22:27.718562-05,script,
3854,11,154,279.935,2026-07-17 19:22:27.718562-05,2026-07-17 19:22:27.718562-05,script,
3855,11,155,269.960,2026-07-17 19:22:27.718562-05,2026-07-17 19:22:27.718562-05,script,
3856,11,156,205.984,2026-07-17 19:22:27.718562-05,2026-07-17 19:22:27.718562-05,script,
3857,11,157,508.839,2026-07-17 19:22:27.718562-05,2026-07-17 19:22:27.718562-05,script,
3858,11,158,400.673,2026-07-17 19:22:27.718562-05,2026-07-17 19:22:27.718562-05,script,
3859,11,159,485.006,2026-07-17 19:22:27.718562-05,2026-07-17 19:22:27.718562-05,script,
3860,11,160,504.643,2026-07-17 19:22:27.718562-05,2026-07-17 19:22:27.718562-05,script,
3861,11,161,529.556,2026-07-17 19:22:27.718562-05,2026-07-17 19:22:27.718562-05,script,
3862,11,162,154.016,2026-07-17 19:22:27.718562-05,2026-07-17 19:22:27.718562-05,script,
3863,11,163,220.311,2026-07-17 19:22:27.718562-05,2026-07-17 19:22:27.718562-05,script,
3864,11,164,463.777,2026-07-17 19:22:27.718562-05,2026-07-17 19:22:27.718562-05,script,
3865,11,165,450.042,2026-07-17 19:22:27.718562-05,2026-07-17 19:22:27.718562-05,script,
3866,11,166,275.225,2026-07-17 19:22:27.718562-05,2026-07-17 19:22:27.718562-05,script,
3867,11,167,233.455,2026-07-17 19:22:27.718562-05,2026-07-17 19:22:27.718562-05,script,
3868,11,168,271.446,2026-07-17 19:22:27.718562-05,2026-07-17 19:22:27.718562-05,script,
3869,11,169,498.867,2026-07-17 19:22:27.718562-05,2026-07-17 19:22:27.718562-05,script,
3870,11,170,263.964,2026-07-17 19:22:27.718562-05,2026-07-17 19:22:27.718562-05,script,
3871,11,171,491.664,2026-07-17 19:22:27.718562-05,2026-07-17 19:22:27.718562-05,script,
3872,11,172,265.095,2026-07-17 19:22:27.718562-05,2026-07-17 19:22:27.718562-05,script,
3873,11,173,464.578,2026-07-17 19:22:27.718562-05,2026-07-17 19:22:27.718562-05,script,
3874,11,174,367.362,2026-07-17 19:22:27.718562-05,2026-07-17 19:22:27.718562-05,script,
3875,11,175,386.092,2026-07-17 19:22:27.718562-05,2026-07-17 19:22:27.718562-05,script,
3876,11,176,498.932,2026-07-17 19:22:27.718562-05,2026-07-17 19:22:27.718562-05,script,
3877,11,177,464.954,2026-07-17 19:22:27.718562-05,2026-07-17 19:22:27.718562-05,script,
3878,11,178,466.601,2026-07-17 19:22:27.718562-05,2026-07-17 19:22:27.718562-05,script,
3879,11,179,389.698,2026-07-17 19:22:27.718562-05,2026-07-17 19:22:27.718562-05,script,
3880,11,180,254.670,2026-07-17 19:22:27.718562-05,2026-07-17 19:22:27.718562-05,script,
3881,11,181,482.222,2026-07-17 19:22:27.718562-05,2026-07-17 19:22:27.718562-05,script,
3882,11,182,234.511,2026-07-17 19:22:27.718562-05,2026-07-17 19:22:27.718562-05,script,
3883,11,183,425.760,2026-07-17 19:22:27.718562-05,2026-07-17 19:22:27.718562-05,script,
3884,11,184,326.245,2026-07-17 19:22:27.718562-05,2026-07-17 19:22:27.718562-05,script,
3885,11,185,529.024,2026-07-17 19:22:27.718562-05,2026-07-17 19:22:27.718562-05,script,
3886,11,186,230.986,2026-07-17 19:22:27.718562-05,2026-07-17 19:22:27.718562-05,script,
3887,11,187,256.227,2026-07-17 19:22:27.718562-05,2026-07-17 19:22:27.718562-05,script,
3888,11,188,163.891,2026-07-17 19:22:27.718562-05,2026-07-17 19:22:27.718562-05,script,
3889,11,189,524.599,2026-07-17 19:22:27.718562-05,2026-07-17 19:22:27.718562-05,script,
3890,11,190,177.179,2026-07-17 19:22:27.718562-05,2026-07-17 19:22:27.718562-05,script,
3891,11,191,182.327,2026-07-17 19:22:27.718562-05,2026-07-17 19:22:27.718562-05,script,
3892,11,192,237.040,2026-07-17 19:22:27.718562-05,2026-07-17 19:22:27.718562-05,script,
3893,11,193,323.325,2026-07-17 19:22:27.718562-05,2026-07-17 19:22:27.718562-05,script,
3894,11,194,456.206,2026-07-17 19:22:27.718562-05,2026-07-17 19:22:27.718562-05,script,
3895,11,195,210.058,2026-07-17 19:22:27.718562-05,2026-07-17 19:22:27.718562-05,script,
3896,11,196,519.367,2026-07-17 19:22:27.718562-05,2026-07-17 19:22:27.718562-05,script,
3897,11,197,329.083,2026-07-17 19:22:27.718562-05,2026-07-17 19:22:27.718562-05,script,
3898,11,198,480.408,2026-07-17 19:22:27.718562-05,2026-07-17 19:22:27.718562-05,script,
3899,11,199,186.729,2026-07-17 19:22:27.718562-05,2026-07-17 19:22:27.718562-05,script,
3900,11,200,292.143,2026-07-17 19:22:27.718562-05,2026-07-17 19:22:27.718562-05,script,
3901,11,201,276.213,2026-07-17 19:22:27.718562-05,2026-07-17 19:22:27.718562-05,script,
3902,11,202,224.121,2026-07-17 19:22:27.718562-05,2026-07-17 19:22:27.718562-05,script,
3903,11,203,182.188,2026-07-17 19:22:27.718562-05,2026-07-17 19:22:27.718562-05,script,
3904,11,204,276.610,2026-07-17 19:22:27.718562-05,2026-07-17 19:22:27.718562-05,script,
3905,11,205,178.756,2026-07-17 19:22:27.718562-05,2026-07-17 19:22:27.718562-05,script,
3906,11,206,296.672,2026-07-17 19:22:27.718562-05,2026-07-17 19:22:27.718562-05,script,
3907,11,207,361.541,2026-07-17 19:22:27.718562-05,2026-07-17 19:22:27.718562-05,script,
3908,11,208,517.337,2026-07-17 19:22:27.718562-05,2026-07-17 19:22:27.718562-05,script,
3909,11,209,209.816,2026-07-17 19:22:27.718562-05,2026-07-17 19:22:27.718562-05,script,
3910,11,210,415.350,2026-07-17 19:22:27.718562-05,2026-07-17 19:22:27.718562-05,script,
3911,11,211,306.732,2026-07-17 19:22:27.718562-05,2026-07-17 19:22:27.718562-05,script,
3912,11,212,383.024,2026-07-17 19:22:27.718562-05,2026-07-17 19:22:27.718562-05,script,
3913,11,213,240.902,2026-07-17 19:22:27.718562-05,2026-07-17 19:22:27.718562-05,script,
3914,11,214,512.224,2026-07-17 19:22:27.718562-05,2026-07-17 19:22:27.718562-05,script,
3915,11,215,513.252,2026-07-17 19:22:27.718562-05,2026-07-17 19:22:27.718562-05,script,
3916,11,216,502.135,2026-07-17 19:22:27.718562-05,2026-07-17 19:22:27.718562-05,script,
3917,11,217,433.165,2026-07-17 19:22:27.718562-05,2026-07-17 19:22:27.718562-05,script,
3918,11,218,244.485,2026-07-17 19:22:27.718562-05,2026-07-17 19:22:27.718562-05,script,
3919,11,219,439.034,2026-07-17 19:22:27.718562-05,2026-07-17 19:22:27.718562-05,script,
3920,11,220,171.308,2026-07-17 19:22:27.718562-05,2026-07-17 19:22:27.718562-05,script,
3921,11,221,424.813,2026-07-17 19:22:27.718562-05,2026-07-17 19:22:27.718562-05,script,
3922,11,222,502.532,2026-07-17 19:22:27.718562-05,2026-07-17 19:22:27.718562-05,script,
3923,11,223,243.765,2026-07-17 19:22:27.718562-05,2026-07-17 19:22:27.718562-05,script,
3924,11,224,290.486,2026-07-17 19:22:27.718562-05,2026-07-17 19:22:27.718562-05,script,
3925,11,225,313.338,2026-07-17 19:22:27.718562-05,2026-07-17 19:22:27.718562-05,script,
3926,11,226,192.476,2026-07-17 19:22:27.718562-05,2026-07-17 19:22:27.718562-05,script,
3927,11,227,82.464,2026-07-17 19:22:27.718562-05,2026-07-17 19:22:27.718562-05,script,
3928,11,228,173.695,2026-07-17 19:22:27.718562-05,2026-07-17 19:22:27.718562-05,script,
3929,11,229,164.883,2026-07-17 19:22:27.718562-05,2026-07-17 19:22:27.718562-05,script,
3930,11,230,208.729,2026-07-17 19:22:27.718562-05,2026-07-17 19:22:27.718562-05,script,
3931,11,231,168.853,2026-07-17 19:22:27.718562-05,2026-07-17 19:22:27.718562-05,script,
3932,11,232,84.170,2026-07-17 19:22:27.718562-05,2026-07-17 19:22:27.718562-05,script,
3933,11,233,123.744,2026-07-17 19:22:27.718562-05,2026-07-17 19:22:27.718562-05,script,
3934,11,234,165.722,2026-07-17 19:22:27.718562-05,2026-07-17 19:22:27.718562-05,script,
3935,11,235,111.745,2026-07-17 19:22:27.718562-05,2026-07-17 19:22:27.718562-05,script,
3936,11,236,95.108,2026-07-17 19:22:27.718562-05,2026-07-17 19:22:27.718562-05,script,
3937,11,237,200.566,2026-07-17 19:22:27.718562-05,2026-07-17 19:22:27.718562-05,script,
3938,11,238,165.483,2026-07-17 19:22:27.718562-05,2026-07-17 19:22:27.718562-05,script,
3939,11,239,102.293,2026-07-17 19:22:27.718562-05,2026-07-17 19:22:27.718562-05,script,
3940,11,240,61.045,2026-07-17 19:22:27.718562-05,2026-07-17 19:22:27.718562-05,script,
3941,11,241,175.616,2026-07-17 19:22:27.718562-05,2026-07-17 19:22:27.718562-05,script,
3942,11,242,133.824,2026-07-17 19:22:27.718562-05,2026-07-17 19:22:27.718562-05,script,
3943,11,243,121.813,2026-07-17 19:22:27.718562-05,2026-07-17 19:22:27.718562-05,script,
3944,11,244,139.282,2026-07-17 19:22:27.718562-05,2026-07-17 19:22:27.718562-05,script,
3945,11,245,95.348,2026-07-17 19:22:27.718562-05,2026-07-17 19:22:27.718562-05,script,
3946,11,246,170.871,2026-07-17 19:22:27.718562-05,2026-07-17 19:22:27.718562-05,script,
3947,11,247,176.279,2026-07-17 19:22:27.718562-05,2026-07-17 19:22:27.718562-05,script,
3948,11,248,175.490,2026-07-17 19:22:27.718562-05,2026-07-17 19:22:27.718562-05,script,
3949,11,249,101.516,2026-07-17 19:22:27.718562-05,2026-07-17 19:22:27.718562-05,script,
3950,11,250,199.879,2026-07-17 19:22:27.718562-05,2026-07-17 19:22:27.718562-05,script,
3951,11,251,89.905,2026-07-17 19:22:27.718562-05,2026-07-17 19:22:27.718562-05,script,
3952,11,252,139.407,2026-07-17 19:22:27.718562-05,2026-07-17 19:22:27.718562-05,script,
3953,11,253,185.819,2026-07-17 19:22:27.718562-05,2026-07-17 19:22:27.718562-05,script,
3954,11,254,75.208,2026-07-17 19:22:27.718562-05,2026-07-17 19:22:27.718562-05,script,
3955,11,255,142.287,2026-07-17 19:22:27.718562-05,2026-07-17 19:22:27.718562-05,script,
3956,11,256,92.562,2026-07-17 19:22:27.718562-05,2026-07-17 19:22:27.718562-05,script,
3957,11,257,175.635,2026-07-17 19:22:27.718562-05,2026-07-17 19:22:27.718562-05,script,
3958,11,258,104.144,2026-07-17 19:22:27.718562-05,2026-07-17 19:22:27.718562-05,script,
3959,11,259,60.072,2026-07-17 19:22:27.718562-05,2026-07-17 19:22:27.718562-05,script,
3960,11,260,138.476,2026-07-17 19:22:27.718562-05,2026-07-17 19:22:27.718562-05,script,
3961,11,261,234.449,2026-07-17 19:22:27.718562-05,2026-07-17 19:22:27.718562-05,script,
3962,11,262,232.766,2026-07-17 19:22:27.718562-05,2026-07-17 19:22:27.718562-05,script,
3963,11,263,116.368,2026-07-17 19:22:27.718562-05,2026-07-17 19:22:27.718562-05,script,
3964,11,264,153.536,2026-07-17 19:22:27.718562-05,2026-07-17 19:22:27.718562-05,script,
3965,11,265,224.812,2026-07-17 19:22:27.718562-05,2026-07-17 19:22:27.718562-05,script,
3966,11,266,148.430,2026-07-17 19:22:27.718562-05,2026-07-17 19:22:27.718562-05,script,
3967,11,267,77.781,2026-07-17 19:22:27.718562-05,2026-07-17 19:22:27.718562-05,script,
3968,11,268,169.239,2026-07-17 19:22:27.718562-05,2026-07-17 19:22:27.718562-05,script,
3969,11,269,174.767,2026-07-17 19:22:27.718562-05,2026-07-17 19:22:27.718562-05,script,
3970,11,270,225.193,2026-07-17 19:22:27.718562-05,2026-07-17 19:22:27.718562-05,script,
3971,11,271,229.821,2026-07-17 19:22:27.718562-05,2026-07-17 19:22:27.718562-05,script,
3972,11,272,157.826,2026-07-17 19:22:27.718562-05,2026-07-17 19:22:27.718562-05,script,
3973,11,273,94.560,2026-07-17 19:22:27.718562-05,2026-07-17 19:22:27.718562-05,script,
3974,11,274,104.571,2026-07-17 19:22:27.718562-05,2026-07-17 19:22:27.718562-05,script,
3975,11,275,202.705,2026-07-17 19:22:27.718562-05,2026-07-17 19:22:27.718562-05,script,
3976,11,276,110.203,2026-07-17 19:22:27.718562-05,2026-07-17 19:22:27.718562-05,script,
3977,11,277,158.255,2026-07-17 19:22:27.718562-05,2026-07-17 19:22:27.718562-05,script,
3978,11,278,161.437,2026-07-17 19:22:27.718562-05,2026-07-17 19:22:27.718562-05,script,
3979,11,279,98.975,2026-07-17 19:22:27.718562-05,2026-07-17 19:22:27.718562-05,script,
3980,11,280,82.022,2026-07-17 19:22:27.718562-05,2026-07-17 19:22:27.718562-05,script,
3981,11,281,42.523,2026-07-17 19:22:27.718562-05,2026-07-17 19:22:27.718562-05,script,
3982,11,282,63.638,2026-07-17 19:22:27.718562-05,2026-07-17 19:22:27.718562-05,script,
3983,11,283,31.259,2026-07-17 19:22:27.718562-05,2026-07-17 19:22:27.718562-05,script,
3984,11,284,59.430,2026-07-17 19:22:27.718562-05,2026-07-17 19:22:27.718562-05,script,
3985,11,285,61.988,2026-07-17 19:22:27.718562-05,2026-07-17 19:22:27.718562-05,script,
3986,11,286,25.410,2026-07-17 19:22:27.718562-05,2026-07-17 19:22:27.718562-05,script,
3987,11,287,69.057,2026-07-17 19:22:27.718562-05,2026-07-17 19:22:27.718562-05,script,
3988,11,288,63.213,2026-07-17 19:22:27.718562-05,2026-07-17 19:22:27.718562-05,script,
3989,11,289,10.640,2026-07-17 19:22:27.718562-05,2026-07-17 19:22:27.718562-05,script,
3990,11,290,13.814,2026-07-17 19:22:27.718562-05,2026-07-17 19:22:27.718562-05,script,
3991,11,291,12.538,2026-07-17 19:22:27.718562-05,2026-07-17 19:22:27.718562-05,script,
3992,11,292,10.841,2026-07-17 19:22:27.718562-05,2026-07-17 19:22:27.718562-05,script,
3993,11,293,20.050,2026-07-17 19:22:27.718562-05,2026-07-17 19:22:27.718562-05,script,
3994,11,294,77.563,2026-07-17 19:22:27.718562-05,2026-07-17 19:22:27.718562-05,script,
3995,11,295,46.378,2026-07-17 19:22:27.718562-05,2026-07-17 19:22:27.718562-05,script,
3996,11,296,31.048,2026-07-17 19:22:27.718562-05,2026-07-17 19:22:27.718562-05,script,
3997,11,297,71.577,2026-07-17 19:22:27.718562-05,2026-07-17 19:22:27.718562-05,script,
3998,11,298,15.910,2026-07-17 19:22:27.718562-05,2026-07-17 19:22:27.718562-05,script,
3999,11,299,41.578,2026-07-17 19:22:27.718562-05,2026-07-17 19:22:27.718562-05,script,
4000,11,300,65.422,2026-07-17 19:22:27.718562-05,2026-07-17 19:22:27.718562-05,script,
4001,11,301,48.265,2026-07-17 19:22:27.718562-05,2026-07-17 19:22:27.718562-05,script,
4002,11,302,72.021,2026-07-17 19:22:27.718562-05,2026-07-17 19:22:27.718562-05,script,
4003,11,303,61.557,2026-07-17 19:22:27.718562-05,2026-07-17 19:22:27.718562-05,script,
4004,11,304,65.450,2026-07-17 19:22:27.718562-05,2026-07-17 19:22:27.718562-05,script,
4005,11,305,63.693,2026-07-17 19:22:27.718562-05,2026-07-17 19:22:27.718562-05,script,
4006,11,306,59.060,2026-07-17 19:22:27.718562-05,2026-07-17 19:22:27.718562-05,script,
4007,11,307,45.764,2026-07-17 19:22:27.718562-05,2026-07-17 19:22:27.718562-05,script,
4008,11,308,57.736,2026-07-17 19:22:27.718562-05,2026-07-17 19:22:27.718562-05,script,
4009,11,309,27.119,2026-07-17 19:22:27.718562-05,2026-07-17 19:22:27.718562-05,script,
4010,11,310,24.389,2026-07-17 19:22:27.718562-05,2026-07-17 19:22:27.718562-05,script,
4011,11,311,48.733,2026-07-17 19:22:27.718562-05,2026-07-17 19:22:27.718562-05,script,
4012,11,312,19.669,2026-07-17 19:22:27.718562-05,2026-07-17 19:22:27.718562-05,script,
4013,11,313,18.137,2026-07-17 19:22:27.718562-05,2026-07-17 19:22:27.718562-05,script,
4014,11,314,67.310,2026-07-17 19:22:27.718562-05,2026-07-17 19:22:27.718562-05,script,
4015,11,315,50.083,2026-07-17 19:22:27.718562-05,2026-07-17 19:22:27.718562-05,script,
4016,11,316,23.827,2026-07-17 19:22:27.718562-05,2026-07-17 19:22:27.718562-05,script,
4017,11,317,29.705,2026-07-17 19:22:27.718562-05,2026-07-17 19:22:27.718562-05,script,
4018,11,318,28.700,2026-07-17 19:22:27.718562-05,2026-07-17 19:22:27.718562-05,script,
4019,11,319,52.467,2026-07-17 19:22:27.718562-05,2026-07-17 19:22:27.718562-05,script,
4020,11,320,79.512,2026-07-17 19:22:27.718562-05,2026-07-17 19:22:27.718562-05,script,
4021,11,321,64.359,2026-07-17 19:22:27.718562-05,2026-07-17 19:22:27.718562-05,script,
4022,11,322,21.307,2026-07-17 19:22:27.718562-05,2026-07-17 19:22:27.718562-05,script,
4023,11,323,20.097,2026-07-17 19:22:27.718562-05,2026-07-17 19:22:27.718562-05,script,
4024,11,324,44.931,2026-07-17 19:22:27.718562-05,2026-07-17 19:22:27.718562-05,script,
4025,11,325,33.095,2026-07-17 19:22:27.718562-05,2026-07-17 19:22:27.718562-05,script,
4026,11,326,39.809,2026-07-17 19:22:27.718562-05,2026-07-17 19:22:27.718562-05,script,
4027,11,327,55.007,2026-07-17 19:22:27.718562-05,2026-07-17 19:22:27.718562-05,script,
4028,11,328,19.560,2026-07-17 19:22:27.718562-05,2026-07-17 19:22:27.718562-05,script,
4029,11,329,71.704,2026-07-17 19:22:27.718562-05,2026-07-17 19:22:27.718562-05,script,
4030,11,330,32.095,2026-07-17 19:22:27.718562-05,2026-07-17 19:22:27.718562-05,script,
4031,11,331,73.893,2026-07-17 19:22:27.718562-05,2026-07-17 19:22:27.718562-05,script,
4032,11,332,27.377,2026-07-17 19:22:27.718562-05,2026-07-17 19:22:27.718562-05,script,
4033,11,333,78.885,2026-07-17 19:22:27.718562-05,2026-07-17 19:22:27.718562-05,script,
4034,11,334,47.930,2026-07-17 19:22:27.718562-05,2026-07-17 19:22:27.718562-05,script,
4035,11,335,59.264,2026-07-17 19:22:27.718562-05,2026-07-17 19:22:27.718562-05,script,
4036,11,336,16.889,2026-07-17 19:22:27.718562-05,2026-07-17 19:22:27.718562-05,script,
4037,11,337,29.979,2026-07-17 19:22:27.718562-05,2026-07-17 19:22:27.718562-05,script,
4038,11,338,47.028,2026-07-17 19:22:27.718562-05,2026-07-17 19:22:27.718562-05,script,
4039,11,339,77.876,2026-07-17 19:22:27.718562-05,2026-07-17 19:22:27.718562-05,script,
4040,11,340,70.368,2026-07-17 19:22:27.718562-05,2026-07-17 19:22:27.718562-05,script,
4041,11,341,47.544,2026-07-17 19:22:27.718562-05,2026-07-17 19:22:27.718562-05,script,
4042,11,342,53.771,2026-07-17 19:22:27.718562-05,2026-07-17 19:22:27.718562-05,script,
4043,11,343,39.855,2026-07-17 19:22:27.718562-05,2026-07-17 19:22:27.718562-05,script,
4044,11,344,27.498,2026-07-17 19:22:27.718562-05,2026-07-17 19:22:27.718562-05,script,
4045,11,345,19.352,2026-07-17 19:22:27.718562-05,2026-07-17 19:22:27.718562-05,script,
4046,11,346,46.781,2026-07-17 19:22:27.718562-05,2026-07-17 19:22:27.718562-05,script,
4047,11,347,75.227,2026-07-17 19:22:27.718562-05,2026-07-17 19:22:27.718562-05,script,
4048,11,348,39.998,2026-07-17 19:22:27.718562-05,2026-07-17 19:22:27.718562-05,script,
4049,11,349,21.997,2026-07-17 19:22:27.718562-05,2026-07-17 19:22:27.718562-05,script,
4050,11,350,50.485,2026-07-17 19:22:27.718562-05,2026-07-17 19:22:27.718562-05,script,
4051,11,351,61.001,2026-07-17 19:22:27.718562-05,2026-07-17 19:22:27.718562-05,script,
4052,11,352,50.196,2026-07-17 19:22:27.718562-05,2026-07-17 19:22:27.718562-05,script,
4053,11,353,42.714,2026-07-17 19:22:27.718562-05,2026-07-17 19:22:27.718562-05,script,
4054,11,354,54.031,2026-07-17 19:22:27.718562-05,2026-07-17 19:22:27.718562-05,script,
4055,11,355,72.631,2026-07-17 19:22:27.718562-05,2026-07-17 19:22:27.718562-05,script,
4056,11,356,52.831,2026-07-17 19:22:27.718562-05,2026-07-17 19:22:27.718562-05,script,
4057,11,357,76.113,2026-07-17 19:22:27.718562-05,2026-07-17 19:22:27.718562-05,script,
4058,11,358,48.327,2026-07-17 19:22:27.718562-05,2026-07-17 19:22:27.718562-05,script,
4059,11,359,50.124,2026-07-17 19:22:27.718562-05,2026-07-17 19:22:27.718562-05,script,
4060,11,360,69.400,2026-07-17 19:22:27.718562-05,2026-07-17 19:22:27.718562-05,script,
4061,11,361,59.769,2026-07-17 19:22:27.718562-05,2026-07-17 19:22:27.718562-05,script,
4062,11,362,72.966,2026-07-17 19:22:27.718562-05,2026-07-17 19:22:27.718562-05,script,
4063,11,363,23.583,2026-07-17 19:22:27.718562-05,2026-07-17 19:22:27.718562-05,script,
4064,11,364,46.983,2026-07-17 19:22:27.718562-05,2026-07-17 19:22:27.718562-05,script,
4065,11,365,71.542,2026-07-17 19:22:27.718562-05,2026-07-17 19:22:27.718562-05,script,
4066,11,366,18.897,2026-07-17 19:22:27.718562-05,2026-07-17 19:22:27.718562-05,script,
4067,11,367,11.017,2026-07-17 19:22:27.718562-05,2026-07-17 19:22:27.718562-05,script,
4068,11,368,56.526,2026-07-17 19:22:27.718562-05,2026-07-17 19:22:27.718562-05,script,
4069,11,369,68.086,2026-07-17 19:22:27.718562-05,2026-07-17 19:22:27.718562-05,script,
4070,11,370,52.706,2026-07-17 19:22:27.718562-05,2026-07-17 19:22:27.718562-05,script,
4071,12,1,328.373,2026-07-17 19:22:27.718562-05,2026-07-17 19:22:27.718562-05,script,
4072,12,2,510.515,2026-07-17 19:22:27.718562-05,2026-07-17 19:22:27.718562-05,script,
4073,12,3,533.779,2026-07-17 19:22:27.718562-05,2026-07-17 19:22:27.718562-05,script,
4074,12,4,495.332,2026-07-17 19:22:27.718562-05,2026-07-17 19:22:27.718562-05,script,
4075,12,5,184.123,2026-07-17 19:22:27.718562-05,2026-07-17 19:22:27.718562-05,script,
4076,12,6,172.486,2026-07-17 19:22:27.718562-05,2026-07-17 19:22:27.718562-05,script,
4077,12,7,456.945,2026-07-17 19:22:27.718562-05,2026-07-17 19:22:27.718562-05,script,
4078,12,8,307.863,2026-07-17 19:22:27.718562-05,2026-07-17 19:22:27.718562-05,script,
4079,12,9,475.513,2026-07-17 19:22:27.718562-05,2026-07-17 19:22:27.718562-05,script,
4080,12,10,244.175,2026-07-17 19:22:27.718562-05,2026-07-17 19:22:27.718562-05,script,
4081,12,11,289.786,2026-07-17 19:22:27.718562-05,2026-07-17 19:22:27.718562-05,script,
4082,12,12,543.578,2026-07-17 19:22:27.718562-05,2026-07-17 19:22:27.718562-05,script,
4083,12,13,199.126,2026-07-17 19:22:27.718562-05,2026-07-17 19:22:27.718562-05,script,
4084,12,14,188.670,2026-07-17 19:22:27.718562-05,2026-07-17 19:22:27.718562-05,script,
4085,12,15,163.376,2026-07-17 19:22:27.718562-05,2026-07-17 19:22:27.718562-05,script,
4086,12,16,398.581,2026-07-17 19:22:27.718562-05,2026-07-17 19:22:27.718562-05,script,
4087,12,17,345.973,2026-07-17 19:22:27.718562-05,2026-07-17 19:22:27.718562-05,script,
4088,12,18,347.290,2026-07-17 19:22:27.718562-05,2026-07-17 19:22:27.718562-05,script,
4089,12,19,248.308,2026-07-17 19:22:27.718562-05,2026-07-17 19:22:27.718562-05,script,
4090,12,20,386.012,2026-07-17 19:22:27.718562-05,2026-07-17 19:22:27.718562-05,script,
4091,12,21,342.819,2026-07-17 19:22:27.718562-05,2026-07-17 19:22:27.718562-05,script,
4092,12,22,493.872,2026-07-17 19:22:27.718562-05,2026-07-17 19:22:27.718562-05,script,
4093,12,23,520.700,2026-07-17 19:22:27.718562-05,2026-07-17 19:22:27.718562-05,script,
4094,12,24,190.407,2026-07-17 19:22:27.718562-05,2026-07-17 19:22:27.718562-05,script,
4095,12,25,191.219,2026-07-17 19:22:27.718562-05,2026-07-17 19:22:27.718562-05,script,
4096,12,26,171.674,2026-07-17 19:22:27.718562-05,2026-07-17 19:22:27.718562-05,script,
4097,12,27,164.916,2026-07-17 19:22:27.718562-05,2026-07-17 19:22:27.718562-05,script,
4098,12,28,298.306,2026-07-17 19:22:27.718562-05,2026-07-17 19:22:27.718562-05,script,
4099,12,29,480.675,2026-07-17 19:22:27.718562-05,2026-07-17 19:22:27.718562-05,script,
4100,12,30,536.052,2026-07-17 19:22:27.718562-05,2026-07-17 19:22:27.718562-05,script,
4101,12,31,506.967,2026-07-17 19:22:27.718562-05,2026-07-17 19:22:27.718562-05,script,
4102,12,32,211.134,2026-07-17 19:22:27.718562-05,2026-07-17 19:22:27.718562-05,script,
4103,12,33,444.955,2026-07-17 19:22:27.718562-05,2026-07-17 19:22:27.718562-05,script,
4104,12,34,397.567,2026-07-17 19:22:27.718562-05,2026-07-17 19:22:27.718562-05,script,
4105,12,35,515.491,2026-07-17 19:22:27.718562-05,2026-07-17 19:22:27.718562-05,script,
4106,12,36,186.785,2026-07-17 19:22:27.718562-05,2026-07-17 19:22:27.718562-05,script,
4107,12,37,182.262,2026-07-17 19:22:27.718562-05,2026-07-17 19:22:27.718562-05,script,
4108,12,38,450.569,2026-07-17 19:22:27.718562-05,2026-07-17 19:22:27.718562-05,script,
4109,12,39,298.115,2026-07-17 19:22:27.718562-05,2026-07-17 19:22:27.718562-05,script,
4110,12,40,398.997,2026-07-17 19:22:27.718562-05,2026-07-17 19:22:27.718562-05,script,
4111,12,41,474.851,2026-07-17 19:22:27.718562-05,2026-07-17 19:22:27.718562-05,script,
4112,12,42,485.040,2026-07-17 19:22:27.718562-05,2026-07-17 19:22:27.718562-05,script,
4113,12,43,175.974,2026-07-17 19:22:27.718562-05,2026-07-17 19:22:27.718562-05,script,
4114,12,44,222.132,2026-07-17 19:22:27.718562-05,2026-07-17 19:22:27.718562-05,script,
4115,12,45,295.623,2026-07-17 19:22:27.718562-05,2026-07-17 19:22:27.718562-05,script,
4116,12,46,247.405,2026-07-17 19:22:27.718562-05,2026-07-17 19:22:27.718562-05,script,
4117,12,47,445.484,2026-07-17 19:22:27.718562-05,2026-07-17 19:22:27.718562-05,script,
4118,12,48,349.971,2026-07-17 19:22:27.718562-05,2026-07-17 19:22:27.718562-05,script,
4119,12,49,362.637,2026-07-17 19:22:27.718562-05,2026-07-17 19:22:27.718562-05,script,
4120,12,50,285.523,2026-07-17 19:22:27.718562-05,2026-07-17 19:22:27.718562-05,script,
4121,12,51,481.845,2026-07-17 19:22:27.718562-05,2026-07-17 19:22:27.718562-05,script,
4122,12,52,408.269,2026-07-17 19:22:27.718562-05,2026-07-17 19:22:27.718562-05,script,
4123,12,53,297.711,2026-07-17 19:22:27.718562-05,2026-07-17 19:22:27.718562-05,script,
4124,12,54,191.027,2026-07-17 19:22:27.718562-05,2026-07-17 19:22:27.718562-05,script,
4125,12,55,264.880,2026-07-17 19:22:27.718562-05,2026-07-17 19:22:27.718562-05,script,
4126,12,56,398.306,2026-07-17 19:22:27.718562-05,2026-07-17 19:22:27.718562-05,script,
4127,12,57,453.281,2026-07-17 19:22:27.718562-05,2026-07-17 19:22:27.718562-05,script,
4128,12,58,152.517,2026-07-17 19:22:27.718562-05,2026-07-17 19:22:27.718562-05,script,
4129,12,59,163.451,2026-07-17 19:22:27.718562-05,2026-07-17 19:22:27.718562-05,script,
4130,12,60,430.215,2026-07-17 19:22:27.718562-05,2026-07-17 19:22:27.718562-05,script,
4131,12,61,288.122,2026-07-17 19:22:27.718562-05,2026-07-17 19:22:27.718562-05,script,
4132,12,62,318.388,2026-07-17 19:22:27.718562-05,2026-07-17 19:22:27.718562-05,script,
4133,12,63,516.110,2026-07-17 19:22:27.718562-05,2026-07-17 19:22:27.718562-05,script,
4134,12,64,418.294,2026-07-17 19:22:27.718562-05,2026-07-17 19:22:27.718562-05,script,
4135,12,65,230.900,2026-07-17 19:22:27.718562-05,2026-07-17 19:22:27.718562-05,script,
4136,12,66,418.330,2026-07-17 19:22:27.718562-05,2026-07-17 19:22:27.718562-05,script,
4137,12,67,178.216,2026-07-17 19:22:27.718562-05,2026-07-17 19:22:27.718562-05,script,
4138,12,68,255.163,2026-07-17 19:22:27.718562-05,2026-07-17 19:22:27.718562-05,script,
4139,12,69,203.879,2026-07-17 19:22:27.718562-05,2026-07-17 19:22:27.718562-05,script,
4140,12,70,408.601,2026-07-17 19:22:27.718562-05,2026-07-17 19:22:27.718562-05,script,
4141,12,71,299.067,2026-07-17 19:22:27.718562-05,2026-07-17 19:22:27.718562-05,script,
4142,12,72,330.648,2026-07-17 19:22:27.718562-05,2026-07-17 19:22:27.718562-05,script,
4143,12,73,218.068,2026-07-17 19:22:27.718562-05,2026-07-17 19:22:27.718562-05,script,
4144,12,74,458.263,2026-07-17 19:22:27.718562-05,2026-07-17 19:22:27.718562-05,script,
4145,12,75,293.313,2026-07-17 19:22:27.718562-05,2026-07-17 19:22:27.718562-05,script,
4146,12,76,10.797,2026-07-17 19:22:27.718562-05,2026-07-17 19:22:27.718562-05,script,
4147,12,77,79.349,2026-07-17 19:22:27.718562-05,2026-07-17 19:22:27.718562-05,script,
4148,12,78,40.380,2026-07-17 19:22:27.718562-05,2026-07-17 19:22:27.718562-05,script,
4149,12,79,49.186,2026-07-17 19:22:27.718562-05,2026-07-17 19:22:27.718562-05,script,
4150,12,80,58.604,2026-07-17 19:22:27.718562-05,2026-07-17 19:22:27.718562-05,script,
4151,12,81,34.475,2026-07-17 19:22:27.718562-05,2026-07-17 19:22:27.718562-05,script,
4152,12,82,13.842,2026-07-17 19:22:27.718562-05,2026-07-17 19:22:27.718562-05,script,
4153,12,83,78.276,2026-07-17 19:22:27.718562-05,2026-07-17 19:22:27.718562-05,script,
4154,12,84,20.195,2026-07-17 19:22:27.718562-05,2026-07-17 19:22:27.718562-05,script,
4155,12,85,48.328,2026-07-17 19:22:27.718562-05,2026-07-17 19:22:27.718562-05,script,
4156,12,86,13.808,2026-07-17 19:22:27.718562-05,2026-07-17 19:22:27.718562-05,script,
4157,12,87,50.715,2026-07-17 19:22:27.718562-05,2026-07-17 19:22:27.718562-05,script,
4158,12,88,74.036,2026-07-17 19:22:27.718562-05,2026-07-17 19:22:27.718562-05,script,
4159,12,89,79.872,2026-07-17 19:22:27.718562-05,2026-07-17 19:22:27.718562-05,script,
4160,12,90,54.078,2026-07-17 19:22:27.718562-05,2026-07-17 19:22:27.718562-05,script,
4161,12,91,38.843,2026-07-17 19:22:27.718562-05,2026-07-17 19:22:27.718562-05,script,
4162,12,92,13.330,2026-07-17 19:22:27.718562-05,2026-07-17 19:22:27.718562-05,script,
4163,12,93,36.106,2026-07-17 19:22:27.718562-05,2026-07-17 19:22:27.718562-05,script,
4164,12,94,79.502,2026-07-17 19:22:27.718562-05,2026-07-17 19:22:27.718562-05,script,
4165,12,95,18.242,2026-07-17 19:22:27.718562-05,2026-07-17 19:22:27.718562-05,script,
4166,12,96,30.718,2026-07-17 19:22:27.718562-05,2026-07-17 19:22:27.718562-05,script,
4167,12,97,17.298,2026-07-17 19:22:27.718562-05,2026-07-17 19:22:27.718562-05,script,
4168,12,98,45.017,2026-07-17 19:22:27.718562-05,2026-07-17 19:22:27.718562-05,script,
4169,12,99,33.462,2026-07-17 19:22:27.718562-05,2026-07-17 19:22:27.718562-05,script,
4170,12,100,33.065,2026-07-17 19:22:27.718562-05,2026-07-17 19:22:27.718562-05,script,
4171,12,101,60.517,2026-07-17 19:22:27.718562-05,2026-07-17 19:22:27.718562-05,script,
4172,12,102,73.484,2026-07-17 19:22:27.718562-05,2026-07-17 19:22:27.718562-05,script,
4173,12,103,56.299,2026-07-17 19:22:27.718562-05,2026-07-17 19:22:27.718562-05,script,
4174,12,104,49.620,2026-07-17 19:22:27.718562-05,2026-07-17 19:22:27.718562-05,script,
4175,12,105,73.511,2026-07-17 19:22:27.718562-05,2026-07-17 19:22:27.718562-05,script,
4176,12,106,45.600,2026-07-17 19:22:27.718562-05,2026-07-17 19:22:27.718562-05,script,
4177,12,107,24.612,2026-07-17 19:22:27.718562-05,2026-07-17 19:22:27.718562-05,script,
4178,12,108,24.603,2026-07-17 19:22:27.718562-05,2026-07-17 19:22:27.718562-05,script,
4179,12,109,52.270,2026-07-17 19:22:27.718562-05,2026-07-17 19:22:27.718562-05,script,
4180,12,110,17.044,2026-07-17 19:22:27.718562-05,2026-07-17 19:22:27.718562-05,script,
4181,12,111,52.594,2026-07-17 19:22:27.718562-05,2026-07-17 19:22:27.718562-05,script,
4182,12,112,19.866,2026-07-17 19:22:27.718562-05,2026-07-17 19:22:27.718562-05,script,
4183,12,113,29.856,2026-07-17 19:22:27.718562-05,2026-07-17 19:22:27.718562-05,script,
4184,12,114,52.965,2026-07-17 19:22:27.718562-05,2026-07-17 19:22:27.718562-05,script,
4185,12,115,67.934,2026-07-17 19:22:27.718562-05,2026-07-17 19:22:27.718562-05,script,
4186,12,116,17.000,2026-07-17 19:22:27.718562-05,2026-07-17 19:22:27.718562-05,script,
4187,12,117,73.716,2026-07-17 19:22:27.718562-05,2026-07-17 19:22:27.718562-05,script,
4188,12,118,62.438,2026-07-17 19:22:27.718562-05,2026-07-17 19:22:27.718562-05,script,
4189,12,119,49.659,2026-07-17 19:22:27.718562-05,2026-07-17 19:22:27.718562-05,script,
4190,12,120,50.682,2026-07-17 19:22:27.718562-05,2026-07-17 19:22:27.718562-05,script,
4191,12,121,32.731,2026-07-17 19:22:27.718562-05,2026-07-17 19:22:27.718562-05,script,
4192,12,122,41.162,2026-07-17 19:22:27.718562-05,2026-07-17 19:22:27.718562-05,script,
4193,12,123,26.018,2026-07-17 19:22:27.718562-05,2026-07-17 19:22:27.718562-05,script,
4194,12,124,66.508,2026-07-17 19:22:27.718562-05,2026-07-17 19:22:27.718562-05,script,
4195,12,125,78.376,2026-07-17 19:22:27.718562-05,2026-07-17 19:22:27.718562-05,script,
4196,12,126,52.981,2026-07-17 19:22:27.718562-05,2026-07-17 19:22:27.718562-05,script,
4197,12,127,47.019,2026-07-17 19:22:27.718562-05,2026-07-17 19:22:27.718562-05,script,
4198,12,128,78.171,2026-07-17 19:22:27.718562-05,2026-07-17 19:22:27.718562-05,script,
4199,12,129,76.738,2026-07-17 19:22:27.718562-05,2026-07-17 19:22:27.718562-05,script,
4200,12,130,21.206,2026-07-17 19:22:27.718562-05,2026-07-17 19:22:27.718562-05,script,
4201,12,131,31.430,2026-07-17 19:22:27.718562-05,2026-07-17 19:22:27.718562-05,script,
4202,12,132,78.330,2026-07-17 19:22:27.718562-05,2026-07-17 19:22:27.718562-05,script,
4203,12,133,32.059,2026-07-17 19:22:27.718562-05,2026-07-17 19:22:27.718562-05,script,
4204,12,134,71.990,2026-07-17 19:22:27.718562-05,2026-07-17 19:22:27.718562-05,script,
4205,12,135,15.491,2026-07-17 19:22:27.718562-05,2026-07-17 19:22:27.718562-05,script,
4206,12,136,50.352,2026-07-17 19:22:27.718562-05,2026-07-17 19:22:27.718562-05,script,
4207,12,137,11.108,2026-07-17 19:22:27.718562-05,2026-07-17 19:22:27.718562-05,script,
4208,12,138,11.676,2026-07-17 19:22:27.718562-05,2026-07-17 19:22:27.718562-05,script,
4209,12,139,61.222,2026-07-17 19:22:27.718562-05,2026-07-17 19:22:27.718562-05,script,
4210,12,140,38.487,2026-07-17 19:22:27.718562-05,2026-07-17 19:22:27.718562-05,script,
4211,12,141,48.091,2026-07-17 19:22:27.718562-05,2026-07-17 19:22:27.718562-05,script,
4212,12,142,67.788,2026-07-17 19:22:27.718562-05,2026-07-17 19:22:27.718562-05,script,
4213,12,143,77.884,2026-07-17 19:22:27.718562-05,2026-07-17 19:22:27.718562-05,script,
4214,12,144,51.545,2026-07-17 19:22:27.718562-05,2026-07-17 19:22:27.718562-05,script,
4215,12,145,27.570,2026-07-17 19:22:27.718562-05,2026-07-17 19:22:27.718562-05,script,
4216,12,146,17.578,2026-07-17 19:22:27.718562-05,2026-07-17 19:22:27.718562-05,script,
4217,12,147,35.779,2026-07-17 19:22:27.718562-05,2026-07-17 19:22:27.718562-05,script,
4218,12,148,14.621,2026-07-17 19:22:27.718562-05,2026-07-17 19:22:27.718562-05,script,
4219,12,149,69.452,2026-07-17 19:22:27.718562-05,2026-07-17 19:22:27.718562-05,script,
4220,12,150,56.084,2026-07-17 19:22:27.718562-05,2026-07-17 19:22:27.718562-05,script,
4221,12,151,155.912,2026-07-17 19:22:27.718562-05,2026-07-17 19:22:27.718562-05,script,
4222,12,152,524.470,2026-07-17 19:22:27.718562-05,2026-07-17 19:22:27.718562-05,script,
4223,12,153,166.085,2026-07-17 19:22:27.718562-05,2026-07-17 19:22:27.718562-05,script,
4224,12,154,491.398,2026-07-17 19:22:27.718562-05,2026-07-17 19:22:27.718562-05,script,
4225,12,155,269.851,2026-07-17 19:22:27.718562-05,2026-07-17 19:22:27.718562-05,script,
4226,12,156,547.920,2026-07-17 19:22:27.718562-05,2026-07-17 19:22:27.718562-05,script,
4227,12,157,424.715,2026-07-17 19:22:27.718562-05,2026-07-17 19:22:27.718562-05,script,
4228,12,158,467.995,2026-07-17 19:22:27.718562-05,2026-07-17 19:22:27.718562-05,script,
4229,12,159,201.711,2026-07-17 19:22:27.718562-05,2026-07-17 19:22:27.718562-05,script,
4230,12,160,519.091,2026-07-17 19:22:27.718562-05,2026-07-17 19:22:27.718562-05,script,
4231,12,161,338.127,2026-07-17 19:22:27.718562-05,2026-07-17 19:22:27.718562-05,script,
4232,12,162,361.654,2026-07-17 19:22:27.718562-05,2026-07-17 19:22:27.718562-05,script,
4233,12,163,160.994,2026-07-17 19:22:27.718562-05,2026-07-17 19:22:27.718562-05,script,
4234,12,164,257.328,2026-07-17 19:22:27.718562-05,2026-07-17 19:22:27.718562-05,script,
4235,12,165,529.694,2026-07-17 19:22:27.718562-05,2026-07-17 19:22:27.718562-05,script,
4236,12,166,326.546,2026-07-17 19:22:27.718562-05,2026-07-17 19:22:27.718562-05,script,
4237,12,167,186.570,2026-07-17 19:22:27.718562-05,2026-07-17 19:22:27.718562-05,script,
4238,12,168,245.771,2026-07-17 19:22:27.718562-05,2026-07-17 19:22:27.718562-05,script,
4239,12,169,379.146,2026-07-17 19:22:27.718562-05,2026-07-17 19:22:27.718562-05,script,
4240,12,170,185.744,2026-07-17 19:22:27.718562-05,2026-07-17 19:22:27.718562-05,script,
4241,12,171,234.238,2026-07-17 19:22:27.718562-05,2026-07-17 19:22:27.718562-05,script,
4242,12,172,415.728,2026-07-17 19:22:27.718562-05,2026-07-17 19:22:27.718562-05,script,
4243,12,173,338.170,2026-07-17 19:22:27.718562-05,2026-07-17 19:22:27.718562-05,script,
4244,12,174,299.903,2026-07-17 19:22:27.718562-05,2026-07-17 19:22:27.718562-05,script,
4245,12,175,522.247,2026-07-17 19:22:27.718562-05,2026-07-17 19:22:27.718562-05,script,
4246,12,176,506.537,2026-07-17 19:22:27.718562-05,2026-07-17 19:22:27.718562-05,script,
4247,12,177,235.288,2026-07-17 19:22:27.718562-05,2026-07-17 19:22:27.718562-05,script,
4248,12,178,332.280,2026-07-17 19:22:27.718562-05,2026-07-17 19:22:27.718562-05,script,
4249,12,179,190.052,2026-07-17 19:22:27.718562-05,2026-07-17 19:22:27.718562-05,script,
4250,12,180,335.799,2026-07-17 19:22:27.718562-05,2026-07-17 19:22:27.718562-05,script,
4251,12,181,472.055,2026-07-17 19:22:27.718562-05,2026-07-17 19:22:27.718562-05,script,
4252,12,182,236.301,2026-07-17 19:22:27.718562-05,2026-07-17 19:22:27.718562-05,script,
4253,12,183,275.836,2026-07-17 19:22:27.718562-05,2026-07-17 19:22:27.718562-05,script,
4254,12,184,297.068,2026-07-17 19:22:27.718562-05,2026-07-17 19:22:27.718562-05,script,
4255,12,185,198.278,2026-07-17 19:22:27.718562-05,2026-07-17 19:22:27.718562-05,script,
4256,12,186,405.787,2026-07-17 19:22:27.718562-05,2026-07-17 19:22:27.718562-05,script,
4257,12,187,540.189,2026-07-17 19:22:27.718562-05,2026-07-17 19:22:27.718562-05,script,
4258,12,188,220.293,2026-07-17 19:22:27.718562-05,2026-07-17 19:22:27.718562-05,script,
4259,12,189,335.505,2026-07-17 19:22:27.718562-05,2026-07-17 19:22:27.718562-05,script,
4260,12,190,458.812,2026-07-17 19:22:27.718562-05,2026-07-17 19:22:27.718562-05,script,
4261,12,191,178.497,2026-07-17 19:22:27.718562-05,2026-07-17 19:22:27.718562-05,script,
4262,12,192,246.544,2026-07-17 19:22:27.718562-05,2026-07-17 19:22:27.718562-05,script,
4263,12,193,451.506,2026-07-17 19:22:27.718562-05,2026-07-17 19:22:27.718562-05,script,
4264,12,194,282.118,2026-07-17 19:22:27.718562-05,2026-07-17 19:22:27.718562-05,script,
4265,12,195,463.076,2026-07-17 19:22:27.718562-05,2026-07-17 19:22:27.718562-05,script,
4266,12,196,249.677,2026-07-17 19:22:27.718562-05,2026-07-17 19:22:27.718562-05,script,
4267,12,197,354.832,2026-07-17 19:22:27.718562-05,2026-07-17 19:22:27.718562-05,script,
4268,12,198,303.274,2026-07-17 19:22:27.718562-05,2026-07-17 19:22:27.718562-05,script,
4269,12,199,399.405,2026-07-17 19:22:27.718562-05,2026-07-17 19:22:27.718562-05,script,
4270,12,200,211.701,2026-07-17 19:22:27.718562-05,2026-07-17 19:22:27.718562-05,script,
4271,12,201,446.374,2026-07-17 19:22:27.718562-05,2026-07-17 19:22:27.718562-05,script,
4272,12,202,200.547,2026-07-17 19:22:27.718562-05,2026-07-17 19:22:27.718562-05,script,
4273,12,203,325.448,2026-07-17 19:22:27.718562-05,2026-07-17 19:22:27.718562-05,script,
4274,12,204,220.380,2026-07-17 19:22:27.718562-05,2026-07-17 19:22:27.718562-05,script,
4275,12,205,334.521,2026-07-17 19:22:27.718562-05,2026-07-17 19:22:27.718562-05,script,
4276,12,206,370.739,2026-07-17 19:22:27.718562-05,2026-07-17 19:22:27.718562-05,script,
4277,12,207,404.185,2026-07-17 19:22:27.718562-05,2026-07-17 19:22:27.718562-05,script,
4278,12,208,241.281,2026-07-17 19:22:27.718562-05,2026-07-17 19:22:27.718562-05,script,
4279,12,209,210.018,2026-07-17 19:22:27.718562-05,2026-07-17 19:22:27.718562-05,script,
4280,12,210,325.807,2026-07-17 19:22:27.718562-05,2026-07-17 19:22:27.718562-05,script,
4281,12,211,184.106,2026-07-17 19:22:27.718562-05,2026-07-17 19:22:27.718562-05,script,
4282,12,212,201.211,2026-07-17 19:22:27.718562-05,2026-07-17 19:22:27.718562-05,script,
4283,12,213,474.403,2026-07-17 19:22:27.718562-05,2026-07-17 19:22:27.718562-05,script,
4284,12,214,488.988,2026-07-17 19:22:27.718562-05,2026-07-17 19:22:27.718562-05,script,
4285,12,215,319.140,2026-07-17 19:22:27.718562-05,2026-07-17 19:22:27.718562-05,script,
4286,12,216,446.044,2026-07-17 19:22:27.718562-05,2026-07-17 19:22:27.718562-05,script,
4287,12,217,200.515,2026-07-17 19:22:27.718562-05,2026-07-17 19:22:27.718562-05,script,
4288,12,218,503.752,2026-07-17 19:22:27.718562-05,2026-07-17 19:22:27.718562-05,script,
4289,12,219,523.302,2026-07-17 19:22:27.718562-05,2026-07-17 19:22:27.718562-05,script,
4290,12,220,450.251,2026-07-17 19:22:27.718562-05,2026-07-17 19:22:27.718562-05,script,
4291,12,221,238.498,2026-07-17 19:22:27.718562-05,2026-07-17 19:22:27.718562-05,script,
4292,12,222,227.400,2026-07-17 19:22:27.718562-05,2026-07-17 19:22:27.718562-05,script,
4293,12,223,473.284,2026-07-17 19:22:27.718562-05,2026-07-17 19:22:27.718562-05,script,
4294,12,224,387.232,2026-07-17 19:22:27.718562-05,2026-07-17 19:22:27.718562-05,script,
4295,12,225,179.326,2026-07-17 19:22:27.718562-05,2026-07-17 19:22:27.718562-05,script,
4296,12,226,61.372,2026-07-17 19:22:27.718562-05,2026-07-17 19:22:27.718562-05,script,
4297,12,227,62.434,2026-07-17 19:22:27.718562-05,2026-07-17 19:22:27.718562-05,script,
4298,12,228,192.040,2026-07-17 19:22:27.718562-05,2026-07-17 19:22:27.718562-05,script,
4299,12,229,151.297,2026-07-17 19:22:27.718562-05,2026-07-17 19:22:27.718562-05,script,
4300,12,230,238.819,2026-07-17 19:22:27.718562-05,2026-07-17 19:22:27.718562-05,script,
4301,12,231,132.676,2026-07-17 19:22:27.718562-05,2026-07-17 19:22:27.718562-05,script,
4302,12,232,225.883,2026-07-17 19:22:27.718562-05,2026-07-17 19:22:27.718562-05,script,
4303,12,233,119.639,2026-07-17 19:22:27.718562-05,2026-07-17 19:22:27.718562-05,script,
4304,12,234,161.987,2026-07-17 19:22:27.718562-05,2026-07-17 19:22:27.718562-05,script,
4305,12,235,197.864,2026-07-17 19:22:27.718562-05,2026-07-17 19:22:27.718562-05,script,
4306,12,236,110.657,2026-07-17 19:22:27.718562-05,2026-07-17 19:22:27.718562-05,script,
4307,12,237,137.743,2026-07-17 19:22:27.718562-05,2026-07-17 19:22:27.718562-05,script,
4308,12,238,122.813,2026-07-17 19:22:27.718562-05,2026-07-17 19:22:27.718562-05,script,
4309,12,239,102.834,2026-07-17 19:22:27.718562-05,2026-07-17 19:22:27.718562-05,script,
4310,12,240,98.734,2026-07-17 19:22:27.718562-05,2026-07-17 19:22:27.718562-05,script,
4311,12,241,197.477,2026-07-17 19:22:27.718562-05,2026-07-17 19:22:27.718562-05,script,
4312,12,242,78.735,2026-07-17 19:22:27.718562-05,2026-07-17 19:22:27.718562-05,script,
4313,12,243,92.109,2026-07-17 19:22:27.718562-05,2026-07-17 19:22:27.718562-05,script,
4314,12,244,202.224,2026-07-17 19:22:27.718562-05,2026-07-17 19:22:27.718562-05,script,
4315,12,245,111.024,2026-07-17 19:22:27.718562-05,2026-07-17 19:22:27.718562-05,script,
4316,12,246,197.431,2026-07-17 19:22:27.718562-05,2026-07-17 19:22:27.718562-05,script,
4317,12,247,81.719,2026-07-17 19:22:27.718562-05,2026-07-17 19:22:27.718562-05,script,
4318,12,248,151.556,2026-07-17 19:22:27.718562-05,2026-07-17 19:22:27.718562-05,script,
4319,12,249,204.124,2026-07-17 19:22:27.718562-05,2026-07-17 19:22:27.718562-05,script,
4320,12,250,61.241,2026-07-17 19:22:27.718562-05,2026-07-17 19:22:27.718562-05,script,
4321,12,251,143.949,2026-07-17 19:22:27.718562-05,2026-07-17 19:22:27.718562-05,script,
4322,12,252,199.467,2026-07-17 19:22:27.718562-05,2026-07-17 19:22:27.718562-05,script,
4323,12,253,148.246,2026-07-17 19:22:27.718562-05,2026-07-17 19:22:27.718562-05,script,
4324,12,254,126.605,2026-07-17 19:22:27.718562-05,2026-07-17 19:22:27.718562-05,script,
4325,12,255,146.027,2026-07-17 19:22:27.718562-05,2026-07-17 19:22:27.718562-05,script,
4326,12,256,116.878,2026-07-17 19:22:27.718562-05,2026-07-17 19:22:27.718562-05,script,
4327,12,257,201.906,2026-07-17 19:22:27.718562-05,2026-07-17 19:22:27.718562-05,script,
4328,12,258,152.385,2026-07-17 19:22:27.718562-05,2026-07-17 19:22:27.718562-05,script,
4329,12,259,192.036,2026-07-17 19:22:27.718562-05,2026-07-17 19:22:27.718562-05,script,
4330,12,260,68.591,2026-07-17 19:22:27.718562-05,2026-07-17 19:22:27.718562-05,script,
4331,12,261,93.631,2026-07-17 19:22:27.718562-05,2026-07-17 19:22:27.718562-05,script,
4332,12,262,176.897,2026-07-17 19:22:27.718562-05,2026-07-17 19:22:27.718562-05,script,
4333,12,263,119.986,2026-07-17 19:22:27.718562-05,2026-07-17 19:22:27.718562-05,script,
4334,12,264,197.450,2026-07-17 19:22:27.718562-05,2026-07-17 19:22:27.718562-05,script,
4335,12,265,116.175,2026-07-17 19:22:27.718562-05,2026-07-17 19:22:27.718562-05,script,
4336,12,266,219.600,2026-07-17 19:22:27.718562-05,2026-07-17 19:22:27.718562-05,script,
4337,12,267,144.452,2026-07-17 19:22:27.718562-05,2026-07-17 19:22:27.718562-05,script,
4338,12,268,225.177,2026-07-17 19:22:27.718562-05,2026-07-17 19:22:27.718562-05,script,
4339,12,269,187.898,2026-07-17 19:22:27.718562-05,2026-07-17 19:22:27.718562-05,script,
4340,12,270,137.937,2026-07-17 19:22:27.718562-05,2026-07-17 19:22:27.718562-05,script,
4341,12,271,98.033,2026-07-17 19:22:27.718562-05,2026-07-17 19:22:27.718562-05,script,
4342,12,272,135.157,2026-07-17 19:22:27.718562-05,2026-07-17 19:22:27.718562-05,script,
4343,12,273,172.198,2026-07-17 19:22:27.718562-05,2026-07-17 19:22:27.718562-05,script,
4344,12,274,79.854,2026-07-17 19:22:27.718562-05,2026-07-17 19:22:27.718562-05,script,
4345,12,275,223.403,2026-07-17 19:22:27.718562-05,2026-07-17 19:22:27.718562-05,script,
4346,12,276,153.040,2026-07-17 19:22:27.718562-05,2026-07-17 19:22:27.718562-05,script,
4347,12,277,230.764,2026-07-17 19:22:27.718562-05,2026-07-17 19:22:27.718562-05,script,
4348,12,278,208.500,2026-07-17 19:22:27.718562-05,2026-07-17 19:22:27.718562-05,script,
4349,12,279,121.263,2026-07-17 19:22:27.718562-05,2026-07-17 19:22:27.718562-05,script,
4350,12,280,109.977,2026-07-17 19:22:27.718562-05,2026-07-17 19:22:27.718562-05,script,
4351,12,281,30.722,2026-07-17 19:22:27.718562-05,2026-07-17 19:22:27.718562-05,script,
4352,12,282,67.130,2026-07-17 19:22:27.718562-05,2026-07-17 19:22:27.718562-05,script,
4353,12,283,39.361,2026-07-17 19:22:27.718562-05,2026-07-17 19:22:27.718562-05,script,
4354,12,284,46.713,2026-07-17 19:22:27.718562-05,2026-07-17 19:22:27.718562-05,script,
4355,12,285,16.671,2026-07-17 19:22:27.718562-05,2026-07-17 19:22:27.718562-05,script,
4356,12,286,44.746,2026-07-17 19:22:27.718562-05,2026-07-17 19:22:27.718562-05,script,
4357,12,287,59.967,2026-07-17 19:22:27.718562-05,2026-07-17 19:22:27.718562-05,script,
4358,12,288,37.108,2026-07-17 19:22:27.718562-05,2026-07-17 19:22:27.718562-05,script,
4359,12,289,36.075,2026-07-17 19:22:27.718562-05,2026-07-17 19:22:27.718562-05,script,
4360,12,290,51.519,2026-07-17 19:22:27.718562-05,2026-07-17 19:22:27.718562-05,script,
4361,12,291,12.841,2026-07-17 19:22:27.718562-05,2026-07-17 19:22:27.718562-05,script,
4362,12,292,40.803,2026-07-17 19:22:27.718562-05,2026-07-17 19:22:27.718562-05,script,
4363,12,293,58.539,2026-07-17 19:22:27.718562-05,2026-07-17 19:22:27.718562-05,script,
4364,12,294,30.595,2026-07-17 19:22:27.718562-05,2026-07-17 19:22:27.718562-05,script,
4365,12,295,79.625,2026-07-17 19:22:27.718562-05,2026-07-17 19:22:27.718562-05,script,
4366,12,296,18.034,2026-07-17 19:22:27.718562-05,2026-07-17 19:22:27.718562-05,script,
4367,12,297,10.524,2026-07-17 19:22:27.718562-05,2026-07-17 19:22:27.718562-05,script,
4368,12,298,40.539,2026-07-17 19:22:27.718562-05,2026-07-17 19:22:27.718562-05,script,
4369,12,299,71.034,2026-07-17 19:22:27.718562-05,2026-07-17 19:22:27.718562-05,script,
4370,12,300,10.945,2026-07-17 19:22:27.718562-05,2026-07-17 19:22:27.718562-05,script,
4371,12,301,40.202,2026-07-17 19:22:27.718562-05,2026-07-17 19:22:27.718562-05,script,
4372,12,302,43.801,2026-07-17 19:22:27.718562-05,2026-07-17 19:22:27.718562-05,script,
4373,12,303,16.460,2026-07-17 19:22:27.718562-05,2026-07-17 19:22:27.718562-05,script,
4374,12,304,76.505,2026-07-17 19:22:27.718562-05,2026-07-17 19:22:27.718562-05,script,
4375,12,305,38.853,2026-07-17 19:22:27.718562-05,2026-07-17 19:22:27.718562-05,script,
4376,12,306,53.988,2026-07-17 19:22:27.718562-05,2026-07-17 19:22:27.718562-05,script,
4377,12,307,43.073,2026-07-17 19:22:27.718562-05,2026-07-17 19:22:27.718562-05,script,
4378,12,308,65.296,2026-07-17 19:22:27.718562-05,2026-07-17 19:22:27.718562-05,script,
4379,12,309,78.979,2026-07-17 19:22:27.718562-05,2026-07-17 19:22:27.718562-05,script,
4380,12,310,67.231,2026-07-17 19:22:27.718562-05,2026-07-17 19:22:27.718562-05,script,
4381,12,311,77.850,2026-07-17 19:22:27.718562-05,2026-07-17 19:22:27.718562-05,script,
4382,12,312,40.106,2026-07-17 19:22:27.718562-05,2026-07-17 19:22:27.718562-05,script,
4383,12,313,54.625,2026-07-17 19:22:27.718562-05,2026-07-17 19:22:27.718562-05,script,
4384,12,314,73.723,2026-07-17 19:22:27.718562-05,2026-07-17 19:22:27.718562-05,script,
4385,12,315,45.164,2026-07-17 19:22:27.718562-05,2026-07-17 19:22:27.718562-05,script,
4386,12,316,25.579,2026-07-17 19:22:27.718562-05,2026-07-17 19:22:27.718562-05,script,
4387,12,317,23.045,2026-07-17 19:22:27.718562-05,2026-07-17 19:22:27.718562-05,script,
4388,12,318,38.463,2026-07-17 19:22:27.718562-05,2026-07-17 19:22:27.718562-05,script,
4389,12,319,35.549,2026-07-17 19:22:27.718562-05,2026-07-17 19:22:27.718562-05,script,
4390,12,320,29.089,2026-07-17 19:22:27.718562-05,2026-07-17 19:22:27.718562-05,script,
4391,12,321,13.583,2026-07-17 19:22:27.718562-05,2026-07-17 19:22:27.718562-05,script,
4392,12,322,51.927,2026-07-17 19:22:27.718562-05,2026-07-17 19:22:27.718562-05,script,
4393,12,323,17.390,2026-07-17 19:22:27.718562-05,2026-07-17 19:22:27.718562-05,script,
4394,12,324,66.317,2026-07-17 19:22:27.718562-05,2026-07-17 19:22:27.718562-05,script,
4395,12,325,10.673,2026-07-17 19:22:27.718562-05,2026-07-17 19:22:27.718562-05,script,
4396,12,326,33.602,2026-07-17 19:22:27.718562-05,2026-07-17 19:22:27.718562-05,script,
4397,12,327,25.612,2026-07-17 19:22:27.718562-05,2026-07-17 19:22:27.718562-05,script,
4398,12,328,34.780,2026-07-17 19:22:27.718562-05,2026-07-17 19:22:27.718562-05,script,
4399,12,329,26.858,2026-07-17 19:22:27.718562-05,2026-07-17 19:22:27.718562-05,script,
4400,12,330,30.993,2026-07-17 19:22:27.718562-05,2026-07-17 19:22:27.718562-05,script,
4401,12,331,31.604,2026-07-17 19:22:27.718562-05,2026-07-17 19:22:27.718562-05,script,
4402,12,332,73.980,2026-07-17 19:22:27.718562-05,2026-07-17 19:22:27.718562-05,script,
4403,12,333,11.283,2026-07-17 19:22:27.718562-05,2026-07-17 19:22:27.718562-05,script,
4404,12,334,15.488,2026-07-17 19:22:27.718562-05,2026-07-17 19:22:27.718562-05,script,
4405,12,335,64.904,2026-07-17 19:22:27.718562-05,2026-07-17 19:22:27.718562-05,script,
4406,12,336,40.075,2026-07-17 19:22:27.718562-05,2026-07-17 19:22:27.718562-05,script,
4407,12,337,48.839,2026-07-17 19:22:27.718562-05,2026-07-17 19:22:27.718562-05,script,
4408,12,338,62.243,2026-07-17 19:22:27.718562-05,2026-07-17 19:22:27.718562-05,script,
4409,12,339,78.930,2026-07-17 19:22:27.718562-05,2026-07-17 19:22:27.718562-05,script,
4410,12,340,32.697,2026-07-17 19:22:27.718562-05,2026-07-17 19:22:27.718562-05,script,
4411,12,341,72.475,2026-07-17 19:22:27.718562-05,2026-07-17 19:22:27.718562-05,script,
4412,12,342,43.500,2026-07-17 19:22:27.718562-05,2026-07-17 19:22:27.718562-05,script,
4413,12,343,77.532,2026-07-17 19:22:27.718562-05,2026-07-17 19:22:27.718562-05,script,
4414,12,344,64.494,2026-07-17 19:22:27.718562-05,2026-07-17 19:22:27.718562-05,script,
4415,12,345,18.569,2026-07-17 19:22:27.718562-05,2026-07-17 19:22:27.718562-05,script,
4416,12,346,42.002,2026-07-17 19:22:27.718562-05,2026-07-17 19:22:27.718562-05,script,
4417,12,347,74.053,2026-07-17 19:22:27.718562-05,2026-07-17 19:22:27.718562-05,script,
4418,12,348,21.038,2026-07-17 19:22:27.718562-05,2026-07-17 19:22:27.718562-05,script,
4419,12,349,45.843,2026-07-17 19:22:27.718562-05,2026-07-17 19:22:27.718562-05,script,
4420,12,350,55.394,2026-07-17 19:22:27.718562-05,2026-07-17 19:22:27.718562-05,script,
4421,12,351,17.083,2026-07-17 19:22:27.718562-05,2026-07-17 19:22:27.718562-05,script,
4422,12,352,37.983,2026-07-17 19:22:27.718562-05,2026-07-17 19:22:27.718562-05,script,
4423,12,353,25.112,2026-07-17 19:22:27.718562-05,2026-07-17 19:22:27.718562-05,script,
4424,12,354,23.834,2026-07-17 19:22:27.718562-05,2026-07-17 19:22:27.718562-05,script,
4425,12,355,13.037,2026-07-17 19:22:27.718562-05,2026-07-17 19:22:27.718562-05,script,
4426,12,356,40.279,2026-07-17 19:22:27.718562-05,2026-07-17 19:22:27.718562-05,script,
4427,12,357,73.851,2026-07-17 19:22:27.718562-05,2026-07-17 19:22:27.718562-05,script,
4428,12,358,41.239,2026-07-17 19:22:27.718562-05,2026-07-17 19:22:27.718562-05,script,
4429,12,359,18.430,2026-07-17 19:22:27.718562-05,2026-07-17 19:22:27.718562-05,script,
4430,12,360,29.628,2026-07-17 19:22:27.718562-05,2026-07-17 19:22:27.718562-05,script,
4431,12,361,69.048,2026-07-17 19:22:27.718562-05,2026-07-17 19:22:27.718562-05,script,
4432,12,362,30.237,2026-07-17 19:22:27.718562-05,2026-07-17 19:22:27.718562-05,script,
4433,12,363,52.026,2026-07-17 19:22:27.718562-05,2026-07-17 19:22:27.718562-05,script,
4434,12,364,30.193,2026-07-17 19:22:27.718562-05,2026-07-17 19:22:27.718562-05,script,
4435,12,365,50.720,2026-07-17 19:22:27.718562-05,2026-07-17 19:22:27.718562-05,script,
4436,12,366,62.248,2026-07-17 19:22:27.718562-05,2026-07-17 19:22:27.718562-05,script,
4437,12,367,78.468,2026-07-17 19:22:27.718562-05,2026-07-17 19:22:27.718562-05,script,
4438,12,368,52.997,2026-07-17 19:22:27.718562-05,2026-07-17 19:22:27.718562-05,script,
4439,12,369,57.667,2026-07-17 19:22:27.718562-05,2026-07-17 19:22:27.718562-05,script,
4440,12,370,61.273,2026-07-17 19:22:27.718562-05,2026-07-17 19:22:27.718562-05,script,
4441,13,1,524.042,2026-07-17 19:22:27.718562-05,2026-07-17 19:22:27.718562-05,script,
4442,13,2,408.185,2026-07-17 19:22:27.718562-05,2026-07-17 19:22:27.718562-05,script,
4443,13,3,332.904,2026-07-17 19:22:27.718562-05,2026-07-17 19:22:27.718562-05,script,
4444,13,4,406.806,2026-07-17 19:22:27.718562-05,2026-07-17 19:22:27.718562-05,script,
4445,13,5,316.576,2026-07-17 19:22:27.718562-05,2026-07-17 19:22:27.718562-05,script,
4446,13,6,499.257,2026-07-17 19:22:27.718562-05,2026-07-17 19:22:27.718562-05,script,
4447,13,7,485.960,2026-07-17 19:22:27.718562-05,2026-07-17 19:22:27.718562-05,script,
4448,13,8,362.128,2026-07-17 19:22:27.718562-05,2026-07-17 19:22:27.718562-05,script,
4449,13,9,311.015,2026-07-17 19:22:27.718562-05,2026-07-17 19:22:27.718562-05,script,
4450,13,10,241.777,2026-07-17 19:22:27.718562-05,2026-07-17 19:22:27.718562-05,script,
4451,13,11,271.792,2026-07-17 19:22:27.718562-05,2026-07-17 19:22:27.718562-05,script,
4452,13,12,335.658,2026-07-17 19:22:27.718562-05,2026-07-17 19:22:27.718562-05,script,
4453,13,13,357.110,2026-07-17 19:22:27.718562-05,2026-07-17 19:22:27.718562-05,script,
4454,13,14,389.330,2026-07-17 19:22:27.718562-05,2026-07-17 19:22:27.718562-05,script,
4455,13,15,253.703,2026-07-17 19:22:27.718562-05,2026-07-17 19:22:27.718562-05,script,
4456,13,16,528.699,2026-07-17 19:22:27.718562-05,2026-07-17 19:22:27.718562-05,script,
4457,13,17,513.720,2026-07-17 19:22:27.718562-05,2026-07-17 19:22:27.718562-05,script,
4458,13,18,347.783,2026-07-17 19:22:27.718562-05,2026-07-17 19:22:27.718562-05,script,
4459,13,19,422.347,2026-07-17 19:22:27.718562-05,2026-07-17 19:22:27.718562-05,script,
4460,13,20,340.403,2026-07-17 19:22:27.718562-05,2026-07-17 19:22:27.718562-05,script,
4461,13,21,536.475,2026-07-17 19:22:27.718562-05,2026-07-17 19:22:27.718562-05,script,
4462,13,22,480.934,2026-07-17 19:22:27.718562-05,2026-07-17 19:22:27.718562-05,script,
4463,13,23,200.756,2026-07-17 19:22:27.718562-05,2026-07-17 19:22:27.718562-05,script,
4464,13,24,463.076,2026-07-17 19:22:27.718562-05,2026-07-17 19:22:27.718562-05,script,
4465,13,25,454.317,2026-07-17 19:22:27.718562-05,2026-07-17 19:22:27.718562-05,script,
4466,13,26,294.248,2026-07-17 19:22:27.718562-05,2026-07-17 19:22:27.718562-05,script,
4467,13,27,259.447,2026-07-17 19:22:27.718562-05,2026-07-17 19:22:27.718562-05,script,
4468,13,28,467.827,2026-07-17 19:22:27.718562-05,2026-07-17 19:22:27.718562-05,script,
4469,13,29,382.460,2026-07-17 19:22:27.718562-05,2026-07-17 19:22:27.718562-05,script,
4470,13,30,364.413,2026-07-17 19:22:27.718562-05,2026-07-17 19:22:27.718562-05,script,
4471,13,31,352.680,2026-07-17 19:22:27.718562-05,2026-07-17 19:22:27.718562-05,script,
4472,13,32,218.199,2026-07-17 19:22:27.718562-05,2026-07-17 19:22:27.718562-05,script,
4473,13,33,414.070,2026-07-17 19:22:27.718562-05,2026-07-17 19:22:27.718562-05,script,
4474,13,34,299.125,2026-07-17 19:22:27.718562-05,2026-07-17 19:22:27.718562-05,script,
4475,13,35,191.641,2026-07-17 19:22:27.718562-05,2026-07-17 19:22:27.718562-05,script,
4476,13,36,219.404,2026-07-17 19:22:27.718562-05,2026-07-17 19:22:27.718562-05,script,
4477,13,37,422.213,2026-07-17 19:22:27.718562-05,2026-07-17 19:22:27.718562-05,script,
4478,13,38,536.220,2026-07-17 19:22:27.718562-05,2026-07-17 19:22:27.718562-05,script,
4479,13,39,420.208,2026-07-17 19:22:27.718562-05,2026-07-17 19:22:27.718562-05,script,
4480,13,40,220.235,2026-07-17 19:22:27.718562-05,2026-07-17 19:22:27.718562-05,script,
4481,13,41,201.291,2026-07-17 19:22:27.718562-05,2026-07-17 19:22:27.718562-05,script,
4482,13,42,384.252,2026-07-17 19:22:27.718562-05,2026-07-17 19:22:27.718562-05,script,
4483,13,43,203.871,2026-07-17 19:22:27.718562-05,2026-07-17 19:22:27.718562-05,script,
4484,13,44,257.545,2026-07-17 19:22:27.718562-05,2026-07-17 19:22:27.718562-05,script,
4485,13,45,403.057,2026-07-17 19:22:27.718562-05,2026-07-17 19:22:27.718562-05,script,
4486,13,46,395.199,2026-07-17 19:22:27.718562-05,2026-07-17 19:22:27.718562-05,script,
4487,13,47,231.626,2026-07-17 19:22:27.718562-05,2026-07-17 19:22:27.718562-05,script,
4488,13,48,349.523,2026-07-17 19:22:27.718562-05,2026-07-17 19:22:27.718562-05,script,
4489,13,49,464.776,2026-07-17 19:22:27.718562-05,2026-07-17 19:22:27.718562-05,script,
4490,13,50,464.834,2026-07-17 19:22:27.718562-05,2026-07-17 19:22:27.718562-05,script,
4491,13,51,499.367,2026-07-17 19:22:27.718562-05,2026-07-17 19:22:27.718562-05,script,
4492,13,52,309.431,2026-07-17 19:22:27.718562-05,2026-07-17 19:22:27.718562-05,script,
4493,13,53,443.037,2026-07-17 19:22:27.718562-05,2026-07-17 19:22:27.718562-05,script,
4494,13,54,387.373,2026-07-17 19:22:27.718562-05,2026-07-17 19:22:27.718562-05,script,
4495,13,55,220.943,2026-07-17 19:22:27.718562-05,2026-07-17 19:22:27.718562-05,script,
4496,13,56,542.728,2026-07-17 19:22:27.718562-05,2026-07-17 19:22:27.718562-05,script,
4497,13,57,348.831,2026-07-17 19:22:27.718562-05,2026-07-17 19:22:27.718562-05,script,
4498,13,58,296.128,2026-07-17 19:22:27.718562-05,2026-07-17 19:22:27.718562-05,script,
4499,13,59,211.799,2026-07-17 19:22:27.718562-05,2026-07-17 19:22:27.718562-05,script,
4500,13,60,492.650,2026-07-17 19:22:27.718562-05,2026-07-17 19:22:27.718562-05,script,
4501,13,61,270.398,2026-07-17 19:22:27.718562-05,2026-07-17 19:22:27.718562-05,script,
4502,13,62,506.120,2026-07-17 19:22:27.718562-05,2026-07-17 19:22:27.718562-05,script,
4503,13,63,203.438,2026-07-17 19:22:27.718562-05,2026-07-17 19:22:27.718562-05,script,
4504,13,64,274.158,2026-07-17 19:22:27.718562-05,2026-07-17 19:22:27.718562-05,script,
4505,13,65,447.439,2026-07-17 19:22:27.718562-05,2026-07-17 19:22:27.718562-05,script,
4506,13,66,435.162,2026-07-17 19:22:27.718562-05,2026-07-17 19:22:27.718562-05,script,
4507,13,67,373.641,2026-07-17 19:22:27.718562-05,2026-07-17 19:22:27.718562-05,script,
4508,13,68,262.015,2026-07-17 19:22:27.718562-05,2026-07-17 19:22:27.718562-05,script,
4509,13,69,323.504,2026-07-17 19:22:27.718562-05,2026-07-17 19:22:27.718562-05,script,
4510,13,70,375.699,2026-07-17 19:22:27.718562-05,2026-07-17 19:22:27.718562-05,script,
4511,13,71,208.943,2026-07-17 19:22:27.718562-05,2026-07-17 19:22:27.718562-05,script,
4512,13,72,190.257,2026-07-17 19:22:27.718562-05,2026-07-17 19:22:27.718562-05,script,
4513,13,73,280.730,2026-07-17 19:22:27.718562-05,2026-07-17 19:22:27.718562-05,script,
4514,13,74,330.097,2026-07-17 19:22:27.718562-05,2026-07-17 19:22:27.718562-05,script,
4515,13,75,314.761,2026-07-17 19:22:27.718562-05,2026-07-17 19:22:27.718562-05,script,
4516,13,76,27.846,2026-07-17 19:22:27.718562-05,2026-07-17 19:22:27.718562-05,script,
4517,13,77,53.625,2026-07-17 19:22:27.718562-05,2026-07-17 19:22:27.718562-05,script,
4518,13,78,60.029,2026-07-17 19:22:27.718562-05,2026-07-17 19:22:27.718562-05,script,
4519,13,79,73.959,2026-07-17 19:22:27.718562-05,2026-07-17 19:22:27.718562-05,script,
4520,13,80,25.679,2026-07-17 19:22:27.718562-05,2026-07-17 19:22:27.718562-05,script,
4521,13,81,51.584,2026-07-17 19:22:27.718562-05,2026-07-17 19:22:27.718562-05,script,
4522,13,82,10.404,2026-07-17 19:22:27.718562-05,2026-07-17 19:22:27.718562-05,script,
4523,13,83,61.277,2026-07-17 19:22:27.718562-05,2026-07-17 19:22:27.718562-05,script,
4524,13,84,26.107,2026-07-17 19:22:27.718562-05,2026-07-17 19:22:27.718562-05,script,
4525,13,85,23.782,2026-07-17 19:22:27.718562-05,2026-07-17 19:22:27.718562-05,script,
4526,13,86,43.003,2026-07-17 19:22:27.718562-05,2026-07-17 19:22:27.718562-05,script,
4527,13,87,34.827,2026-07-17 19:22:27.718562-05,2026-07-17 19:22:27.718562-05,script,
4528,13,88,75.817,2026-07-17 19:22:27.718562-05,2026-07-17 19:22:27.718562-05,script,
4529,13,89,75.111,2026-07-17 19:22:27.718562-05,2026-07-17 19:22:27.718562-05,script,
4530,13,90,36.490,2026-07-17 19:22:27.718562-05,2026-07-17 19:22:27.718562-05,script,
4531,13,91,29.302,2026-07-17 19:22:27.718562-05,2026-07-17 19:22:27.718562-05,script,
4532,13,92,78.021,2026-07-17 19:22:27.718562-05,2026-07-17 19:22:27.718562-05,script,
4533,13,93,25.443,2026-07-17 19:22:27.718562-05,2026-07-17 19:22:27.718562-05,script,
4534,13,94,62.199,2026-07-17 19:22:27.718562-05,2026-07-17 19:22:27.718562-05,script,
4535,13,95,64.051,2026-07-17 19:22:27.718562-05,2026-07-17 19:22:27.718562-05,script,
4536,13,96,56.025,2026-07-17 19:22:27.718562-05,2026-07-17 19:22:27.718562-05,script,
4537,13,97,51.649,2026-07-17 19:22:27.718562-05,2026-07-17 19:22:27.718562-05,script,
4538,13,98,30.320,2026-07-17 19:22:27.718562-05,2026-07-17 19:22:27.718562-05,script,
4539,13,99,45.650,2026-07-17 19:22:27.718562-05,2026-07-17 19:22:27.718562-05,script,
4540,13,100,67.257,2026-07-17 19:22:27.718562-05,2026-07-17 19:22:27.718562-05,script,
4541,13,101,46.860,2026-07-17 19:22:27.718562-05,2026-07-17 19:22:27.718562-05,script,
4542,13,102,39.414,2026-07-17 19:22:27.718562-05,2026-07-17 19:22:27.718562-05,script,
4543,13,103,14.912,2026-07-17 19:22:27.718562-05,2026-07-17 19:22:27.718562-05,script,
4544,13,104,15.955,2026-07-17 19:22:27.718562-05,2026-07-17 19:22:27.718562-05,script,
4545,13,105,32.819,2026-07-17 19:22:27.718562-05,2026-07-17 19:22:27.718562-05,script,
4546,13,106,15.358,2026-07-17 19:22:27.718562-05,2026-07-17 19:22:27.718562-05,script,
4547,13,107,44.725,2026-07-17 19:22:27.718562-05,2026-07-17 19:22:27.718562-05,script,
4548,13,108,11.559,2026-07-17 19:22:27.718562-05,2026-07-17 19:22:27.718562-05,script,
4549,13,109,38.796,2026-07-17 19:22:27.718562-05,2026-07-17 19:22:27.718562-05,script,
4550,13,110,66.658,2026-07-17 19:22:27.718562-05,2026-07-17 19:22:27.718562-05,script,
4551,13,111,59.027,2026-07-17 19:22:27.718562-05,2026-07-17 19:22:27.718562-05,script,
4552,13,112,30.767,2026-07-17 19:22:27.718562-05,2026-07-17 19:22:27.718562-05,script,
4553,13,113,59.927,2026-07-17 19:22:27.718562-05,2026-07-17 19:22:27.718562-05,script,
4554,13,114,68.247,2026-07-17 19:22:27.718562-05,2026-07-17 19:22:27.718562-05,script,
4555,13,115,61.287,2026-07-17 19:22:27.718562-05,2026-07-17 19:22:27.718562-05,script,
4556,13,116,32.569,2026-07-17 19:22:27.718562-05,2026-07-17 19:22:27.718562-05,script,
4557,13,117,61.531,2026-07-17 19:22:27.718562-05,2026-07-17 19:22:27.718562-05,script,
4558,13,118,69.550,2026-07-17 19:22:27.718562-05,2026-07-17 19:22:27.718562-05,script,
4559,13,119,26.967,2026-07-17 19:22:27.718562-05,2026-07-17 19:22:27.718562-05,script,
4560,13,120,10.315,2026-07-17 19:22:27.718562-05,2026-07-17 19:22:27.718562-05,script,
4561,13,121,57.957,2026-07-17 19:22:27.718562-05,2026-07-17 19:22:27.718562-05,script,
4562,13,122,49.111,2026-07-17 19:22:27.718562-05,2026-07-17 19:22:27.718562-05,script,
4563,13,123,13.017,2026-07-17 19:22:27.718562-05,2026-07-17 19:22:27.718562-05,script,
4564,13,124,79.498,2026-07-17 19:22:27.718562-05,2026-07-17 19:22:27.718562-05,script,
4565,13,125,60.903,2026-07-17 19:22:27.718562-05,2026-07-17 19:22:27.718562-05,script,
4566,13,126,42.929,2026-07-17 19:22:27.718562-05,2026-07-17 19:22:27.718562-05,script,
4567,13,127,26.279,2026-07-17 19:22:27.718562-05,2026-07-17 19:22:27.718562-05,script,
4568,13,128,73.386,2026-07-17 19:22:27.718562-05,2026-07-17 19:22:27.718562-05,script,
4569,13,129,38.045,2026-07-17 19:22:27.718562-05,2026-07-17 19:22:27.718562-05,script,
4570,13,130,34.436,2026-07-17 19:22:27.718562-05,2026-07-17 19:22:27.718562-05,script,
4571,13,131,49.839,2026-07-17 19:22:27.718562-05,2026-07-17 19:22:27.718562-05,script,
4572,13,132,37.093,2026-07-17 19:22:27.718562-05,2026-07-17 19:22:27.718562-05,script,
4573,13,133,33.266,2026-07-17 19:22:27.718562-05,2026-07-17 19:22:27.718562-05,script,
4574,13,134,26.122,2026-07-17 19:22:27.718562-05,2026-07-17 19:22:27.718562-05,script,
4575,13,135,68.482,2026-07-17 19:22:27.718562-05,2026-07-17 19:22:27.718562-05,script,
4576,13,136,46.732,2026-07-17 19:22:27.718562-05,2026-07-17 19:22:27.718562-05,script,
4577,13,137,72.098,2026-07-17 19:22:27.718562-05,2026-07-17 19:22:27.718562-05,script,
4578,13,138,49.087,2026-07-17 19:22:27.718562-05,2026-07-17 19:22:27.718562-05,script,
4579,13,139,29.822,2026-07-17 19:22:27.718562-05,2026-07-17 19:22:27.718562-05,script,
4580,13,140,42.021,2026-07-17 19:22:27.718562-05,2026-07-17 19:22:27.718562-05,script,
4581,13,141,77.661,2026-07-17 19:22:27.718562-05,2026-07-17 19:22:27.718562-05,script,
4582,13,142,48.074,2026-07-17 19:22:27.718562-05,2026-07-17 19:22:27.718562-05,script,
4583,13,143,38.646,2026-07-17 19:22:27.718562-05,2026-07-17 19:22:27.718562-05,script,
4584,13,144,26.455,2026-07-17 19:22:27.718562-05,2026-07-17 19:22:27.718562-05,script,
4585,13,145,77.478,2026-07-17 19:22:27.718562-05,2026-07-17 19:22:27.718562-05,script,
4586,13,146,67.290,2026-07-17 19:22:27.718562-05,2026-07-17 19:22:27.718562-05,script,
4587,13,147,48.212,2026-07-17 19:22:27.718562-05,2026-07-17 19:22:27.718562-05,script,
4588,13,148,68.726,2026-07-17 19:22:27.718562-05,2026-07-17 19:22:27.718562-05,script,
4589,13,149,48.442,2026-07-17 19:22:27.718562-05,2026-07-17 19:22:27.718562-05,script,
4590,13,150,13.048,2026-07-17 19:22:27.718562-05,2026-07-17 19:22:27.718562-05,script,
4591,13,151,186.214,2026-07-17 19:22:27.718562-05,2026-07-17 19:22:27.718562-05,script,
4592,13,152,152.710,2026-07-17 19:22:27.718562-05,2026-07-17 19:22:27.718562-05,script,
4593,13,153,157.213,2026-07-17 19:22:27.718562-05,2026-07-17 19:22:27.718562-05,script,
4594,13,154,512.656,2026-07-17 19:22:27.718562-05,2026-07-17 19:22:27.718562-05,script,
4595,13,155,409.173,2026-07-17 19:22:27.718562-05,2026-07-17 19:22:27.718562-05,script,
4596,13,156,381.850,2026-07-17 19:22:27.718562-05,2026-07-17 19:22:27.718562-05,script,
4597,13,157,416.502,2026-07-17 19:22:27.718562-05,2026-07-17 19:22:27.718562-05,script,
4598,13,158,209.641,2026-07-17 19:22:27.718562-05,2026-07-17 19:22:27.718562-05,script,
4599,13,159,468.310,2026-07-17 19:22:27.718562-05,2026-07-17 19:22:27.718562-05,script,
4600,13,160,173.500,2026-07-17 19:22:27.718562-05,2026-07-17 19:22:27.718562-05,script,
4601,13,161,513.494,2026-07-17 19:22:27.718562-05,2026-07-17 19:22:27.718562-05,script,
4602,13,162,438.064,2026-07-17 19:22:27.718562-05,2026-07-17 19:22:27.718562-05,script,
4603,13,163,173.337,2026-07-17 19:22:27.718562-05,2026-07-17 19:22:27.718562-05,script,
4604,13,164,177.775,2026-07-17 19:22:27.718562-05,2026-07-17 19:22:27.718562-05,script,
4605,13,165,304.981,2026-07-17 19:22:27.718562-05,2026-07-17 19:22:27.718562-05,script,
4606,13,166,371.534,2026-07-17 19:22:27.718562-05,2026-07-17 19:22:27.718562-05,script,
4607,13,167,411.766,2026-07-17 19:22:27.718562-05,2026-07-17 19:22:27.718562-05,script,
4608,13,168,513.845,2026-07-17 19:22:27.718562-05,2026-07-17 19:22:27.718562-05,script,
4609,13,169,438.471,2026-07-17 19:22:27.718562-05,2026-07-17 19:22:27.718562-05,script,
4610,13,170,393.358,2026-07-17 19:22:27.718562-05,2026-07-17 19:22:27.718562-05,script,
4611,13,171,541.411,2026-07-17 19:22:27.718562-05,2026-07-17 19:22:27.718562-05,script,
4612,13,172,486.861,2026-07-17 19:22:27.718562-05,2026-07-17 19:22:27.718562-05,script,
4613,13,173,277.224,2026-07-17 19:22:27.718562-05,2026-07-17 19:22:27.718562-05,script,
4614,13,174,414.818,2026-07-17 19:22:27.718562-05,2026-07-17 19:22:27.718562-05,script,
4615,13,175,516.258,2026-07-17 19:22:27.718562-05,2026-07-17 19:22:27.718562-05,script,
4616,13,176,485.524,2026-07-17 19:22:27.718562-05,2026-07-17 19:22:27.718562-05,script,
4617,13,177,455.499,2026-07-17 19:22:27.718562-05,2026-07-17 19:22:27.718562-05,script,
4618,13,178,485.306,2026-07-17 19:22:27.718562-05,2026-07-17 19:22:27.718562-05,script,
4619,13,179,455.257,2026-07-17 19:22:27.718562-05,2026-07-17 19:22:27.718562-05,script,
4620,13,180,246.409,2026-07-17 19:22:27.718562-05,2026-07-17 19:22:27.718562-05,script,
4621,13,181,303.377,2026-07-17 19:22:27.718562-05,2026-07-17 19:22:27.718562-05,script,
4622,13,182,507.140,2026-07-17 19:22:27.718562-05,2026-07-17 19:22:27.718562-05,script,
4623,13,183,497.626,2026-07-17 19:22:27.718562-05,2026-07-17 19:22:27.718562-05,script,
4624,13,184,416.499,2026-07-17 19:22:27.718562-05,2026-07-17 19:22:27.718562-05,script,
4625,13,185,511.176,2026-07-17 19:22:27.718562-05,2026-07-17 19:22:27.718562-05,script,
4626,13,186,353.878,2026-07-17 19:22:27.718562-05,2026-07-17 19:22:27.718562-05,script,
4627,13,187,366.727,2026-07-17 19:22:27.718562-05,2026-07-17 19:22:27.718562-05,script,
4628,13,188,337.853,2026-07-17 19:22:27.718562-05,2026-07-17 19:22:27.718562-05,script,
4629,13,189,484.884,2026-07-17 19:22:27.718562-05,2026-07-17 19:22:27.718562-05,script,
4630,13,190,230.988,2026-07-17 19:22:27.718562-05,2026-07-17 19:22:27.718562-05,script,
4631,13,191,385.725,2026-07-17 19:22:27.718562-05,2026-07-17 19:22:27.718562-05,script,
4632,13,192,351.216,2026-07-17 19:22:27.718562-05,2026-07-17 19:22:27.718562-05,script,
4633,13,193,453.188,2026-07-17 19:22:27.718562-05,2026-07-17 19:22:27.718562-05,script,
4634,13,194,414.151,2026-07-17 19:22:27.718562-05,2026-07-17 19:22:27.718562-05,script,
4635,13,195,502.261,2026-07-17 19:22:27.718562-05,2026-07-17 19:22:27.718562-05,script,
4636,13,196,287.043,2026-07-17 19:22:27.718562-05,2026-07-17 19:22:27.718562-05,script,
4637,13,197,497.668,2026-07-17 19:22:27.718562-05,2026-07-17 19:22:27.718562-05,script,
4638,13,198,246.432,2026-07-17 19:22:27.718562-05,2026-07-17 19:22:27.718562-05,script,
4639,13,199,432.013,2026-07-17 19:22:27.718562-05,2026-07-17 19:22:27.718562-05,script,
4640,13,200,218.798,2026-07-17 19:22:27.718562-05,2026-07-17 19:22:27.718562-05,script,
4641,13,201,243.768,2026-07-17 19:22:27.718562-05,2026-07-17 19:22:27.718562-05,script,
4642,13,202,230.249,2026-07-17 19:22:27.718562-05,2026-07-17 19:22:27.718562-05,script,
4643,13,203,201.677,2026-07-17 19:22:27.718562-05,2026-07-17 19:22:27.718562-05,script,
4644,13,204,528.517,2026-07-17 19:22:27.718562-05,2026-07-17 19:22:27.718562-05,script,
4645,13,205,179.782,2026-07-17 19:22:27.718562-05,2026-07-17 19:22:27.718562-05,script,
4646,13,206,242.932,2026-07-17 19:22:27.718562-05,2026-07-17 19:22:27.718562-05,script,
4647,13,207,399.192,2026-07-17 19:22:27.718562-05,2026-07-17 19:22:27.718562-05,script,
4648,13,208,361.162,2026-07-17 19:22:27.718562-05,2026-07-17 19:22:27.718562-05,script,
4649,13,209,304.543,2026-07-17 19:22:27.718562-05,2026-07-17 19:22:27.718562-05,script,
4650,13,210,465.138,2026-07-17 19:22:27.718562-05,2026-07-17 19:22:27.718562-05,script,
4651,13,211,333.715,2026-07-17 19:22:27.718562-05,2026-07-17 19:22:27.718562-05,script,
4652,13,212,507.810,2026-07-17 19:22:27.718562-05,2026-07-17 19:22:27.718562-05,script,
4653,13,213,289.508,2026-07-17 19:22:27.718562-05,2026-07-17 19:22:27.718562-05,script,
4654,13,214,242.639,2026-07-17 19:22:27.718562-05,2026-07-17 19:22:27.718562-05,script,
4655,13,215,415.133,2026-07-17 19:22:27.718562-05,2026-07-17 19:22:27.718562-05,script,
4656,13,216,219.237,2026-07-17 19:22:27.718562-05,2026-07-17 19:22:27.718562-05,script,
4657,13,217,340.862,2026-07-17 19:22:27.718562-05,2026-07-17 19:22:27.718562-05,script,
4658,13,218,303.067,2026-07-17 19:22:27.718562-05,2026-07-17 19:22:27.718562-05,script,
4659,13,219,409.173,2026-07-17 19:22:27.718562-05,2026-07-17 19:22:27.718562-05,script,
4660,13,220,501.457,2026-07-17 19:22:27.718562-05,2026-07-17 19:22:27.718562-05,script,
4661,13,221,520.053,2026-07-17 19:22:27.718562-05,2026-07-17 19:22:27.718562-05,script,
4662,13,222,527.997,2026-07-17 19:22:27.718562-05,2026-07-17 19:22:27.718562-05,script,
4663,13,223,357.844,2026-07-17 19:22:27.718562-05,2026-07-17 19:22:27.718562-05,script,
4664,13,224,447.231,2026-07-17 19:22:27.718562-05,2026-07-17 19:22:27.718562-05,script,
4665,13,225,397.580,2026-07-17 19:22:27.718562-05,2026-07-17 19:22:27.718562-05,script,
4666,13,226,118.399,2026-07-17 19:22:27.718562-05,2026-07-17 19:22:27.718562-05,script,
4667,13,227,139.216,2026-07-17 19:22:27.718562-05,2026-07-17 19:22:27.718562-05,script,
4668,13,228,110.897,2026-07-17 19:22:27.718562-05,2026-07-17 19:22:27.718562-05,script,
4669,13,229,236.642,2026-07-17 19:22:27.718562-05,2026-07-17 19:22:27.718562-05,script,
4670,13,230,191.667,2026-07-17 19:22:27.718562-05,2026-07-17 19:22:27.718562-05,script,
4671,13,231,198.164,2026-07-17 19:22:27.718562-05,2026-07-17 19:22:27.718562-05,script,
4672,13,232,137.056,2026-07-17 19:22:27.718562-05,2026-07-17 19:22:27.718562-05,script,
4673,13,233,155.237,2026-07-17 19:22:27.718562-05,2026-07-17 19:22:27.718562-05,script,
4674,13,234,223.736,2026-07-17 19:22:27.718562-05,2026-07-17 19:22:27.718562-05,script,
4675,13,235,128.687,2026-07-17 19:22:27.718562-05,2026-07-17 19:22:27.718562-05,script,
4676,13,236,212.822,2026-07-17 19:22:27.718562-05,2026-07-17 19:22:27.718562-05,script,
4677,13,237,95.462,2026-07-17 19:22:27.718562-05,2026-07-17 19:22:27.718562-05,script,
4678,13,238,157.550,2026-07-17 19:22:27.718562-05,2026-07-17 19:22:27.718562-05,script,
4679,13,239,94.883,2026-07-17 19:22:27.718562-05,2026-07-17 19:22:27.718562-05,script,
4680,13,240,165.551,2026-07-17 19:22:27.718562-05,2026-07-17 19:22:27.718562-05,script,
4681,13,241,152.672,2026-07-17 19:22:27.718562-05,2026-07-17 19:22:27.718562-05,script,
4682,13,242,146.767,2026-07-17 19:22:27.718562-05,2026-07-17 19:22:27.718562-05,script,
4683,13,243,110.907,2026-07-17 19:22:27.718562-05,2026-07-17 19:22:27.718562-05,script,
4684,13,244,146.178,2026-07-17 19:22:27.718562-05,2026-07-17 19:22:27.718562-05,script,
4685,13,245,149.865,2026-07-17 19:22:27.718562-05,2026-07-17 19:22:27.718562-05,script,
4686,13,246,176.499,2026-07-17 19:22:27.718562-05,2026-07-17 19:22:27.718562-05,script,
4687,13,247,141.728,2026-07-17 19:22:27.718562-05,2026-07-17 19:22:27.718562-05,script,
4688,13,248,156.366,2026-07-17 19:22:27.718562-05,2026-07-17 19:22:27.718562-05,script,
4689,13,249,163.784,2026-07-17 19:22:27.718562-05,2026-07-17 19:22:27.718562-05,script,
4690,13,250,98.353,2026-07-17 19:22:27.718562-05,2026-07-17 19:22:27.718562-05,script,
4691,13,251,145.477,2026-07-17 19:22:27.718562-05,2026-07-17 19:22:27.718562-05,script,
4692,13,252,126.081,2026-07-17 19:22:27.718562-05,2026-07-17 19:22:27.718562-05,script,
4693,13,253,168.885,2026-07-17 19:22:27.718562-05,2026-07-17 19:22:27.718562-05,script,
4694,13,254,134.188,2026-07-17 19:22:27.718562-05,2026-07-17 19:22:27.718562-05,script,
4695,13,255,222.757,2026-07-17 19:22:27.718562-05,2026-07-17 19:22:27.718562-05,script,
4696,13,256,158.911,2026-07-17 19:22:27.718562-05,2026-07-17 19:22:27.718562-05,script,
4697,13,257,223.239,2026-07-17 19:22:27.718562-05,2026-07-17 19:22:27.718562-05,script,
4698,13,258,173.929,2026-07-17 19:22:27.718562-05,2026-07-17 19:22:27.718562-05,script,
4699,13,259,191.572,2026-07-17 19:22:27.718562-05,2026-07-17 19:22:27.718562-05,script,
4700,13,260,172.913,2026-07-17 19:22:27.718562-05,2026-07-17 19:22:27.718562-05,script,
4701,13,261,141.256,2026-07-17 19:22:27.718562-05,2026-07-17 19:22:27.718562-05,script,
4702,13,262,172.489,2026-07-17 19:22:27.718562-05,2026-07-17 19:22:27.718562-05,script,
4703,13,263,92.411,2026-07-17 19:22:27.718562-05,2026-07-17 19:22:27.718562-05,script,
4704,13,264,99.671,2026-07-17 19:22:27.718562-05,2026-07-17 19:22:27.718562-05,script,
4705,13,265,90.579,2026-07-17 19:22:27.718562-05,2026-07-17 19:22:27.718562-05,script,
4706,13,266,167.794,2026-07-17 19:22:27.718562-05,2026-07-17 19:22:27.718562-05,script,
4707,13,267,167.983,2026-07-17 19:22:27.718562-05,2026-07-17 19:22:27.718562-05,script,
4708,13,268,120.855,2026-07-17 19:22:27.718562-05,2026-07-17 19:22:27.718562-05,script,
4709,13,269,208.532,2026-07-17 19:22:27.718562-05,2026-07-17 19:22:27.718562-05,script,
4710,13,270,78.246,2026-07-17 19:22:27.718562-05,2026-07-17 19:22:27.718562-05,script,
4711,13,271,136.007,2026-07-17 19:22:27.718562-05,2026-07-17 19:22:27.718562-05,script,
4712,13,272,220.340,2026-07-17 19:22:27.718562-05,2026-07-17 19:22:27.718562-05,script,
4713,13,273,109.638,2026-07-17 19:22:27.718562-05,2026-07-17 19:22:27.718562-05,script,
4714,13,274,110.871,2026-07-17 19:22:27.718562-05,2026-07-17 19:22:27.718562-05,script,
4715,13,275,174.405,2026-07-17 19:22:27.718562-05,2026-07-17 19:22:27.718562-05,script,
4716,13,276,90.984,2026-07-17 19:22:27.718562-05,2026-07-17 19:22:27.718562-05,script,
4717,13,277,145.502,2026-07-17 19:22:27.718562-05,2026-07-17 19:22:27.718562-05,script,
4718,13,278,102.752,2026-07-17 19:22:27.718562-05,2026-07-17 19:22:27.718562-05,script,
4719,13,279,93.289,2026-07-17 19:22:27.718562-05,2026-07-17 19:22:27.718562-05,script,
4720,13,280,236.493,2026-07-17 19:22:27.718562-05,2026-07-17 19:22:27.718562-05,script,
4721,13,281,10.644,2026-07-17 19:22:27.718562-05,2026-07-17 19:22:27.718562-05,script,
4722,13,282,61.958,2026-07-17 19:22:27.718562-05,2026-07-17 19:22:27.718562-05,script,
4723,13,283,43.010,2026-07-17 19:22:27.718562-05,2026-07-17 19:22:27.718562-05,script,
4724,13,284,53.741,2026-07-17 19:22:27.718562-05,2026-07-17 19:22:27.718562-05,script,
4725,13,285,23.085,2026-07-17 19:22:27.718562-05,2026-07-17 19:22:27.718562-05,script,
4726,13,286,42.230,2026-07-17 19:22:27.718562-05,2026-07-17 19:22:27.718562-05,script,
4727,13,287,32.557,2026-07-17 19:22:27.718562-05,2026-07-17 19:22:27.718562-05,script,
4728,13,288,66.115,2026-07-17 19:22:27.718562-05,2026-07-17 19:22:27.718562-05,script,
4729,13,289,51.685,2026-07-17 19:22:27.718562-05,2026-07-17 19:22:27.718562-05,script,
4730,13,290,78.772,2026-07-17 19:22:27.718562-05,2026-07-17 19:22:27.718562-05,script,
4731,13,291,54.953,2026-07-17 19:22:27.718562-05,2026-07-17 19:22:27.718562-05,script,
4732,13,292,58.853,2026-07-17 19:22:27.718562-05,2026-07-17 19:22:27.718562-05,script,
4733,13,293,66.816,2026-07-17 19:22:27.718562-05,2026-07-17 19:22:27.718562-05,script,
4734,13,294,75.708,2026-07-17 19:22:27.718562-05,2026-07-17 19:22:27.718562-05,script,
4735,13,295,61.927,2026-07-17 19:22:27.718562-05,2026-07-17 19:22:27.718562-05,script,
4736,13,296,37.721,2026-07-17 19:22:27.718562-05,2026-07-17 19:22:27.718562-05,script,
4737,13,297,23.725,2026-07-17 19:22:27.718562-05,2026-07-17 19:22:27.718562-05,script,
4738,13,298,39.436,2026-07-17 19:22:27.718562-05,2026-07-17 19:22:27.718562-05,script,
4739,13,299,45.278,2026-07-17 19:22:27.718562-05,2026-07-17 19:22:27.718562-05,script,
4740,13,300,46.438,2026-07-17 19:22:27.718562-05,2026-07-17 19:22:27.718562-05,script,
4741,13,301,69.251,2026-07-17 19:22:27.718562-05,2026-07-17 19:22:27.718562-05,script,
4742,13,302,16.966,2026-07-17 19:22:27.718562-05,2026-07-17 19:22:27.718562-05,script,
4743,13,303,36.222,2026-07-17 19:22:27.718562-05,2026-07-17 19:22:27.718562-05,script,
4744,13,304,65.129,2026-07-17 19:22:27.718562-05,2026-07-17 19:22:27.718562-05,script,
4745,13,305,68.236,2026-07-17 19:22:27.718562-05,2026-07-17 19:22:27.718562-05,script,
4746,13,306,67.493,2026-07-17 19:22:27.718562-05,2026-07-17 19:22:27.718562-05,script,
4747,13,307,67.767,2026-07-17 19:22:27.718562-05,2026-07-17 19:22:27.718562-05,script,
4748,13,308,24.877,2026-07-17 19:22:27.718562-05,2026-07-17 19:22:27.718562-05,script,
4749,13,309,65.753,2026-07-17 19:22:27.718562-05,2026-07-17 19:22:27.718562-05,script,
4750,13,310,30.146,2026-07-17 19:22:27.718562-05,2026-07-17 19:22:27.718562-05,script,
4751,13,311,38.752,2026-07-17 19:22:27.718562-05,2026-07-17 19:22:27.718562-05,script,
4752,13,312,54.978,2026-07-17 19:22:27.718562-05,2026-07-17 19:22:27.718562-05,script,
4753,13,313,78.660,2026-07-17 19:22:27.718562-05,2026-07-17 19:22:27.718562-05,script,
4754,13,314,64.780,2026-07-17 19:22:27.718562-05,2026-07-17 19:22:27.718562-05,script,
4755,13,315,56.854,2026-07-17 19:22:27.718562-05,2026-07-17 19:22:27.718562-05,script,
4756,13,316,39.224,2026-07-17 19:22:27.718562-05,2026-07-17 19:22:27.718562-05,script,
4757,13,317,10.835,2026-07-17 19:22:27.718562-05,2026-07-17 19:22:27.718562-05,script,
4758,13,318,25.765,2026-07-17 19:22:27.718562-05,2026-07-17 19:22:27.718562-05,script,
4759,13,319,12.407,2026-07-17 19:22:27.718562-05,2026-07-17 19:22:27.718562-05,script,
4760,13,320,12.384,2026-07-17 19:22:27.718562-05,2026-07-17 19:22:27.718562-05,script,
4761,13,321,43.856,2026-07-17 19:22:27.718562-05,2026-07-17 19:22:27.718562-05,script,
4762,13,322,47.667,2026-07-17 19:22:27.718562-05,2026-07-17 19:22:27.718562-05,script,
4763,13,323,43.324,2026-07-17 19:22:27.718562-05,2026-07-17 19:22:27.718562-05,script,
4764,13,324,35.186,2026-07-17 19:22:27.718562-05,2026-07-17 19:22:27.718562-05,script,
4765,13,325,15.933,2026-07-17 19:22:27.718562-05,2026-07-17 19:22:27.718562-05,script,
4766,13,326,17.556,2026-07-17 19:22:27.718562-05,2026-07-17 19:22:27.718562-05,script,
4767,13,327,40.831,2026-07-17 19:22:27.718562-05,2026-07-17 19:22:27.718562-05,script,
4768,13,328,59.503,2026-07-17 19:22:27.718562-05,2026-07-17 19:22:27.718562-05,script,
4769,13,329,68.641,2026-07-17 19:22:27.718562-05,2026-07-17 19:22:27.718562-05,script,
4770,13,330,72.037,2026-07-17 19:22:27.718562-05,2026-07-17 19:22:27.718562-05,script,
4771,13,331,46.335,2026-07-17 19:22:27.718562-05,2026-07-17 19:22:27.718562-05,script,
4772,13,332,37.797,2026-07-17 19:22:27.718562-05,2026-07-17 19:22:27.718562-05,script,
4773,13,333,75.976,2026-07-17 19:22:27.718562-05,2026-07-17 19:22:27.718562-05,script,
4774,13,334,69.349,2026-07-17 19:22:27.718562-05,2026-07-17 19:22:27.718562-05,script,
4775,13,335,12.535,2026-07-17 19:22:27.718562-05,2026-07-17 19:22:27.718562-05,script,
4776,13,336,69.611,2026-07-17 19:22:27.718562-05,2026-07-17 19:22:27.718562-05,script,
4777,13,337,74.503,2026-07-17 19:22:27.718562-05,2026-07-17 19:22:27.718562-05,script,
4778,13,338,10.675,2026-07-17 19:22:27.718562-05,2026-07-17 19:22:27.718562-05,script,
4779,13,339,65.024,2026-07-17 19:22:27.718562-05,2026-07-17 19:22:27.718562-05,script,
4780,13,340,55.213,2026-07-17 19:22:27.718562-05,2026-07-17 19:22:27.718562-05,script,
4781,13,341,30.128,2026-07-17 19:22:27.718562-05,2026-07-17 19:22:27.718562-05,script,
4782,13,342,59.997,2026-07-17 19:22:27.718562-05,2026-07-17 19:22:27.718562-05,script,
4783,13,343,47.862,2026-07-17 19:22:27.718562-05,2026-07-17 19:22:27.718562-05,script,
4784,13,344,63.844,2026-07-17 19:22:27.718562-05,2026-07-17 19:22:27.718562-05,script,
4785,13,345,26.292,2026-07-17 19:22:27.718562-05,2026-07-17 19:22:27.718562-05,script,
4786,13,346,71.115,2026-07-17 19:22:27.718562-05,2026-07-17 19:22:27.718562-05,script,
4787,13,347,48.107,2026-07-17 19:22:27.718562-05,2026-07-17 19:22:27.718562-05,script,
4788,13,348,64.628,2026-07-17 19:22:27.718562-05,2026-07-17 19:22:27.718562-05,script,
4789,13,349,72.682,2026-07-17 19:22:27.718562-05,2026-07-17 19:22:27.718562-05,script,
4790,13,350,75.321,2026-07-17 19:22:27.718562-05,2026-07-17 19:22:27.718562-05,script,
4791,13,351,30.361,2026-07-17 19:22:27.718562-05,2026-07-17 19:22:27.718562-05,script,
4792,13,352,79.850,2026-07-17 19:22:27.718562-05,2026-07-17 19:22:27.718562-05,script,
4793,13,353,46.688,2026-07-17 19:22:27.718562-05,2026-07-17 19:22:27.718562-05,script,
4794,13,354,72.121,2026-07-17 19:22:27.718562-05,2026-07-17 19:22:27.718562-05,script,
4795,13,355,30.076,2026-07-17 19:22:27.718562-05,2026-07-17 19:22:27.718562-05,script,
4796,13,356,43.867,2026-07-17 19:22:27.718562-05,2026-07-17 19:22:27.718562-05,script,
4797,13,357,39.252,2026-07-17 19:22:27.718562-05,2026-07-17 19:22:27.718562-05,script,
4798,13,358,18.384,2026-07-17 19:22:27.718562-05,2026-07-17 19:22:27.718562-05,script,
4799,13,359,30.342,2026-07-17 19:22:27.718562-05,2026-07-17 19:22:27.718562-05,script,
4800,13,360,38.960,2026-07-17 19:22:27.718562-05,2026-07-17 19:22:27.718562-05,script,
4801,13,361,67.425,2026-07-17 19:22:27.718562-05,2026-07-17 19:22:27.718562-05,script,
4802,13,362,63.179,2026-07-17 19:22:27.718562-05,2026-07-17 19:22:27.718562-05,script,
4803,13,363,32.322,2026-07-17 19:22:27.718562-05,2026-07-17 19:22:27.718562-05,script,
4804,13,364,55.811,2026-07-17 19:22:27.718562-05,2026-07-17 19:22:27.718562-05,script,
4805,13,365,42.201,2026-07-17 19:22:27.718562-05,2026-07-17 19:22:27.718562-05,script,
4806,13,366,51.875,2026-07-17 19:22:27.718562-05,2026-07-17 19:22:27.718562-05,script,
4807,13,367,24.097,2026-07-17 19:22:27.718562-05,2026-07-17 19:22:27.718562-05,script,
4808,13,368,48.965,2026-07-17 19:22:27.718562-05,2026-07-17 19:22:27.718562-05,script,
4809,13,369,21.371,2026-07-17 19:22:27.718562-05,2026-07-17 19:22:27.718562-05,script,
4810,13,370,50.531,2026-07-17 19:22:27.718562-05,2026-07-17 19:22:27.718562-05,script,
